image_id,path,label,lesion_id,group,split
ISIC_0000000,/kaggle/input/datasets/nodoubttome/skin-cancer9-classesisic/Skin cancer ISIC The International Skin Imaging Collaboration/Test/nevus/ISIC_0000000.jpg,NV,,image:ISIC_0000000,train
ISIC_0000006,/kaggle/input/datasets/nodoubttome/skin-cancer9-classesisic/Skin cancer ISIC The International Skin Imaging Collaboration/Test/nevus/ISIC_0000006.jpg,NV,,image:ISIC_0000006,train
ISIC_0000007,/kaggle/input/datasets/nodoubttome/skin-cancer9-classesisic/Skin cancer ISIC The International Skin Imaging Collaboration/Test/nevus/ISIC_0000007.jpg,NV,,image:ISIC_0000007,train
ISIC_0000009,/kaggle/input/datasets/nodoubttome/skin-cancer9-classesisic/Skin cancer ISIC The International Skin Imaging Collaboration/Test/nevus/ISIC_0000009.jpg,NV,,image:ISIC_0000009,train
ISIC_0000011,/kaggle/input/datasets/nodoubttome/skin-cancer9-classesisic/Skin cancer ISIC The International Skin Imaging Collaboration/Test/nevus/ISIC_0000011.jpg,NV,,image:ISIC_0000011,train
ISIC_0000014,/kaggle/input/datasets/nodoubttome/skin-cancer9-classesisic/Skin cancer ISIC The International Skin Imaging Collaboration/Test/nevus/ISIC_0000014.jpg,NV,,image:ISIC_0000014,train
ISIC_0000067,/kaggle/input/datasets/nodoubttome/skin-cancer9-classesisic/Skin cancer ISIC The International Skin Imaging Collaboration/Train/nevus/ISIC_0000067.jpg,NV,,image:ISIC_0000067,train
ISIC_0000073,/kaggle/input/datasets/nodoubttome/skin-cancer9-classesisic/Skin cancer ISIC The International Skin Imaging Collaboration/Train/nevus/ISIC_0000073.jpg,NV,,image:ISIC_0000073,train
ISIC_0000157,/kaggle/input/datasets/nodoubttome/skin-cancer9-classesisic/Skin cancer ISIC The International Skin Imaging Collaboration/Train/melanoma/ISIC_0000157.jpg,MEL,,image:ISIC_0000157,train
ISIC_0000159,/kaggle/input/datasets/nodoubttome/skin-cancer9-classesisic/Skin cancer ISIC The International Skin Imaging Collaboration/Train/melanoma/ISIC_0000159.jpg,MEL,,image:ISIC_0000159,train
ISIC_0000160,/kaggle/input/datasets/nodoubttome/skin-cancer9-classesisic/Skin cancer ISIC The International Skin Imaging Collaboration/Train/melanoma/ISIC_0000160.jpg,MEL,,image:ISIC_0000160,train
ISIC_0000162,/kaggle/input/datasets/nodoubttome/skin-cancer9-classesisic/Skin cancer ISIC The International Skin Imaging Collaboration/Train/melanoma/ISIC_0000162.jpg,MEL,,image:ISIC_0000162,train
ISIC_0000164,/kaggle/input/datasets/nodoubttome/skin-cancer9-classesisic/Skin cancer ISIC The International Skin Imaging Collaboration/Train/melanoma/ISIC_0000164.jpg,MEL,,image:ISIC_0000164,train
ISIC_0000166,/kaggle/input/datasets/nodoubttome/skin-cancer9-classesisic/Skin cancer ISIC The International Skin Imaging Collaboration/Train/melanoma/ISIC_0000166.jpg,MEL,,image:ISIC_0000166,train
ISIC_0000167,/kaggle/input/datasets/nodoubttome/skin-cancer9-classesisic/Skin cancer ISIC The International Skin Imaging Collaboration/Train/melanoma/ISIC_0000167.jpg,MEL,,image:ISIC_0000167,train
ISIC_0000169,/kaggle/input/datasets/nodoubttome/skin-cancer9-classesisic/Skin cancer ISIC The International Skin Imaging Collaboration/Train/melanoma/ISIC_0000169.jpg,MEL,,image:ISIC_0000169,train
ISIC_0000171,/kaggle/input/datasets/nodoubttome/skin-cancer9-classesisic/Skin cancer ISIC The International Skin Imaging Collaboration/Train/melanoma/ISIC_0000171.jpg,MEL,,image:ISIC_0000171,train
ISIC_0000172,/kaggle/input/datasets/nodoubttome/skin-cancer9-classesisic/Skin cancer ISIC The International Skin Imaging Collaboration/Train/melanoma/ISIC_0000172.jpg,MEL,,image:ISIC_0000172,train
ISIC_0000175,/kaggle/input/datasets/nodoubttome/skin-cancer9-classesisic/Skin cancer ISIC The International Skin Imaging Collaboration/Train/melanoma/ISIC_0000175.jpg,MEL,,image:ISIC_0000175,train
ISIC_0000219,/kaggle/input/datasets/nodoubttome/skin-cancer9-classesisic/Skin cancer ISIC The International Skin Imaging Collaboration/Train/nevus/ISIC_0000219.jpg,NV,,image:ISIC_0000219,train
ISIC_0000220,/kaggle/input/datasets/nodoubttome/skin-cancer9-classesisic/Skin cancer ISIC The International Skin Imaging Collaboration/Train/nevus/ISIC_0000220.jpg,NV,,image:ISIC_0000220,train
ISIC_0000221,/kaggle/input/datasets/nodoubttome/skin-cancer9-classesisic/Skin cancer ISIC The International Skin Imaging Collaboration/Train/nevus/ISIC_0000221.jpg,NV,,image:ISIC_0000221,train
ISIC_0000223,/kaggle/input/datasets/nodoubttome/skin-cancer9-classesisic/Skin cancer ISIC The International Skin Imaging Collaboration/Train/nevus/ISIC_0000223.jpg,NV,,image:ISIC_0000223,train
ISIC_0000225,/kaggle/input/datasets/nodoubttome/skin-cancer9-classesisic/Skin cancer ISIC The International Skin Imaging Collaboration/Train/nevus/ISIC_0000225.jpg,NV,,image:ISIC_0000225,train
ISIC_0000226,/kaggle/input/datasets/nodoubttome/skin-cancer9-classesisic/Skin cancer ISIC The International Skin Imaging Collaboration/Train/nevus/ISIC_0000226.jpg,NV,,image:ISIC_0000226,train
ISIC_0000228,/kaggle/input/datasets/nodoubttome/skin-cancer9-classesisic/Skin cancer ISIC The International Skin Imaging Collaboration/Train/nevus/ISIC_0000228.jpg,NV,,image:ISIC_0000228,train
ISIC_0000230,/kaggle/input/datasets/nodoubttome/skin-cancer9-classesisic/Skin cancer ISIC The International Skin Imaging Collaboration/Train/nevus/ISIC_0000230.jpg,NV,,image:ISIC_0000230,train
ISIC_0000231,/kaggle/input/datasets/nodoubttome/skin-cancer9-classesisic/Skin cancer ISIC The International Skin Imaging Collaboration/Train/nevus/ISIC_0000231.jpg,NV,,image:ISIC_0000231,train
ISIC_0000232,/kaggle/input/datasets/nodoubttome/skin-cancer9-classesisic/Skin cancer ISIC The International Skin Imaging Collaboration/Train/nevus/ISIC_0000232.jpg,NV,,image:ISIC_0000232,train
ISIC_0000233,/kaggle/input/datasets/nodoubttome/skin-cancer9-classesisic/Skin cancer ISIC The International Skin Imaging Collaboration/Train/nevus/ISIC_0000233.jpg,NV,,image:ISIC_0000233,train
ISIC_0000234,/kaggle/input/datasets/nodoubttome/skin-cancer9-classesisic/Skin cancer ISIC The International Skin Imaging Collaboration/Train/nevus/ISIC_0000234.jpg,NV,,image:ISIC_0000234,train
ISIC_0000237,/kaggle/input/datasets/nodoubttome/skin-cancer9-classesisic/Skin cancer ISIC The International Skin Imaging Collaboration/Train/nevus/ISIC_0000237.jpg,NV,,image:ISIC_0000237,train
ISIC_0000240,/kaggle/input/datasets/nodoubttome/skin-cancer9-classesisic/Skin cancer ISIC The International Skin Imaging Collaboration/Train/nevus/ISIC_0000240.jpg,NV,,image:ISIC_0000240,train
ISIC_0000245,/kaggle/input/datasets/nodoubttome/skin-cancer9-classesisic/Skin cancer ISIC The International Skin Imaging Collaboration/Train/nevus/ISIC_0000245.jpg,NV,,image:ISIC_0000245,train
ISIC_0000246,/kaggle/input/datasets/nodoubttome/skin-cancer9-classesisic/Skin cancer ISIC The International Skin Imaging Collaboration/Train/nevus/ISIC_0000246.jpg,NV,,image:ISIC_0000246,train
ISIC_0000250,/kaggle/input/datasets/nodoubttome/skin-cancer9-classesisic/Skin cancer ISIC The International Skin Imaging Collaboration/Train/nevus/ISIC_0000250.jpg,NV,,image:ISIC_0000250,train
ISIC_0000256,/kaggle/input/datasets/nodoubttome/skin-cancer9-classesisic/Skin cancer ISIC The International Skin Imaging Collaboration/Train/nevus/ISIC_0000256.jpg,NV,,image:ISIC_0000256,train
ISIC_0000258,/kaggle/input/datasets/nodoubttome/skin-cancer9-classesisic/Skin cancer ISIC The International Skin Imaging Collaboration/Train/nevus/ISIC_0000258.jpg,NV,,image:ISIC_0000258,train
ISIC_0000260,/kaggle/input/datasets/nodoubttome/skin-cancer9-classesisic/Skin cancer ISIC The International Skin Imaging Collaboration/Train/nevus/ISIC_0000260.jpg,NV,,image:ISIC_0000260,train
ISIC_0000261,/kaggle/input/datasets/nodoubttome/skin-cancer9-classesisic/Skin cancer ISIC The International Skin Imaging Collaboration/Train/nevus/ISIC_0000261.jpg,NV,,image:ISIC_0000261,train
ISIC_0000264,/kaggle/input/datasets/nodoubttome/skin-cancer9-classesisic/Skin cancer ISIC The International Skin Imaging Collaboration/Train/nevus/ISIC_0000264.jpg,NV,,image:ISIC_0000264,train
ISIC_0000265,/kaggle/input/datasets/nodoubttome/skin-cancer9-classesisic/Skin cancer ISIC The International Skin Imaging Collaboration/Train/nevus/ISIC_0000265.jpg,NV,,image:ISIC_0000265,train
ISIC_0000279,/kaggle/input/datasets/nodoubttome/skin-cancer9-classesisic/Skin cancer ISIC The International Skin Imaging Collaboration/Train/melanoma/ISIC_0000279.jpg,MEL,,image:ISIC_0000279,train
ISIC_0000285,/kaggle/input/datasets/nodoubttome/skin-cancer9-classesisic/Skin cancer ISIC The International Skin Imaging Collaboration/Train/melanoma/ISIC_0000285.jpg,MEL,,image:ISIC_0000285,train
ISIC_0000288,/kaggle/input/datasets/nodoubttome/skin-cancer9-classesisic/Skin cancer ISIC The International Skin Imaging Collaboration/Train/melanoma/ISIC_0000288.jpg,MEL,,image:ISIC_0000288,train
ISIC_0000289,/kaggle/input/datasets/nodoubttome/skin-cancer9-classesisic/Skin cancer ISIC The International Skin Imaging Collaboration/Train/melanoma/ISIC_0000289.jpg,MEL,,image:ISIC_0000289,train
ISIC_0000293,/kaggle/input/datasets/nodoubttome/skin-cancer9-classesisic/Skin cancer ISIC The International Skin Imaging Collaboration/Train/melanoma/ISIC_0000293.jpg,MEL,,image:ISIC_0000293,train
ISIC_0000294,/kaggle/input/datasets/nodoubttome/skin-cancer9-classesisic/Skin cancer ISIC The International Skin Imaging Collaboration/Train/melanoma/ISIC_0000294.jpg,MEL,,image:ISIC_0000294,train
ISIC_0000295,/kaggle/input/datasets/nodoubttome/skin-cancer9-classesisic/Skin cancer ISIC The International Skin Imaging Collaboration/Train/melanoma/ISIC_0000295.jpg,MEL,,image:ISIC_0000295,train
ISIC_0000299,/kaggle/input/datasets/nodoubttome/skin-cancer9-classesisic/Skin cancer ISIC The International Skin Imaging Collaboration/Train/melanoma/ISIC_0000299.jpg,MEL,,image:ISIC_0000299,train
ISIC_0000300,/kaggle/input/datasets/nodoubttome/skin-cancer9-classesisic/Skin cancer ISIC The International Skin Imaging Collaboration/Train/melanoma/ISIC_0000300.jpg,MEL,,image:ISIC_0000300,train
ISIC_0000301,/kaggle/input/datasets/nodoubttome/skin-cancer9-classesisic/Skin cancer ISIC The International Skin Imaging Collaboration/Train/melanoma/ISIC_0000301.jpg,MEL,,image:ISIC_0000301,train
ISIC_0000303,/kaggle/input/datasets/nodoubttome/skin-cancer9-classesisic/Skin cancer ISIC The International Skin Imaging Collaboration/Train/melanoma/ISIC_0000303.jpg,MEL,,image:ISIC_0000303,train
ISIC_0000306,/kaggle/input/datasets/nodoubttome/skin-cancer9-classesisic/Skin cancer ISIC The International Skin Imaging Collaboration/Train/melanoma/ISIC_0000306.jpg,MEL,,image:ISIC_0000306,train
ISIC_0000311,/kaggle/input/datasets/nodoubttome/skin-cancer9-classesisic/Skin cancer ISIC The International Skin Imaging Collaboration/Train/melanoma/ISIC_0000311.jpg,MEL,,image:ISIC_0000311,train
ISIC_0000313,/kaggle/input/datasets/nodoubttome/skin-cancer9-classesisic/Skin cancer ISIC The International Skin Imaging Collaboration/Train/melanoma/ISIC_0000313.jpg,MEL,,image:ISIC_0000313,train
ISIC_0000315,/kaggle/input/datasets/nodoubttome/skin-cancer9-classesisic/Skin cancer ISIC The International Skin Imaging Collaboration/Train/nevus/ISIC_0000315.jpg,NV,,image:ISIC_0000315,train
ISIC_0000317,/kaggle/input/datasets/nodoubttome/skin-cancer9-classesisic/Skin cancer ISIC The International Skin Imaging Collaboration/Train/nevus/ISIC_0000317.jpg,NV,,image:ISIC_0000317,train
ISIC_0000319,/kaggle/input/datasets/nodoubttome/skin-cancer9-classesisic/Skin cancer ISIC The International Skin Imaging Collaboration/Train/nevus/ISIC_0000319.jpg,NV,,image:ISIC_0000319,train
ISIC_0000320,/kaggle/input/datasets/nodoubttome/skin-cancer9-classesisic/Skin cancer ISIC The International Skin Imaging Collaboration/Train/nevus/ISIC_0000320.jpg,NV,,image:ISIC_0000320,train
ISIC_0000321,/kaggle/input/datasets/nodoubttome/skin-cancer9-classesisic/Skin cancer ISIC The International Skin Imaging Collaboration/Train/nevus/ISIC_0000321.jpg,NV,,image:ISIC_0000321,train
ISIC_0000322,/kaggle/input/datasets/nodoubttome/skin-cancer9-classesisic/Skin cancer ISIC The International Skin Imaging Collaboration/Train/nevus/ISIC_0000322.jpg,NV,,image:ISIC_0000322,train
ISIC_0000325,/kaggle/input/datasets/nodoubttome/skin-cancer9-classesisic/Skin cancer ISIC The International Skin Imaging Collaboration/Train/nevus/ISIC_0000325.jpg,NV,,image:ISIC_0000325,train
ISIC_0000326,/kaggle/input/datasets/nodoubttome/skin-cancer9-classesisic/Skin cancer ISIC The International Skin Imaging Collaboration/Train/nevus/ISIC_0000326.jpg,NV,,image:ISIC_0000326,train
ISIC_0000328,/kaggle/input/datasets/nodoubttome/skin-cancer9-classesisic/Skin cancer ISIC The International Skin Imaging Collaboration/Train/nevus/ISIC_0000328.jpg,NV,,image:ISIC_0000328,train
ISIC_0000329,/kaggle/input/datasets/nodoubttome/skin-cancer9-classesisic/Skin cancer ISIC The International Skin Imaging Collaboration/Train/nevus/ISIC_0000329.jpg,NV,,image:ISIC_0000329,train
ISIC_0000332,/kaggle/input/datasets/nodoubttome/skin-cancer9-classesisic/Skin cancer ISIC The International Skin Imaging Collaboration/Train/nevus/ISIC_0000332.jpg,NV,,image:ISIC_0000332,train
ISIC_0000337,/kaggle/input/datasets/nodoubttome/skin-cancer9-classesisic/Skin cancer ISIC The International Skin Imaging Collaboration/Train/nevus/ISIC_0000337.jpg,NV,,image:ISIC_0000337,train
ISIC_0000339,/kaggle/input/datasets/nodoubttome/skin-cancer9-classesisic/Skin cancer ISIC The International Skin Imaging Collaboration/Train/nevus/ISIC_0000339.jpg,NV,,image:ISIC_0000339,train
ISIC_0000340,/kaggle/input/datasets/nodoubttome/skin-cancer9-classesisic/Skin cancer ISIC The International Skin Imaging Collaboration/Train/nevus/ISIC_0000340.jpg,NV,,image:ISIC_0000340,train
ISIC_0000344,/kaggle/input/datasets/nodoubttome/skin-cancer9-classesisic/Skin cancer ISIC The International Skin Imaging Collaboration/Train/nevus/ISIC_0000344.jpg,NV,,image:ISIC_0000344,train
ISIC_0000345,/kaggle/input/datasets/nodoubttome/skin-cancer9-classesisic/Skin cancer ISIC The International Skin Imaging Collaboration/Train/nevus/ISIC_0000345.jpg,NV,,image:ISIC_0000345,train
ISIC_0000347,/kaggle/input/datasets/nodoubttome/skin-cancer9-classesisic/Skin cancer ISIC The International Skin Imaging Collaboration/Train/nevus/ISIC_0000347.jpg,NV,,image:ISIC_0000347,train
ISIC_0000349,/kaggle/input/datasets/nodoubttome/skin-cancer9-classesisic/Skin cancer ISIC The International Skin Imaging Collaboration/Train/nevus/ISIC_0000349.jpg,NV,,image:ISIC_0000349,train
ISIC_0000351,/kaggle/input/datasets/nodoubttome/skin-cancer9-classesisic/Skin cancer ISIC The International Skin Imaging Collaboration/Train/nevus/ISIC_0000351.jpg,NV,,image:ISIC_0000351,train
ISIC_0000354,/kaggle/input/datasets/nodoubttome/skin-cancer9-classesisic/Skin cancer ISIC The International Skin Imaging Collaboration/Train/nevus/ISIC_0000354.jpg,NV,,image:ISIC_0000354,train
ISIC_0000355,/kaggle/input/datasets/nodoubttome/skin-cancer9-classesisic/Skin cancer ISIC The International Skin Imaging Collaboration/Train/nevus/ISIC_0000355.jpg,NV,,image:ISIC_0000355,train
ISIC_0000357,/kaggle/input/datasets/nodoubttome/skin-cancer9-classesisic/Skin cancer ISIC The International Skin Imaging Collaboration/Train/nevus/ISIC_0000357.jpg,NV,,image:ISIC_0000357,train
ISIC_0000358,/kaggle/input/datasets/nodoubttome/skin-cancer9-classesisic/Skin cancer ISIC The International Skin Imaging Collaboration/Train/nevus/ISIC_0000358.jpg,NV,,image:ISIC_0000358,train
ISIC_0000359,/kaggle/input/datasets/nodoubttome/skin-cancer9-classesisic/Skin cancer ISIC The International Skin Imaging Collaboration/Train/nevus/ISIC_0000359.jpg,NV,,image:ISIC_0000359,train
ISIC_0000360,/kaggle/input/datasets/nodoubttome/skin-cancer9-classesisic/Skin cancer ISIC The International Skin Imaging Collaboration/Train/nevus/ISIC_0000360.jpg,NV,,image:ISIC_0000360,train
ISIC_0000365,/kaggle/input/datasets/nodoubttome/skin-cancer9-classesisic/Skin cancer ISIC The International Skin Imaging Collaboration/Train/nevus/ISIC_0000365.jpg,NV,,image:ISIC_0000365,train
ISIC_0000366,/kaggle/input/datasets/nodoubttome/skin-cancer9-classesisic/Skin cancer ISIC The International Skin Imaging Collaboration/Train/nevus/ISIC_0000366.jpg,NV,,image:ISIC_0000366,train
ISIC_0000367,/kaggle/input/datasets/nodoubttome/skin-cancer9-classesisic/Skin cancer ISIC The International Skin Imaging Collaboration/Train/nevus/ISIC_0000367.jpg,NV,,image:ISIC_0000367,train
ISIC_0000368,/kaggle/input/datasets/nodoubttome/skin-cancer9-classesisic/Skin cancer ISIC The International Skin Imaging Collaboration/Train/nevus/ISIC_0000368.jpg,NV,,image:ISIC_0000368,train
ISIC_0000370,/kaggle/input/datasets/nodoubttome/skin-cancer9-classesisic/Skin cancer ISIC The International Skin Imaging Collaboration/Train/nevus/ISIC_0000370.jpg,NV,,image:ISIC_0000370,train
ISIC_0000371,/kaggle/input/datasets/nodoubttome/skin-cancer9-classesisic/Skin cancer ISIC The International Skin Imaging Collaboration/Train/nevus/ISIC_0000371.jpg,NV,,image:ISIC_0000371,train
ISIC_0000458,/kaggle/input/datasets/nodoubttome/skin-cancer9-classesisic/Skin cancer ISIC The International Skin Imaging Collaboration/Train/nevus/ISIC_0000458.jpg,NV,,image:ISIC_0000458,train
ISIC_0000460,/kaggle/input/datasets/nodoubttome/skin-cancer9-classesisic/Skin cancer ISIC The International Skin Imaging Collaboration/Train/nevus/ISIC_0000460.jpg,NV,,image:ISIC_0000460,train
ISIC_0000461,/kaggle/input/datasets/nodoubttome/skin-cancer9-classesisic/Skin cancer ISIC The International Skin Imaging Collaboration/Train/nevus/ISIC_0000461.jpg,NV,,image:ISIC_0000461,train
ISIC_0000466,/kaggle/input/datasets/nodoubttome/skin-cancer9-classesisic/Skin cancer ISIC The International Skin Imaging Collaboration/Train/melanoma/ISIC_0000466.jpg,MEL,,image:ISIC_0000466,train
ISIC_0000467,/kaggle/input/datasets/nodoubttome/skin-cancer9-classesisic/Skin cancer ISIC The International Skin Imaging Collaboration/Train/nevus/ISIC_0000467.jpg,NV,,image:ISIC_0000467,train
ISIC_0000469,/kaggle/input/datasets/nodoubttome/skin-cancer9-classesisic/Skin cancer ISIC The International Skin Imaging Collaboration/Train/melanoma/ISIC_0000469.jpg,MEL,,image:ISIC_0000469,train
ISIC_0000470,/kaggle/input/datasets/nodoubttome/skin-cancer9-classesisic/Skin cancer ISIC The International Skin Imaging Collaboration/Train/nevus/ISIC_0000470.jpg,NV,,image:ISIC_0000470,train
ISIC_0000474,/kaggle/input/datasets/nodoubttome/skin-cancer9-classesisic/Skin cancer ISIC The International Skin Imaging Collaboration/Train/nevus/ISIC_0000474.jpg,NV,,image:ISIC_0000474,train
ISIC_0000475,/kaggle/input/datasets/nodoubttome/skin-cancer9-classesisic/Skin cancer ISIC The International Skin Imaging Collaboration/Train/nevus/ISIC_0000475.jpg,NV,,image:ISIC_0000475,train
ISIC_0000476,/kaggle/input/datasets/nodoubttome/skin-cancer9-classesisic/Skin cancer ISIC The International Skin Imaging Collaboration/Train/nevus/ISIC_0000476.jpg,NV,,image:ISIC_0000476,train
ISIC_0000477,/kaggle/input/datasets/nodoubttome/skin-cancer9-classesisic/Skin cancer ISIC The International Skin Imaging Collaboration/Train/nevus/ISIC_0000477.jpg,NV,,image:ISIC_0000477,train
ISIC_0000480,/kaggle/input/datasets/nodoubttome/skin-cancer9-classesisic/Skin cancer ISIC The International Skin Imaging Collaboration/Train/nevus/ISIC_0000480.jpg,NV,,image:ISIC_0000480,train
ISIC_0000481,/kaggle/input/datasets/nodoubttome/skin-cancer9-classesisic/Skin cancer ISIC The International Skin Imaging Collaboration/Train/nevus/ISIC_0000481.jpg,NV,,image:ISIC_0000481,train
ISIC_0000482,/kaggle/input/datasets/nodoubttome/skin-cancer9-classesisic/Skin cancer ISIC The International Skin Imaging Collaboration/Train/melanoma/ISIC_0000482.jpg,MEL,,image:ISIC_0000482,train
ISIC_0000483,/kaggle/input/datasets/nodoubttome/skin-cancer9-classesisic/Skin cancer ISIC The International Skin Imaging Collaboration/Train/nevus/ISIC_0000483.jpg,NV,,image:ISIC_0000483,train
ISIC_0000485,/kaggle/input/datasets/nodoubttome/skin-cancer9-classesisic/Skin cancer ISIC The International Skin Imaging Collaboration/Train/nevus/ISIC_0000485.jpg,NV,,image:ISIC_0000485,train
ISIC_0000488,/kaggle/input/datasets/nodoubttome/skin-cancer9-classesisic/Skin cancer ISIC The International Skin Imaging Collaboration/Train/nevus/ISIC_0000488.jpg,NV,,image:ISIC_0000488,train
ISIC_0000491,/kaggle/input/datasets/nodoubttome/skin-cancer9-classesisic/Skin cancer ISIC The International Skin Imaging Collaboration/Train/nevus/ISIC_0000491.jpg,NV,,image:ISIC_0000491,train
ISIC_0000493,/kaggle/input/datasets/nodoubttome/skin-cancer9-classesisic/Skin cancer ISIC The International Skin Imaging Collaboration/Train/nevus/ISIC_0000493.jpg,NV,,image:ISIC_0000493,train
ISIC_0000494,/kaggle/input/datasets/nodoubttome/skin-cancer9-classesisic/Skin cancer ISIC The International Skin Imaging Collaboration/Train/nevus/ISIC_0000494.jpg,NV,,image:ISIC_0000494,train
ISIC_0000496,/kaggle/input/datasets/nodoubttome/skin-cancer9-classesisic/Skin cancer ISIC The International Skin Imaging Collaboration/Train/nevus/ISIC_0000496.jpg,NV,,image:ISIC_0000496,train
ISIC_0000499,/kaggle/input/datasets/nodoubttome/skin-cancer9-classesisic/Skin cancer ISIC The International Skin Imaging Collaboration/Train/nevus/ISIC_0000499.jpg,NV,,image:ISIC_0000499,train
ISIC_0000500,/kaggle/input/datasets/nodoubttome/skin-cancer9-classesisic/Skin cancer ISIC The International Skin Imaging Collaboration/Train/nevus/ISIC_0000500.jpg,NV,,image:ISIC_0000500,train
ISIC_0000501,/kaggle/input/datasets/nodoubttome/skin-cancer9-classesisic/Skin cancer ISIC The International Skin Imaging Collaboration/Train/nevus/ISIC_0000501.jpg,NV,,image:ISIC_0000501,train
ISIC_0000505,/kaggle/input/datasets/nodoubttome/skin-cancer9-classesisic/Skin cancer ISIC The International Skin Imaging Collaboration/Train/nevus/ISIC_0000505.jpg,NV,,image:ISIC_0000505,train
ISIC_0000507,/kaggle/input/datasets/nodoubttome/skin-cancer9-classesisic/Skin cancer ISIC The International Skin Imaging Collaboration/Train/nevus/ISIC_0000507.jpg,NV,,image:ISIC_0000507,train
ISIC_0000508,/kaggle/input/datasets/nodoubttome/skin-cancer9-classesisic/Skin cancer ISIC The International Skin Imaging Collaboration/Train/nevus/ISIC_0000508.jpg,NV,,image:ISIC_0000508,train
ISIC_0000510,/kaggle/input/datasets/nodoubttome/skin-cancer9-classesisic/Skin cancer ISIC The International Skin Imaging Collaboration/Train/nevus/ISIC_0000510.jpg,NV,,image:ISIC_0000510,train
ISIC_0000513,/kaggle/input/datasets/nodoubttome/skin-cancer9-classesisic/Skin cancer ISIC The International Skin Imaging Collaboration/Train/melanoma/ISIC_0000513.jpg,MEL,,image:ISIC_0000513,train
ISIC_0000514,/kaggle/input/datasets/nodoubttome/skin-cancer9-classesisic/Skin cancer ISIC The International Skin Imaging Collaboration/Train/nevus/ISIC_0000514.jpg,NV,,image:ISIC_0000514,train
ISIC_0000516,/kaggle/input/datasets/nodoubttome/skin-cancer9-classesisic/Skin cancer ISIC The International Skin Imaging Collaboration/Train/melanoma/ISIC_0000516.jpg,MEL,,image:ISIC_0000516,train
ISIC_0000517,/kaggle/input/datasets/nodoubttome/skin-cancer9-classesisic/Skin cancer ISIC The International Skin Imaging Collaboration/Train/melanoma/ISIC_0000517.jpg,MEL,,image:ISIC_0000517,train
ISIC_0000522,/kaggle/input/datasets/nodoubttome/skin-cancer9-classesisic/Skin cancer ISIC The International Skin Imaging Collaboration/Train/melanoma/ISIC_0000522.jpg,MEL,,image:ISIC_0000522,train
ISIC_0000525,/kaggle/input/datasets/nodoubttome/skin-cancer9-classesisic/Skin cancer ISIC The International Skin Imaging Collaboration/Train/nevus/ISIC_0000525.jpg,NV,,image:ISIC_0000525,train
ISIC_0000527,/kaggle/input/datasets/nodoubttome/skin-cancer9-classesisic/Skin cancer ISIC The International Skin Imaging Collaboration/Train/nevus/ISIC_0000527.jpg,NV,,image:ISIC_0000527,train
ISIC_0000528,/kaggle/input/datasets/nodoubttome/skin-cancer9-classesisic/Skin cancer ISIC The International Skin Imaging Collaboration/Train/nevus/ISIC_0000528.jpg,NV,,image:ISIC_0000528,train
ISIC_0000532,/kaggle/input/datasets/nodoubttome/skin-cancer9-classesisic/Skin cancer ISIC The International Skin Imaging Collaboration/Train/nevus/ISIC_0000532.jpg,NV,,image:ISIC_0000532,train
ISIC_0000533,/kaggle/input/datasets/nodoubttome/skin-cancer9-classesisic/Skin cancer ISIC The International Skin Imaging Collaboration/Train/melanoma/ISIC_0000533.jpg,MEL,,image:ISIC_0000533,train
ISIC_0000535,/kaggle/input/datasets/nodoubttome/skin-cancer9-classesisic/Skin cancer ISIC The International Skin Imaging Collaboration/Train/nevus/ISIC_0000535.jpg,NV,,image:ISIC_0000535,train
ISIC_0000536,/kaggle/input/datasets/nodoubttome/skin-cancer9-classesisic/Skin cancer ISIC The International Skin Imaging Collaboration/Train/nevus/ISIC_0000536.jpg,NV,,image:ISIC_0000536,train
ISIC_0000539,/kaggle/input/datasets/nodoubttome/skin-cancer9-classesisic/Skin cancer ISIC The International Skin Imaging Collaboration/Train/nevus/ISIC_0000539.jpg,NV,,image:ISIC_0000539,train
ISIC_0000542,/kaggle/input/datasets/nodoubttome/skin-cancer9-classesisic/Skin cancer ISIC The International Skin Imaging Collaboration/Train/nevus/ISIC_0000542.jpg,NV,,image:ISIC_0000542,train
ISIC_0000543,/kaggle/input/datasets/nodoubttome/skin-cancer9-classesisic/Skin cancer ISIC The International Skin Imaging Collaboration/Train/nevus/ISIC_0000543.jpg,NV,,image:ISIC_0000543,train
ISIC_0000544,/kaggle/input/datasets/nodoubttome/skin-cancer9-classesisic/Skin cancer ISIC The International Skin Imaging Collaboration/Train/nevus/ISIC_0000544.jpg,NV,,image:ISIC_0000544,train
ISIC_0000545,/kaggle/input/datasets/nodoubttome/skin-cancer9-classesisic/Skin cancer ISIC The International Skin Imaging Collaboration/Train/nevus/ISIC_0000545.jpg,NV,,image:ISIC_0000545,train
ISIC_0000547,/kaggle/input/datasets/nodoubttome/skin-cancer9-classesisic/Skin cancer ISIC The International Skin Imaging Collaboration/Train/melanoma/ISIC_0000547.jpg,MEL,,image:ISIC_0000547,train
ISIC_0000549,/kaggle/input/datasets/nodoubttome/skin-cancer9-classesisic/Skin cancer ISIC The International Skin Imaging Collaboration/Train/melanoma/ISIC_0000549.jpg,MEL,,image:ISIC_0000549,train
ISIC_0000550,/kaggle/input/datasets/nodoubttome/skin-cancer9-classesisic/Skin cancer ISIC The International Skin Imaging Collaboration/Train/melanoma/ISIC_0000550.jpg,MEL,,image:ISIC_0000550,train
ISIC_0000551,/kaggle/input/datasets/nodoubttome/skin-cancer9-classesisic/Skin cancer ISIC The International Skin Imaging Collaboration/Train/melanoma/ISIC_0000551.jpg,MEL,,image:ISIC_0000551,train
ISIC_0000552,/kaggle/input/datasets/nodoubttome/skin-cancer9-classesisic/Skin cancer ISIC The International Skin Imaging Collaboration/Train/melanoma/ISIC_0000552.jpg,MEL,,image:ISIC_0000552,train
ISIC_0000554,/kaggle/input/datasets/nodoubttome/skin-cancer9-classesisic/Skin cancer ISIC The International Skin Imaging Collaboration/Train/melanoma/ISIC_0000554.jpg,MEL,,image:ISIC_0000554,train
ISIC_0009868,/kaggle/input/datasets/nodoubttome/skin-cancer9-classesisic/Skin cancer ISIC The International Skin Imaging Collaboration/Train/melanoma/ISIC_0009868.jpg,MEL,,image:ISIC_0009868,train
ISIC_0009882,/kaggle/input/datasets/nodoubttome/skin-cancer9-classesisic/Skin cancer ISIC The International Skin Imaging Collaboration/Train/melanoma/ISIC_0009882.jpg,MEL,,image:ISIC_0009882,train
ISIC_0009897,/kaggle/input/datasets/nodoubttome/skin-cancer9-classesisic/Skin cancer ISIC The International Skin Imaging Collaboration/Train/melanoma/ISIC_0009897.jpg,MEL,,image:ISIC_0009897,train
ISIC_0009898,/kaggle/input/datasets/nodoubttome/skin-cancer9-classesisic/Skin cancer ISIC The International Skin Imaging Collaboration/Train/melanoma/ISIC_0009898.jpg,MEL,,image:ISIC_0009898,train
ISIC_0009927,/kaggle/input/datasets/nodoubttome/skin-cancer9-classesisic/Skin cancer ISIC The International Skin Imaging Collaboration/Train/melanoma/ISIC_0009927.jpg,MEL,,image:ISIC_0009927,train
ISIC_0009934,/kaggle/input/datasets/nodoubttome/skin-cancer9-classesisic/Skin cancer ISIC The International Skin Imaging Collaboration/Train/melanoma/ISIC_0009934.jpg,MEL,,image:ISIC_0009934,train
ISIC_0009955,/kaggle/input/datasets/nodoubttome/skin-cancer9-classesisic/Skin cancer ISIC The International Skin Imaging Collaboration/Train/melanoma/ISIC_0009955.jpg,MEL,,image:ISIC_0009955,train
ISIC_0009971,/kaggle/input/datasets/nodoubttome/skin-cancer9-classesisic/Skin cancer ISIC The International Skin Imaging Collaboration/Train/melanoma/ISIC_0009971.jpg,MEL,,image:ISIC_0009971,train
ISIC_0009992,/kaggle/input/datasets/nodoubttome/skin-cancer9-classesisic/Skin cancer ISIC The International Skin Imaging Collaboration/Train/melanoma/ISIC_0009992.jpg,MEL,,image:ISIC_0009992,train
ISIC_0009993,/kaggle/input/datasets/nodoubttome/skin-cancer9-classesisic/Skin cancer ISIC The International Skin Imaging Collaboration/Train/melanoma/ISIC_0009993.jpg,MEL,,image:ISIC_0009993,train
ISIC_0010011,/kaggle/input/datasets/nodoubttome/skin-cancer9-classesisic/Skin cancer ISIC The International Skin Imaging Collaboration/Train/melanoma/ISIC_0010011.jpg,MEL,,image:ISIC_0010011,train
ISIC_0010024,/kaggle/input/datasets/nodoubttome/skin-cancer9-classesisic/Skin cancer ISIC The International Skin Imaging Collaboration/Train/melanoma/ISIC_0010024.jpg,MEL,,image:ISIC_0010024,train
ISIC_0010029,/kaggle/input/datasets/nodoubttome/skin-cancer9-classesisic/Skin cancer ISIC The International Skin Imaging Collaboration/Train/melanoma/ISIC_0010029.jpg,MEL,,image:ISIC_0010029,train
ISIC_0010034,/kaggle/input/datasets/nodoubttome/skin-cancer9-classesisic/Skin cancer ISIC The International Skin Imaging Collaboration/Train/melanoma/ISIC_0010034.jpg,MEL,,image:ISIC_0010034,train
ISIC_0010054,/kaggle/input/datasets/nodoubttome/skin-cancer9-classesisic/Skin cancer ISIC The International Skin Imaging Collaboration/Train/melanoma/ISIC_0010054.jpg,MEL,,image:ISIC_0010054,train
ISIC_0010067,/kaggle/input/datasets/nodoubttome/skin-cancer9-classesisic/Skin cancer ISIC The International Skin Imaging Collaboration/Train/melanoma/ISIC_0010067.jpg,MEL,,image:ISIC_0010067,train
ISIC_0010081,/kaggle/input/datasets/nodoubttome/skin-cancer9-classesisic/Skin cancer ISIC The International Skin Imaging Collaboration/Train/melanoma/ISIC_0010081.jpg,MEL,,image:ISIC_0010081,train
ISIC_0010089,/kaggle/input/datasets/nodoubttome/skin-cancer9-classesisic/Skin cancer ISIC The International Skin Imaging Collaboration/Train/melanoma/ISIC_0010089.jpg,MEL,,image:ISIC_0010089,train
ISIC_0010189,/kaggle/input/datasets/nodoubttome/skin-cancer9-classesisic/Skin cancer ISIC The International Skin Imaging Collaboration/Train/melanoma/ISIC_0010189.jpg,MEL,,image:ISIC_0010189,train
ISIC_0010194,/kaggle/input/datasets/nodoubttome/skin-cancer9-classesisic/Skin cancer ISIC The International Skin Imaging Collaboration/Train/melanoma/ISIC_0010194.jpg,MEL,,image:ISIC_0010194,train
ISIC_0010225,/kaggle/input/datasets/nodoubttome/skin-cancer9-classesisic/Skin cancer ISIC The International Skin Imaging Collaboration/Train/melanoma/ISIC_0010225.jpg,MEL,,image:ISIC_0010225,train
ISIC_0010235,/kaggle/input/datasets/nodoubttome/skin-cancer9-classesisic/Skin cancer ISIC The International Skin Imaging Collaboration/Train/melanoma/ISIC_0010235.jpg,MEL,,image:ISIC_0010235,train
ISIC_0010240,/kaggle/input/datasets/nodoubttome/skin-cancer9-classesisic/Skin cancer ISIC The International Skin Imaging Collaboration/Train/melanoma/ISIC_0010240.jpg,MEL,,image:ISIC_0010240,train
ISIC_0010241,/kaggle/input/datasets/nodoubttome/skin-cancer9-classesisic/Skin cancer ISIC The International Skin Imaging Collaboration/Train/melanoma/ISIC_0010241.jpg,MEL,,image:ISIC_0010241,train
ISIC_0010251,/kaggle/input/datasets/nodoubttome/skin-cancer9-classesisic/Skin cancer ISIC The International Skin Imaging Collaboration/Train/melanoma/ISIC_0010251.jpg,MEL,,image:ISIC_0010251,train
ISIC_0010265,/kaggle/input/datasets/nodoubttome/skin-cancer9-classesisic/Skin cancer ISIC The International Skin Imaging Collaboration/Train/melanoma/ISIC_0010265.jpg,MEL,,image:ISIC_0010265,train
ISIC_0010319,/kaggle/input/datasets/nodoubttome/skin-cancer9-classesisic/Skin cancer ISIC The International Skin Imaging Collaboration/Train/melanoma/ISIC_0010319.jpg,MEL,,image:ISIC_0010319,train
ISIC_0010321,/kaggle/input/datasets/nodoubttome/skin-cancer9-classesisic/Skin cancer ISIC The International Skin Imaging Collaboration/Train/melanoma/ISIC_0010321.jpg,MEL,,image:ISIC_0010321,train
ISIC_0010329,/kaggle/input/datasets/nodoubttome/skin-cancer9-classesisic/Skin cancer ISIC The International Skin Imaging Collaboration/Train/melanoma/ISIC_0010329.jpg,MEL,,image:ISIC_0010329,train
ISIC_0010350,/kaggle/input/datasets/nodoubttome/skin-cancer9-classesisic/Skin cancer ISIC The International Skin Imaging Collaboration/Train/melanoma/ISIC_0010350.jpg,MEL,,image:ISIC_0010350,train
ISIC_0010358,/kaggle/input/datasets/nodoubttome/skin-cancer9-classesisic/Skin cancer ISIC The International Skin Imaging Collaboration/Train/melanoma/ISIC_0010358.jpg,MEL,,image:ISIC_0010358,train
ISIC_0010364,/kaggle/input/datasets/nodoubttome/skin-cancer9-classesisic/Skin cancer ISIC The International Skin Imaging Collaboration/Train/melanoma/ISIC_0010364.jpg,MEL,,image:ISIC_0010364,train
ISIC_0010372,/kaggle/input/datasets/nodoubttome/skin-cancer9-classesisic/Skin cancer ISIC The International Skin Imaging Collaboration/Train/melanoma/ISIC_0010372.jpg,MEL,,image:ISIC_0010372,train
ISIC_0010379,/kaggle/input/datasets/nodoubttome/skin-cancer9-classesisic/Skin cancer ISIC The International Skin Imaging Collaboration/Train/melanoma/ISIC_0010379.jpg,MEL,,image:ISIC_0010379,train
ISIC_0010441,/kaggle/input/datasets/nodoubttome/skin-cancer9-classesisic/Skin cancer ISIC The International Skin Imaging Collaboration/Train/melanoma/ISIC_0010441.jpg,MEL,,image:ISIC_0010441,train
ISIC_0010466,/kaggle/input/datasets/nodoubttome/skin-cancer9-classesisic/Skin cancer ISIC The International Skin Imaging Collaboration/Train/melanoma/ISIC_0010466.jpg,MEL,,image:ISIC_0010466,train
ISIC_0010587,/kaggle/input/datasets/nodoubttome/skin-cancer9-classesisic/Skin cancer ISIC The International Skin Imaging Collaboration/Train/melanoma/ISIC_0010587.jpg,MEL,,image:ISIC_0010587,train
ISIC_0010591,/kaggle/input/datasets/nodoubttome/skin-cancer9-classesisic/Skin cancer ISIC The International Skin Imaging Collaboration/Train/melanoma/ISIC_0010591.jpg,MEL,,image:ISIC_0010591,train
ISIC_0010597,/kaggle/input/datasets/nodoubttome/skin-cancer9-classesisic/Skin cancer ISIC The International Skin Imaging Collaboration/Train/melanoma/ISIC_0010597.jpg,MEL,,image:ISIC_0010597,train
ISIC_0010860,/kaggle/input/datasets/nodoubttome/skin-cancer9-classesisic/Skin cancer ISIC The International Skin Imaging Collaboration/Train/melanoma/ISIC_0010860.jpg,MEL,,image:ISIC_0010860,train
ISIC_0010862,/kaggle/input/datasets/nodoubttome/skin-cancer9-classesisic/Skin cancer ISIC The International Skin Imaging Collaboration/Train/melanoma/ISIC_0010862.jpg,MEL,,image:ISIC_0010862,train
ISIC_0010863,/kaggle/input/datasets/nodoubttome/skin-cancer9-classesisic/Skin cancer ISIC The International Skin Imaging Collaboration/Train/melanoma/ISIC_0010863.jpg,MEL,,image:ISIC_0010863,train
ISIC_0011095,/kaggle/input/datasets/nodoubttome/skin-cancer9-classesisic/Skin cancer ISIC The International Skin Imaging Collaboration/Train/melanoma/ISIC_0011095.jpg,MEL,,image:ISIC_0011095,train
ISIC_0011112,/kaggle/input/datasets/nodoubttome/skin-cancer9-classesisic/Skin cancer ISIC The International Skin Imaging Collaboration/Train/melanoma/ISIC_0011112.jpg,MEL,,image:ISIC_0011112,train
ISIC_0011121,/kaggle/input/datasets/nodoubttome/skin-cancer9-classesisic/Skin cancer ISIC The International Skin Imaging Collaboration/Train/melanoma/ISIC_0011121.jpg,MEL,,image:ISIC_0011121,train
ISIC_0011126,/kaggle/input/datasets/nodoubttome/skin-cancer9-classesisic/Skin cancer ISIC The International Skin Imaging Collaboration/Train/seborrheic keratosis/ISIC_0011126.jpg,MEL,,image:ISIC_0011126,train
ISIC_0011128,/kaggle/input/datasets/nodoubttome/skin-cancer9-classesisic/Skin cancer ISIC The International Skin Imaging Collaboration/Train/melanoma/ISIC_0011128.jpg,MEL,,image:ISIC_0011128,train
ISIC_0011132,/kaggle/input/datasets/nodoubttome/skin-cancer9-classesisic/Skin cancer ISIC The International Skin Imaging Collaboration/Train/melanoma/ISIC_0011132.jpg,MEL,,image:ISIC_0011132,train
ISIC_0011135,/kaggle/input/datasets/nodoubttome/skin-cancer9-classesisic/Skin cancer ISIC The International Skin Imaging Collaboration/Train/melanoma/ISIC_0011135.jpg,MEL,,image:ISIC_0011135,train
ISIC_0011136,/kaggle/input/datasets/nodoubttome/skin-cancer9-classesisic/Skin cancer ISIC The International Skin Imaging Collaboration/Train/melanoma/ISIC_0011136.jpg,MEL,,image:ISIC_0011136,train
ISIC_0011139,/kaggle/input/datasets/nodoubttome/skin-cancer9-classesisic/Skin cancer ISIC The International Skin Imaging Collaboration/Train/melanoma/ISIC_0011139.jpg,MEL,,image:ISIC_0011139,train
ISIC_0011140,/kaggle/input/datasets/nodoubttome/skin-cancer9-classesisic/Skin cancer ISIC The International Skin Imaging Collaboration/Train/melanoma/ISIC_0011140.jpg,MEL,,image:ISIC_0011140,train
ISIC_0011158,/kaggle/input/datasets/nodoubttome/skin-cancer9-classesisic/Skin cancer ISIC The International Skin Imaging Collaboration/Train/melanoma/ISIC_0011158.jpg,MEL,,image:ISIC_0011158,train
ISIC_0011161,/kaggle/input/datasets/nodoubttome/skin-cancer9-classesisic/Skin cancer ISIC The International Skin Imaging Collaboration/Train/melanoma/ISIC_0011161.jpg,MEL,,image:ISIC_0011161,train
ISIC_0011166,/kaggle/input/datasets/nodoubttome/skin-cancer9-classesisic/Skin cancer ISIC The International Skin Imaging Collaboration/Train/melanoma/ISIC_0011166.jpg,MEL,,image:ISIC_0011166,train
ISIC_0011169,/kaggle/input/datasets/nodoubttome/skin-cancer9-classesisic/Skin cancer ISIC The International Skin Imaging Collaboration/Train/melanoma/ISIC_0011169.jpg,MEL,,image:ISIC_0011169,train
ISIC_0011176,/kaggle/input/datasets/nodoubttome/skin-cancer9-classesisic/Skin cancer ISIC The International Skin Imaging Collaboration/Train/melanoma/ISIC_0011176.jpg,MEL,,image:ISIC_0011176,train
ISIC_0024329,/kaggle/input/datasets/nodoubttome/skin-cancer9-classesisic/Skin cancer ISIC The International Skin Imaging Collaboration/Test/squamous cell carcinoma/ISIC_0024329.jpg,SCC,HAM_0002954,lesion:HAM_0002954,train
ISIC_0024330,/kaggle/input/datasets/nodoubttome/skin-cancer9-classesisic/Skin cancer ISIC The International Skin Imaging Collaboration/Test/dermatofibroma/ISIC_0024330.jpg,DF,HAM_0006188,lesion:HAM_0006188,train
ISIC_0024331,/kaggle/input/datasets/nodoubttome/skin-cancer9-classesisic/Skin cancer ISIC The International Skin Imaging Collaboration/Test/basal cell carcinoma/ISIC_0024331.jpg,BCC,HAM_0004662,lesion:HAM_0004662,train
ISIC_0024332,/kaggle/input/datasets/nodoubttome/skin-cancer9-classesisic/Skin cancer ISIC The International Skin Imaging Collaboration/Test/basal cell carcinoma/ISIC_0024332.jpg,BCC,HAM_0002240,lesion:HAM_0002240,train
ISIC_0024337,/kaggle/input/datasets/nodoubttome/skin-cancer9-classesisic/Skin cancer ISIC The International Skin Imaging Collaboration/Test/pigmented benign keratosis/ISIC_0024337.jpg,BKL,HAM_0005136,lesion:HAM_0005136,train
ISIC_0024345,/kaggle/input/datasets/nodoubttome/skin-cancer9-classesisic/Skin cancer ISIC The International Skin Imaging Collaboration/Test/basal cell carcinoma/ISIC_0024345.jpg,BCC,HAM_0006872,lesion:HAM_0006872,train
ISIC_0024360,/kaggle/input/datasets/nodoubttome/skin-cancer9-classesisic/Skin cancer ISIC The International Skin Imaging Collaboration/Test/basal cell carcinoma/ISIC_0024360.jpg,BCC,HAM_0005530,lesion:HAM_0005530,train
ISIC_0024370,/kaggle/input/datasets/nodoubttome/skin-cancer9-classesisic/Skin cancer ISIC The International Skin Imaging Collaboration/Test/vascular lesion/ISIC_0024370.jpg,VASC,HAM_0001780,lesion:HAM_0001780,train
ISIC_0024382,/kaggle/input/datasets/nodoubttome/skin-cancer9-classesisic/Skin cancer ISIC The International Skin Imaging Collaboration/Test/pigmented benign keratosis/ISIC_0024382.jpg,BKL,HAM_0004632,lesion:HAM_0004632,train
ISIC_0024386,/kaggle/input/datasets/nodoubttome/skin-cancer9-classesisic/Skin cancer ISIC The International Skin Imaging Collaboration/Test/dermatofibroma/ISIC_0024386.jpg,DF,HAM_0005112,lesion:HAM_0005112,train
ISIC_0024403,/kaggle/input/datasets/nodoubttome/skin-cancer9-classesisic/Skin cancer ISIC The International Skin Imaging Collaboration/Test/basal cell carcinoma/ISIC_0024403.jpg,BCC,HAM_0003680,lesion:HAM_0003680,train
ISIC_0024408,/kaggle/input/datasets/nodoubttome/skin-cancer9-classesisic/Skin cancer ISIC The International Skin Imaging Collaboration/Test/pigmented benign keratosis/ISIC_0024408.jpg,BKL,HAM_0004768,lesion:HAM_0004768,train
ISIC_0024409,/kaggle/input/datasets/nodoubttome/skin-cancer9-classesisic/Skin cancer ISIC The International Skin Imaging Collaboration/Test/pigmented benign keratosis/ISIC_0024409.jpg,BKL,HAM_0000835,lesion:HAM_0000835,train
ISIC_0024411,/kaggle/input/datasets/nodoubttome/skin-cancer9-classesisic/Skin cancer ISIC The International Skin Imaging Collaboration/Test/basal cell carcinoma/ISIC_0024411.jpg,BCC,HAM_0001390,lesion:HAM_0001390,train
ISIC_0024420,/kaggle/input/datasets/nodoubttome/skin-cancer9-classesisic/Skin cancer ISIC The International Skin Imaging Collaboration/Test/pigmented benign keratosis/ISIC_0024420.jpg,BKL,HAM_0006201,lesion:HAM_0006201,train
ISIC_0024432,/kaggle/input/datasets/nodoubttome/skin-cancer9-classesisic/Skin cancer ISIC The International Skin Imaging Collaboration/Test/basal cell carcinoma/ISIC_0024432.jpg,BCC,HAM_0002083,lesion:HAM_0002083,train
ISIC_0024436,/kaggle/input/datasets/nodoubttome/skin-cancer9-classesisic/Skin cancer ISIC The International Skin Imaging Collaboration/Test/basal cell carcinoma/ISIC_0024436.jpg,BCC,HAM_0005392,lesion:HAM_0005392,train
ISIC_0024443,/kaggle/input/datasets/nodoubttome/skin-cancer9-classesisic/Skin cancer ISIC The International Skin Imaging Collaboration/Test/basal cell carcinoma/ISIC_0024443.jpg,BCC,HAM_0002269,lesion:HAM_0002269,train
ISIC_0024445,/kaggle/input/datasets/nodoubttome/skin-cancer9-classesisic/Skin cancer ISIC The International Skin Imaging Collaboration/Train/pigmented benign keratosis/ISIC_0024445.jpg,BKL,HAM_0000243,lesion:HAM_0000243,train
ISIC_0024446,/kaggle/input/datasets/nodoubttome/skin-cancer9-classesisic/Skin cancer ISIC The International Skin Imaging Collaboration/Train/pigmented benign keratosis/ISIC_0024446.jpg,BKL,HAM_0001475,lesion:HAM_0001475,train
ISIC_0024448,/kaggle/input/datasets/nodoubttome/skin-cancer9-classesisic/Skin cancer ISIC The International Skin Imaging Collaboration/Test/basal cell carcinoma/ISIC_0024448.jpg,BCC,HAM_0005417,lesion:HAM_0005417,train
ISIC_0024450,/kaggle/input/datasets/nodoubttome/skin-cancer9-classesisic/Skin cancer ISIC The International Skin Imaging Collaboration/Test/squamous cell carcinoma/ISIC_0024450.jpg,SCC,HAM_0005505,lesion:HAM_0005505,train
ISIC_0024452,/kaggle/input/datasets/nodoubttome/skin-cancer9-classesisic/Skin cancer ISIC The International Skin Imaging Collaboration/Test/basal cell carcinoma/ISIC_0024452.jpg,BCC,HAM_0005971,lesion:HAM_0005971,train
ISIC_0024454,/kaggle/input/datasets/nodoubttome/skin-cancer9-classesisic/Skin cancer ISIC The International Skin Imaging Collaboration/Test/basal cell carcinoma/ISIC_0024454.jpg,BCC,HAM_0005180,lesion:HAM_0005180,train
ISIC_0024461,/kaggle/input/datasets/nodoubttome/skin-cancer9-classesisic/Skin cancer ISIC The International Skin Imaging Collaboration/Test/basal cell carcinoma/ISIC_0024461.jpg,BCC,HAM_0002313,lesion:HAM_0002313,train
ISIC_0024463,/kaggle/input/datasets/nodoubttome/skin-cancer9-classesisic/Skin cancer ISIC The International Skin Imaging Collaboration/Test/squamous cell carcinoma/ISIC_0024463.jpg,SCC,HAM_0004568,lesion:HAM_0004568,train
ISIC_0024468,/kaggle/input/datasets/nodoubttome/skin-cancer9-classesisic/Skin cancer ISIC The International Skin Imaging Collaboration/Test/actinic keratosis/ISIC_0024468.jpg,AK,HAM_0006301,lesion:HAM_0006301,train
ISIC_0024470,/kaggle/input/datasets/nodoubttome/skin-cancer9-classesisic/Skin cancer ISIC The International Skin Imaging Collaboration/Test/actinic keratosis/ISIC_0024470.jpg,AK,HAM_0006220,lesion:HAM_0006220,train
ISIC_0024472,/kaggle/input/datasets/nodoubttome/skin-cancer9-classesisic/Skin cancer ISIC The International Skin Imaging Collaboration/Test/basal cell carcinoma/ISIC_0024472.jpg,BCC,HAM_0001654,lesion:HAM_0001654,train
ISIC_0024475,/kaggle/input/datasets/nodoubttome/skin-cancer9-classesisic/Skin cancer ISIC The International Skin Imaging Collaboration/Train/vascular lesion/ISIC_0024475.jpg,VASC,HAM_0003873,lesion:HAM_0003873,train
ISIC_0024477,/kaggle/input/datasets/nodoubttome/skin-cancer9-classesisic/Skin cancer ISIC The International Skin Imaging Collaboration/Train/pigmented benign keratosis/ISIC_0024477.jpg,BKL,HAM_0000259,lesion:HAM_0000259,train
ISIC_0024490,/kaggle/input/datasets/nodoubttome/skin-cancer9-classesisic/Skin cancer ISIC The International Skin Imaging Collaboration/Train/pigmented benign keratosis/ISIC_0024490.jpg,BKL,HAM_0000985,lesion:HAM_0000985,train
ISIC_0024495,/kaggle/input/datasets/nodoubttome/skin-cancer9-classesisic/Skin cancer ISIC The International Skin Imaging Collaboration/Train/pigmented benign keratosis/ISIC_0024495.jpg,BKL,HAM_0006466,lesion:HAM_0006466,train
ISIC_0024498,/kaggle/input/datasets/nodoubttome/skin-cancer9-classesisic/Skin cancer ISIC The International Skin Imaging Collaboration/Train/pigmented benign keratosis/ISIC_0024498.jpg,BKL,HAM_0002462,lesion:HAM_0002462,train
ISIC_0024505,/kaggle/input/datasets/nodoubttome/skin-cancer9-classesisic/Skin cancer ISIC The International Skin Imaging Collaboration/Train/pigmented benign keratosis/ISIC_0024505.jpg,BKL,HAM_0000364,lesion:HAM_0000364,train
ISIC_0024515,/kaggle/input/datasets/nodoubttome/skin-cancer9-classesisic/Skin cancer ISIC The International Skin Imaging Collaboration/Train/basal cell carcinoma/ISIC_0024515.jpg,BCC,HAM_0003373,lesion:HAM_0003373,train
ISIC_0024522,/kaggle/input/datasets/nodoubttome/skin-cancer9-classesisic/Skin cancer ISIC The International Skin Imaging Collaboration/Test/squamous cell carcinoma/ISIC_0024522.jpg,SCC,HAM_0005650,lesion:HAM_0005650,train
ISIC_0024539,/kaggle/input/datasets/nodoubttome/skin-cancer9-classesisic/Skin cancer ISIC The International Skin Imaging Collaboration/Test/squamous cell carcinoma/ISIC_0024539.jpg,SCC,HAM_0002551,lesion:HAM_0002551,train
ISIC_0024547,/kaggle/input/datasets/nodoubttome/skin-cancer9-classesisic/Skin cancer ISIC The International Skin Imaging Collaboration/Train/pigmented benign keratosis/ISIC_0024547.jpg,BKL,HAM_0005790,lesion:HAM_0005790,train
ISIC_0024553,/kaggle/input/datasets/nodoubttome/skin-cancer9-classesisic/Skin cancer ISIC The International Skin Imaging Collaboration/Test/dermatofibroma/ISIC_0024553.jpg,DF,HAM_0005330,lesion:HAM_0005330,train
ISIC_0024564,/kaggle/input/datasets/nodoubttome/skin-cancer9-classesisic/Skin cancer ISIC The International Skin Imaging Collaboration/Train/basal cell carcinoma/ISIC_0024564.jpg,BCC,HAM_0002666,lesion:HAM_0002666,train
ISIC_0024572,/kaggle/input/datasets/nodoubttome/skin-cancer9-classesisic/Skin cancer ISIC The International Skin Imaging Collaboration/Train/basal cell carcinoma/ISIC_0024572.jpg,BCC,HAM_0005657,lesion:HAM_0005657,train
ISIC_0024573,/kaggle/input/datasets/nodoubttome/skin-cancer9-classesisic/Skin cancer ISIC The International Skin Imaging Collaboration/Train/basal cell carcinoma/ISIC_0024573.jpg,BCC,HAM_0005804,lesion:HAM_0005804,train
ISIC_0024575,/kaggle/input/datasets/nodoubttome/skin-cancer9-classesisic/Skin cancer ISIC The International Skin Imaging Collaboration/Test/squamous cell carcinoma/ISIC_0024575.jpg,SCC,HAM_0004722,lesion:HAM_0004722,train
ISIC_0024579,/kaggle/input/datasets/nodoubttome/skin-cancer9-classesisic/Skin cancer ISIC The International Skin Imaging Collaboration/Test/squamous cell carcinoma/ISIC_0024579.jpg,SCC,HAM_0000005,lesion:HAM_0000005,train
ISIC_0024581,/kaggle/input/datasets/nodoubttome/skin-cancer9-classesisic/Skin cancer ISIC The International Skin Imaging Collaboration/Train/pigmented benign keratosis/ISIC_0024581.jpg,BKL,HAM_0001995,lesion:HAM_0001995,train
ISIC_0024582,/kaggle/input/datasets/nodoubttome/skin-cancer9-classesisic/Skin cancer ISIC The International Skin Imaging Collaboration/Train/basal cell carcinoma/ISIC_0024582.jpg,BCC,HAM_0006727,lesion:HAM_0006727,train
ISIC_0024595,/kaggle/input/datasets/nodoubttome/skin-cancer9-classesisic/Skin cancer ISIC The International Skin Imaging Collaboration/Train/basal cell carcinoma/ISIC_0024595.jpg,BCC,HAM_0004027,lesion:HAM_0004027,train
ISIC_0024602,/kaggle/input/datasets/nodoubttome/skin-cancer9-classesisic/Skin cancer ISIC The International Skin Imaging Collaboration/Train/pigmented benign keratosis/ISIC_0024602.jpg,BKL,HAM_0002984,lesion:HAM_0002984,train
ISIC_0024623,/kaggle/input/datasets/nodoubttome/skin-cancer9-classesisic/Skin cancer ISIC The International Skin Imaging Collaboration/Train/pigmented benign keratosis/ISIC_0024623.jpg,BKL,HAM_0003458,lesion:HAM_0003458,train
ISIC_0024634,/kaggle/input/datasets/nodoubttome/skin-cancer9-classesisic/Skin cancer ISIC The International Skin Imaging Collaboration/Train/basal cell carcinoma/ISIC_0024634.jpg,BCC,HAM_0005933,lesion:HAM_0005933,train
ISIC_0024635,/kaggle/input/datasets/nodoubttome/skin-cancer9-classesisic/Skin cancer ISIC The International Skin Imaging Collaboration/Train/pigmented benign keratosis/ISIC_0024635.jpg,BKL,HAM_0003410,lesion:HAM_0003410,train
ISIC_0024643,/kaggle/input/datasets/nodoubttome/skin-cancer9-classesisic/Skin cancer ISIC The International Skin Imaging Collaboration/Train/pigmented benign keratosis/ISIC_0024643.jpg,BKL,HAM_0005101,lesion:HAM_0005101,train
ISIC_0024646,/kaggle/input/datasets/nodoubttome/skin-cancer9-classesisic/Skin cancer ISIC The International Skin Imaging Collaboration/Test/actinic keratosis/ISIC_0024646.jpg,AK,HAM_0006252,lesion:HAM_0006252,train
ISIC_0024654,/kaggle/input/datasets/nodoubttome/skin-cancer9-classesisic/Skin cancer ISIC The International Skin Imaging Collaboration/Test/actinic keratosis/ISIC_0024654.jpg,AK,HAM_0005705,lesion:HAM_0005705,train
ISIC_0024662,/kaggle/input/datasets/nodoubttome/skin-cancer9-classesisic/Skin cancer ISIC The International Skin Imaging Collaboration/Train/vascular lesion/ISIC_0024662.jpg,VASC,HAM_0007532,lesion:HAM_0007532,train
ISIC_0024665,/kaggle/input/datasets/nodoubttome/skin-cancer9-classesisic/Skin cancer ISIC The International Skin Imaging Collaboration/Train/basal cell carcinoma/ISIC_0024665.jpg,BCC,HAM_0003866,lesion:HAM_0003866,train
ISIC_0024666,/kaggle/input/datasets/nodoubttome/skin-cancer9-classesisic/Skin cancer ISIC The International Skin Imaging Collaboration/Train/basal cell carcinoma/ISIC_0024666.jpg,BCC,HAM_0005435,lesion:HAM_0005435,train
ISIC_0024669,/kaggle/input/datasets/nodoubttome/skin-cancer9-classesisic/Skin cancer ISIC The International Skin Imaging Collaboration/Train/vascular lesion/ISIC_0024669.jpg,VASC,HAM_0006617,lesion:HAM_0006617,train
ISIC_0024672,/kaggle/input/datasets/nodoubttome/skin-cancer9-classesisic/Skin cancer ISIC The International Skin Imaging Collaboration/Train/pigmented benign keratosis/ISIC_0024672.jpg,BKL,HAM_0005790,lesion:HAM_0005790,train
ISIC_0024676,/kaggle/input/datasets/nodoubttome/skin-cancer9-classesisic/Skin cancer ISIC The International Skin Imaging Collaboration/Train/pigmented benign keratosis/ISIC_0024676.jpg,BKL,HAM_0007513,lesion:HAM_0007513,train
ISIC_0024709,/kaggle/input/datasets/nodoubttome/skin-cancer9-classesisic/Skin cancer ISIC The International Skin Imaging Collaboration/Train/pigmented benign keratosis/ISIC_0024709.jpg,BKL,HAM_0004832,lesion:HAM_0004832,train
ISIC_0024711,/kaggle/input/datasets/nodoubttome/skin-cancer9-classesisic/Skin cancer ISIC The International Skin Imaging Collaboration/Train/pigmented benign keratosis/ISIC_0024711.jpg,BKL,HAM_0004947,lesion:HAM_0004947,train
ISIC_0024726,/kaggle/input/datasets/nodoubttome/skin-cancer9-classesisic/Skin cancer ISIC The International Skin Imaging Collaboration/Train/pigmented benign keratosis/ISIC_0024726.jpg,BKL,HAM_0005125,lesion:HAM_0005125,train
ISIC_0024740,/kaggle/input/datasets/nodoubttome/skin-cancer9-classesisic/Skin cancer ISIC The International Skin Imaging Collaboration/Train/pigmented benign keratosis/ISIC_0024740.jpg,BKL,HAM_0005420,lesion:HAM_0005420,train
ISIC_0024741,/kaggle/input/datasets/nodoubttome/skin-cancer9-classesisic/Skin cancer ISIC The International Skin Imaging Collaboration/Train/pigmented benign keratosis/ISIC_0024741.jpg,BKL,HAM_0000770,lesion:HAM_0000770,train
ISIC_0024743,/kaggle/input/datasets/nodoubttome/skin-cancer9-classesisic/Skin cancer ISIC The International Skin Imaging Collaboration/Train/basal cell carcinoma/ISIC_0024743.jpg,BCC,HAM_0004495,lesion:HAM_0004495,train
ISIC_0024748,/kaggle/input/datasets/nodoubttome/skin-cancer9-classesisic/Skin cancer ISIC The International Skin Imaging Collaboration/Train/pigmented benign keratosis/ISIC_0024748.jpg,BKL,HAM_0003420,lesion:HAM_0003420,train
ISIC_0024760,/kaggle/input/datasets/nodoubttome/skin-cancer9-classesisic/Skin cancer ISIC The International Skin Imaging Collaboration/Train/pigmented benign keratosis/ISIC_0024760.jpg,BKL,HAM_0003856,lesion:HAM_0003856,train
ISIC_0024771,/kaggle/input/datasets/nodoubttome/skin-cancer9-classesisic/Skin cancer ISIC The International Skin Imaging Collaboration/Test/actinic keratosis/ISIC_0024771.jpg,AK,HAM_0006301,lesion:HAM_0006301,train
ISIC_0024772,/kaggle/input/datasets/nodoubttome/skin-cancer9-classesisic/Skin cancer ISIC The International Skin Imaging Collaboration/Train/pigmented benign keratosis/ISIC_0024772.jpg,BKL,HAM_0002400,lesion:HAM_0002400,train
ISIC_0024773,/kaggle/input/datasets/nodoubttome/skin-cancer9-classesisic/Skin cancer ISIC The International Skin Imaging Collaboration/Train/pigmented benign keratosis/ISIC_0024773.jpg,BKL,HAM_0000844,lesion:HAM_0000844,train
ISIC_0024786,/kaggle/input/datasets/nodoubttome/skin-cancer9-classesisic/Skin cancer ISIC The International Skin Imaging Collaboration/Train/pigmented benign keratosis/ISIC_0024786.jpg,BKL,HAM_0002227,lesion:HAM_0002227,train
ISIC_0024795,/kaggle/input/datasets/nodoubttome/skin-cancer9-classesisic/Skin cancer ISIC The International Skin Imaging Collaboration/Train/basal cell carcinoma/ISIC_0024795.jpg,BCC,HAM_0004420,lesion:HAM_0004420,train
ISIC_0024800,/kaggle/input/datasets/nodoubttome/skin-cancer9-classesisic/Skin cancer ISIC The International Skin Imaging Collaboration/Test/actinic keratosis/ISIC_0024800.jpg,AK,HAM_0007088,lesion:HAM_0007088,train
ISIC_0024829,/kaggle/input/datasets/nodoubttome/skin-cancer9-classesisic/Skin cancer ISIC The International Skin Imaging Collaboration/Train/basal cell carcinoma/ISIC_0024829.jpg,BCC,HAM_0007535,lesion:HAM_0007535,train
ISIC_0024839,/kaggle/input/datasets/nodoubttome/skin-cancer9-classesisic/Skin cancer ISIC The International Skin Imaging Collaboration/Train/pigmented benign keratosis/ISIC_0024839.jpg,BKL,HAM_0000425,lesion:HAM_0000425,train
ISIC_0024848,/kaggle/input/datasets/nodoubttome/skin-cancer9-classesisic/Skin cancer ISIC The International Skin Imaging Collaboration/Train/basal cell carcinoma/ISIC_0024848.jpg,BCC,HAM_0007474,lesion:HAM_0007474,train
ISIC_0024850,/kaggle/input/datasets/nodoubttome/skin-cancer9-classesisic/Skin cancer ISIC The International Skin Imaging Collaboration/Train/pigmented benign keratosis/ISIC_0024850.jpg,BKL,HAM_0007393,lesion:HAM_0007393,train
ISIC_0024851,/kaggle/input/datasets/nodoubttome/skin-cancer9-classesisic/Skin cancer ISIC The International Skin Imaging Collaboration/Train/pigmented benign keratosis/ISIC_0024851.jpg,BKL,HAM_0007078,lesion:HAM_0007078,train
ISIC_0024867,/kaggle/input/datasets/nodoubttome/skin-cancer9-classesisic/Skin cancer ISIC The International Skin Imaging Collaboration/Train/vascular lesion/ISIC_0024867.jpg,VASC,HAM_0007568,lesion:HAM_0007568,train
ISIC_0024877,/kaggle/input/datasets/nodoubttome/skin-cancer9-classesisic/Skin cancer ISIC The International Skin Imaging Collaboration/Train/pigmented benign keratosis/ISIC_0024877.jpg,BKL,HAM_0003574,lesion:HAM_0003574,train
ISIC_0024880,/kaggle/input/datasets/nodoubttome/skin-cancer9-classesisic/Skin cancer ISIC The International Skin Imaging Collaboration/Train/pigmented benign keratosis/ISIC_0024880.jpg,BKL,HAM_0005157,lesion:HAM_0005157,train
ISIC_0024883,/kaggle/input/datasets/nodoubttome/skin-cancer9-classesisic/Skin cancer ISIC The International Skin Imaging Collaboration/Train/pigmented benign keratosis/ISIC_0024883.jpg,BKL,HAM_0006541,lesion:HAM_0006541,train
ISIC_0024885,/kaggle/input/datasets/nodoubttome/skin-cancer9-classesisic/Skin cancer ISIC The International Skin Imaging Collaboration/Train/basal cell carcinoma/ISIC_0024885.jpg,BCC,HAM_0005243,lesion:HAM_0005243,train
ISIC_0024904,/kaggle/input/datasets/nodoubttome/skin-cancer9-classesisic/Skin cancer ISIC The International Skin Imaging Collaboration/Train/vascular lesion/ISIC_0024904.jpg,VASC,HAM_0002914,lesion:HAM_0002914,train
ISIC_0024910,/kaggle/input/datasets/nodoubttome/skin-cancer9-classesisic/Skin cancer ISIC The International Skin Imaging Collaboration/Train/pigmented benign keratosis/ISIC_0024910.jpg,BKL,HAM_0000238,lesion:HAM_0000238,train
ISIC_0024913,/kaggle/input/datasets/nodoubttome/skin-cancer9-classesisic/Skin cancer ISIC The International Skin Imaging Collaboration/Test/actinic keratosis/ISIC_0024913.jpg,AK,HAM_0001495,lesion:HAM_0001495,train
ISIC_0024915,/kaggle/input/datasets/nodoubttome/skin-cancer9-classesisic/Skin cancer ISIC The International Skin Imaging Collaboration/Train/pigmented benign keratosis/ISIC_0024915.jpg,BKL,HAM_0003789,lesion:HAM_0003789,train
ISIC_0024946,/kaggle/input/datasets/nodoubttome/skin-cancer9-classesisic/Skin cancer ISIC The International Skin Imaging Collaboration/Train/squamous cell carcinoma/ISIC_0024946.jpg,SCC,HAM_0005264,lesion:HAM_0005264,train
ISIC_0024947,/kaggle/input/datasets/nodoubttome/skin-cancer9-classesisic/Skin cancer ISIC The International Skin Imaging Collaboration/Train/pigmented benign keratosis/ISIC_0024947.jpg,BKL,HAM_0001721,lesion:HAM_0001721,train
ISIC_0024948,/kaggle/input/datasets/nodoubttome/skin-cancer9-classesisic/Skin cancer ISIC The International Skin Imaging Collaboration/Test/actinic keratosis/ISIC_0024948.jpg,AK,HAM_0004034,lesion:HAM_0004034,train
ISIC_0024949,/kaggle/input/datasets/nodoubttome/skin-cancer9-classesisic/Skin cancer ISIC The International Skin Imaging Collaboration/Train/basal cell carcinoma/ISIC_0024949.jpg,BCC,HAM_0005669,lesion:HAM_0005669,train
ISIC_0024970,/kaggle/input/datasets/nodoubttome/skin-cancer9-classesisic/Skin cancer ISIC The International Skin Imaging Collaboration/Train/pigmented benign keratosis/ISIC_0024970.jpg,BKL,HAM_0001815,lesion:HAM_0001815,train
ISIC_0024971,/kaggle/input/datasets/nodoubttome/skin-cancer9-classesisic/Skin cancer ISIC The International Skin Imaging Collaboration/Train/pigmented benign keratosis/ISIC_0024971.jpg,BKL,HAM_0005325,lesion:HAM_0005325,train
ISIC_0024973,/kaggle/input/datasets/nodoubttome/skin-cancer9-classesisic/Skin cancer ISIC The International Skin Imaging Collaboration/Test/dermatofibroma/ISIC_0024973.jpg,DF,HAM_0007227,lesion:HAM_0007227,train
ISIC_0024981,/kaggle/input/datasets/nodoubttome/skin-cancer9-classesisic/Skin cancer ISIC The International Skin Imaging Collaboration/Train/pigmented benign keratosis/ISIC_0024981.jpg,BKL,HAM_0005612,lesion:HAM_0005612,train
ISIC_0024984,/kaggle/input/datasets/nodoubttome/skin-cancer9-classesisic/Skin cancer ISIC The International Skin Imaging Collaboration/Train/basal cell carcinoma/ISIC_0024984.jpg,BCC,HAM_0005856,lesion:HAM_0005856,train
ISIC_0024997,/kaggle/input/datasets/nodoubttome/skin-cancer9-classesisic/Skin cancer ISIC The International Skin Imaging Collaboration/Train/pigmented benign keratosis/ISIC_0024997.jpg,BKL,HAM_0006343,lesion:HAM_0006343,train
ISIC_0025005,/kaggle/input/datasets/nodoubttome/skin-cancer9-classesisic/Skin cancer ISIC The International Skin Imaging Collaboration/Train/pigmented benign keratosis/ISIC_0025005.jpg,BKL,HAM_0002462,lesion:HAM_0002462,train
ISIC_0025029,/kaggle/input/datasets/nodoubttome/skin-cancer9-classesisic/Skin cancer ISIC The International Skin Imaging Collaboration/Train/squamous cell carcinoma/ISIC_0025029.jpg,SCC,HAM_0003105,lesion:HAM_0003105,train
ISIC_0025031,/kaggle/input/datasets/nodoubttome/skin-cancer9-classesisic/Skin cancer ISIC The International Skin Imaging Collaboration/Train/basal cell carcinoma/ISIC_0025031.jpg,BCC,HAM_0002934,lesion:HAM_0002934,train
ISIC_0025033,/kaggle/input/datasets/nodoubttome/skin-cancer9-classesisic/Skin cancer ISIC The International Skin Imaging Collaboration/Train/pigmented benign keratosis/ISIC_0025033.jpg,BKL,HAM_0003301,lesion:HAM_0003301,train
ISIC_0025040,/kaggle/input/datasets/nodoubttome/skin-cancer9-classesisic/Skin cancer ISIC The International Skin Imaging Collaboration/Train/pigmented benign keratosis/ISIC_0025040.jpg,BKL,HAM_0006541,lesion:HAM_0006541,train
ISIC_0025046,/kaggle/input/datasets/nodoubttome/skin-cancer9-classesisic/Skin cancer ISIC The International Skin Imaging Collaboration/Train/basal cell carcinoma/ISIC_0025046.jpg,BCC,HAM_0003866,lesion:HAM_0003866,train
ISIC_0025063,/kaggle/input/datasets/nodoubttome/skin-cancer9-classesisic/Skin cancer ISIC The International Skin Imaging Collaboration/Train/pigmented benign keratosis/ISIC_0025063.jpg,BKL,HAM_0002985,lesion:HAM_0002985,train
ISIC_0025064,/kaggle/input/datasets/nodoubttome/skin-cancer9-classesisic/Skin cancer ISIC The International Skin Imaging Collaboration/Train/pigmented benign keratosis/ISIC_0025064.jpg,BKL,HAM_0006541,lesion:HAM_0006541,train
ISIC_0025066,/kaggle/input/datasets/nodoubttome/skin-cancer9-classesisic/Skin cancer ISIC The International Skin Imaging Collaboration/Train/pigmented benign keratosis/ISIC_0025066.jpg,BKL,HAM_0002749,lesion:HAM_0002749,train
ISIC_0025069,/kaggle/input/datasets/nodoubttome/skin-cancer9-classesisic/Skin cancer ISIC The International Skin Imaging Collaboration/Train/squamous cell carcinoma/ISIC_0025069.jpg,SCC,HAM_0006222,lesion:HAM_0006222,train
ISIC_0025075,/kaggle/input/datasets/nodoubttome/skin-cancer9-classesisic/Skin cancer ISIC The International Skin Imaging Collaboration/Train/pigmented benign keratosis/ISIC_0025075.jpg,BKL,HAM_0007563,lesion:HAM_0007563,train
ISIC_0025076,/kaggle/input/datasets/nodoubttome/skin-cancer9-classesisic/Skin cancer ISIC The International Skin Imaging Collaboration/Train/pigmented benign keratosis/ISIC_0025076.jpg,BKL,HAM_0007409,lesion:HAM_0007409,train
ISIC_0025086,/kaggle/input/datasets/nodoubttome/skin-cancer9-classesisic/Skin cancer ISIC The International Skin Imaging Collaboration/Train/pigmented benign keratosis/ISIC_0025086.jpg,BKL,HAM_0004050,lesion:HAM_0004050,train
ISIC_0025089,/kaggle/input/datasets/nodoubttome/skin-cancer9-classesisic/Skin cancer ISIC The International Skin Imaging Collaboration/Train/squamous cell carcinoma/ISIC_0025089.jpg,SCC,HAM_0002705,lesion:HAM_0002705,train
ISIC_0025099,/kaggle/input/datasets/nodoubttome/skin-cancer9-classesisic/Skin cancer ISIC The International Skin Imaging Collaboration/Train/pigmented benign keratosis/ISIC_0025099.jpg,BKL,HAM_0004641,lesion:HAM_0004641,train
ISIC_0025102,/kaggle/input/datasets/nodoubttome/skin-cancer9-classesisic/Skin cancer ISIC The International Skin Imaging Collaboration/Train/basal cell carcinoma/ISIC_0025102.jpg,BCC,HAM_0007248,lesion:HAM_0007248,train
ISIC_0025103,/kaggle/input/datasets/nodoubttome/skin-cancer9-classesisic/Skin cancer ISIC The International Skin Imaging Collaboration/Train/pigmented benign keratosis/ISIC_0025103.jpg,BKL,HAM_0001529,lesion:HAM_0001529,train
ISIC_0025113,/kaggle/input/datasets/nodoubttome/skin-cancer9-classesisic/Skin cancer ISIC The International Skin Imaging Collaboration/Train/pigmented benign keratosis/ISIC_0025113.jpg,BKL,HAM_0000149,lesion:HAM_0000149,train
ISIC_0025130,/kaggle/input/datasets/nodoubttome/skin-cancer9-classesisic/Skin cancer ISIC The International Skin Imaging Collaboration/Train/squamous cell carcinoma/ISIC_0025130.jpg,SCC,HAM_0000718,lesion:HAM_0000718,train
ISIC_0025131,/kaggle/input/datasets/nodoubttome/skin-cancer9-classesisic/Skin cancer ISIC The International Skin Imaging Collaboration/Train/pigmented benign keratosis/ISIC_0025131.jpg,BKL,HAM_0006124,lesion:HAM_0006124,train
ISIC_0025136,/kaggle/input/datasets/nodoubttome/skin-cancer9-classesisic/Skin cancer ISIC The International Skin Imaging Collaboration/Train/pigmented benign keratosis/ISIC_0025136.jpg,BKL,HAM_0000308,lesion:HAM_0000308,train
ISIC_0025140,/kaggle/input/datasets/nodoubttome/skin-cancer9-classesisic/Skin cancer ISIC The International Skin Imaging Collaboration/Train/pigmented benign keratosis/ISIC_0025140.jpg,BKL,HAM_0000907,lesion:HAM_0000907,train
ISIC_0025144,/kaggle/input/datasets/nodoubttome/skin-cancer9-classesisic/Skin cancer ISIC The International Skin Imaging Collaboration/Train/basal cell carcinoma/ISIC_0025144.jpg,BCC,HAM_0004831,lesion:HAM_0004831,train
ISIC_0025154,/kaggle/input/datasets/nodoubttome/skin-cancer9-classesisic/Skin cancer ISIC The International Skin Imaging Collaboration/Test/dermatofibroma/ISIC_0025154.jpg,DF,HAM_0001177,lesion:HAM_0001177,train
ISIC_0025157,/kaggle/input/datasets/nodoubttome/skin-cancer9-classesisic/Skin cancer ISIC The International Skin Imaging Collaboration/Train/pigmented benign keratosis/ISIC_0025157.jpg,BKL,HAM_0004491,lesion:HAM_0004491,train
ISIC_0025182,/kaggle/input/datasets/nodoubttome/skin-cancer9-classesisic/Skin cancer ISIC The International Skin Imaging Collaboration/Train/squamous cell carcinoma/ISIC_0025182.jpg,SCC,HAM_0006213,lesion:HAM_0006213,train
ISIC_0025196,/kaggle/input/datasets/nodoubttome/skin-cancer9-classesisic/Skin cancer ISIC The International Skin Imaging Collaboration/Train/squamous cell carcinoma/ISIC_0025196.jpg,SCC,HAM_0005924,lesion:HAM_0005924,train
ISIC_0025199,/kaggle/input/datasets/nodoubttome/skin-cancer9-classesisic/Skin cancer ISIC The International Skin Imaging Collaboration/Train/pigmented benign keratosis/ISIC_0025199.jpg,BKL,HAM_0003206,lesion:HAM_0003206,train
ISIC_0025222,/kaggle/input/datasets/nodoubttome/skin-cancer9-classesisic/Skin cancer ISIC The International Skin Imaging Collaboration/Train/pigmented benign keratosis/ISIC_0025222.jpg,BKL,HAM_0000973,lesion:HAM_0000973,train
ISIC_0025223,/kaggle/input/datasets/nodoubttome/skin-cancer9-classesisic/Skin cancer ISIC The International Skin Imaging Collaboration/Train/dermatofibroma/ISIC_0025223.jpg,DF,HAM_0000827,lesion:HAM_0000827,train
ISIC_0025247,/kaggle/input/datasets/nodoubttome/skin-cancer9-classesisic/Skin cancer ISIC The International Skin Imaging Collaboration/Train/squamous cell carcinoma/ISIC_0025247.jpg,SCC,HAM_0005231,lesion:HAM_0005231,train
ISIC_0025250,/kaggle/input/datasets/nodoubttome/skin-cancer9-classesisic/Skin cancer ISIC The International Skin Imaging Collaboration/Train/vascular lesion/ISIC_0025250.jpg,VASC,HAM_0004769,lesion:HAM_0004769,train
ISIC_0025264,/kaggle/input/datasets/nodoubttome/skin-cancer9-classesisic/Skin cancer ISIC The International Skin Imaging Collaboration/Train/squamous cell carcinoma/ISIC_0025264.jpg,SCC,HAM_0007623,lesion:HAM_0007623,train
ISIC_0025266,/kaggle/input/datasets/nodoubttome/skin-cancer9-classesisic/Skin cancer ISIC The International Skin Imaging Collaboration/Train/basal cell carcinoma/ISIC_0025266.jpg,BCC,HAM_0004300,lesion:HAM_0004300,train
ISIC_0025275,/kaggle/input/datasets/nodoubttome/skin-cancer9-classesisic/Skin cancer ISIC The International Skin Imaging Collaboration/Train/pigmented benign keratosis/ISIC_0025275.jpg,BKL,HAM_0006123,lesion:HAM_0006123,train
ISIC_0025285,/kaggle/input/datasets/nodoubttome/skin-cancer9-classesisic/Skin cancer ISIC The International Skin Imaging Collaboration/Train/basal cell carcinoma/ISIC_0025285.jpg,BCC,HAM_0004084,lesion:HAM_0004084,train
ISIC_0025286,/kaggle/input/datasets/nodoubttome/skin-cancer9-classesisic/Skin cancer ISIC The International Skin Imaging Collaboration/Train/pigmented benign keratosis/ISIC_0025286.jpg,BKL,HAM_0000728,lesion:HAM_0000728,train
ISIC_0025292,/kaggle/input/datasets/nodoubttome/skin-cancer9-classesisic/Skin cancer ISIC The International Skin Imaging Collaboration/Train/pigmented benign keratosis/ISIC_0025292.jpg,BKL,HAM_0004630,lesion:HAM_0004630,train
ISIC_0025297,/kaggle/input/datasets/nodoubttome/skin-cancer9-classesisic/Skin cancer ISIC The International Skin Imaging Collaboration/Train/pigmented benign keratosis/ISIC_0025297.jpg,BKL,HAM_0007513,lesion:HAM_0007513,train
ISIC_0025299,/kaggle/input/datasets/nodoubttome/skin-cancer9-classesisic/Skin cancer ISIC The International Skin Imaging Collaboration/Train/basal cell carcinoma/ISIC_0025299.jpg,BCC,HAM_0007313,lesion:HAM_0007313,train
ISIC_0025302,/kaggle/input/datasets/nodoubttome/skin-cancer9-classesisic/Skin cancer ISIC The International Skin Imaging Collaboration/Train/dermatofibroma/ISIC_0025302.jpg,DF,HAM_0007421,lesion:HAM_0007421,train
ISIC_0025312,/kaggle/input/datasets/nodoubttome/skin-cancer9-classesisic/Skin cancer ISIC The International Skin Imaging Collaboration/Train/pigmented benign keratosis/ISIC_0025312.jpg,BKL,HAM_0005610,lesion:HAM_0005610,train
ISIC_0025314,/kaggle/input/datasets/nodoubttome/skin-cancer9-classesisic/Skin cancer ISIC The International Skin Imaging Collaboration/Train/dermatofibroma/ISIC_0025314.jpg,DF,HAM_0000757,lesion:HAM_0000757,train
ISIC_0025322,/kaggle/input/datasets/nodoubttome/skin-cancer9-classesisic/Skin cancer ISIC The International Skin Imaging Collaboration/Train/basal cell carcinoma/ISIC_0025322.jpg,BCC,HAM_0002666,lesion:HAM_0002666,train
ISIC_0025330,/kaggle/input/datasets/nodoubttome/skin-cancer9-classesisic/Skin cancer ISIC The International Skin Imaging Collaboration/Train/pigmented benign keratosis/ISIC_0025330.jpg,BKL,HAM_0000453,lesion:HAM_0000453,train
ISIC_0025337,/kaggle/input/datasets/nodoubttome/skin-cancer9-classesisic/Skin cancer ISIC The International Skin Imaging Collaboration/Train/pigmented benign keratosis/ISIC_0025337.jpg,BKL,HAM_0002988,lesion:HAM_0002988,train
ISIC_0025339,/kaggle/input/datasets/nodoubttome/skin-cancer9-classesisic/Skin cancer ISIC The International Skin Imaging Collaboration/Train/pigmented benign keratosis/ISIC_0025339.jpg,BKL,HAM_0006755,lesion:HAM_0006755,train
ISIC_0025350,/kaggle/input/datasets/nodoubttome/skin-cancer9-classesisic/Skin cancer ISIC The International Skin Imaging Collaboration/Train/squamous cell carcinoma/ISIC_0025350.jpg,SCC,HAM_0005701,lesion:HAM_0005701,train
ISIC_0025358,/kaggle/input/datasets/nodoubttome/skin-cancer9-classesisic/Skin cancer ISIC The International Skin Imaging Collaboration/Train/squamous cell carcinoma/ISIC_0025358.jpg,SCC,HAM_0004398,lesion:HAM_0004398,train
ISIC_0025362,/kaggle/input/datasets/nodoubttome/skin-cancer9-classesisic/Skin cancer ISIC The International Skin Imaging Collaboration/Train/basal cell carcinoma/ISIC_0025362.jpg,BCC,HAM_0002959,lesion:HAM_0002959,train
ISIC_0025368,/kaggle/input/datasets/nodoubttome/skin-cancer9-classesisic/Skin cancer ISIC The International Skin Imaging Collaboration/Test/actinic keratosis/ISIC_0025368.jpg,AK,HAM_0004472,lesion:HAM_0004472,train
ISIC_0025373,/kaggle/input/datasets/nodoubttome/skin-cancer9-classesisic/Skin cancer ISIC The International Skin Imaging Collaboration/Train/dermatofibroma/ISIC_0025373.jpg,DF,HAM_0007569,lesion:HAM_0007569,train
ISIC_0025374,/kaggle/input/datasets/nodoubttome/skin-cancer9-classesisic/Skin cancer ISIC The International Skin Imaging Collaboration/Train/pigmented benign keratosis/ISIC_0025374.jpg,BKL,HAM_0006031,lesion:HAM_0006031,train
ISIC_0025376,/kaggle/input/datasets/nodoubttome/skin-cancer9-classesisic/Skin cancer ISIC The International Skin Imaging Collaboration/Train/pigmented benign keratosis/ISIC_0025376.jpg,BKL,HAM_0006580,lesion:HAM_0006580,train
ISIC_0025378,/kaggle/input/datasets/nodoubttome/skin-cancer9-classesisic/Skin cancer ISIC The International Skin Imaging Collaboration/Train/pigmented benign keratosis/ISIC_0025378.jpg,BKL,HAM_0000835,lesion:HAM_0000835,train
ISIC_0025387,/kaggle/input/datasets/nodoubttome/skin-cancer9-classesisic/Skin cancer ISIC The International Skin Imaging Collaboration/Train/pigmented benign keratosis/ISIC_0025387.jpg,BKL,HAM_0000792,lesion:HAM_0000792,train
ISIC_0025388,/kaggle/input/datasets/nodoubttome/skin-cancer9-classesisic/Skin cancer ISIC The International Skin Imaging Collaboration/Train/pigmented benign keratosis/ISIC_0025388.jpg,BKL,HAM_0003007,lesion:HAM_0003007,train
ISIC_0025392,/kaggle/input/datasets/nodoubttome/skin-cancer9-classesisic/Skin cancer ISIC The International Skin Imaging Collaboration/Train/pigmented benign keratosis/ISIC_0025392.jpg,BKL,HAM_0002161,lesion:HAM_0002161,train
ISIC_0025411,/kaggle/input/datasets/nodoubttome/skin-cancer9-classesisic/Skin cancer ISIC The International Skin Imaging Collaboration/Train/squamous cell carcinoma/ISIC_0025411.jpg,SCC,HAM_0002158,lesion:HAM_0002158,train
ISIC_0025417,/kaggle/input/datasets/nodoubttome/skin-cancer9-classesisic/Skin cancer ISIC The International Skin Imaging Collaboration/Train/basal cell carcinoma/ISIC_0025417.jpg,BCC,HAM_0002577,lesion:HAM_0002577,train
ISIC_0025425,/kaggle/input/datasets/nodoubttome/skin-cancer9-classesisic/Skin cancer ISIC The International Skin Imaging Collaboration/Train/vascular lesion/ISIC_0025425.jpg,VASC,HAM_0002787,lesion:HAM_0002787,train
ISIC_0025427,/kaggle/input/datasets/nodoubttome/skin-cancer9-classesisic/Skin cancer ISIC The International Skin Imaging Collaboration/Test/actinic keratosis/ISIC_0025427.jpg,AK,HAM_0001416,lesion:HAM_0001416,train
ISIC_0025431,/kaggle/input/datasets/nodoubttome/skin-cancer9-classesisic/Skin cancer ISIC The International Skin Imaging Collaboration/Train/pigmented benign keratosis/ISIC_0025431.jpg,BKL,HAM_0000607,lesion:HAM_0000607,train
ISIC_0025434,/kaggle/input/datasets/nodoubttome/skin-cancer9-classesisic/Skin cancer ISIC The International Skin Imaging Collaboration/Train/pigmented benign keratosis/ISIC_0025434.jpg,BKL,HAM_0001878,lesion:HAM_0001878,train
ISIC_0025465,/kaggle/input/datasets/nodoubttome/skin-cancer9-classesisic/Skin cancer ISIC The International Skin Imaging Collaboration/Train/pigmented benign keratosis/ISIC_0025465.jpg,BKL,HAM_0003996,lesion:HAM_0003996,train
ISIC_0025466,/kaggle/input/datasets/nodoubttome/skin-cancer9-classesisic/Skin cancer ISIC The International Skin Imaging Collaboration/Train/pigmented benign keratosis/ISIC_0025466.jpg,BKL,HAM_0001620,lesion:HAM_0001620,train
ISIC_0025471,/kaggle/input/datasets/nodoubttome/skin-cancer9-classesisic/Skin cancer ISIC The International Skin Imaging Collaboration/Train/squamous cell carcinoma/ISIC_0025471.jpg,SCC,HAM_0001967,lesion:HAM_0001967,train
ISIC_0025509,/kaggle/input/datasets/nodoubttome/skin-cancer9-classesisic/Skin cancer ISIC The International Skin Imaging Collaboration/Train/basal cell carcinoma/ISIC_0025509.jpg,BCC,HAM_0002269,lesion:HAM_0002269,train
ISIC_0025510,/kaggle/input/datasets/nodoubttome/skin-cancer9-classesisic/Skin cancer ISIC The International Skin Imaging Collaboration/Train/pigmented benign keratosis/ISIC_0025510.jpg,BKL,HAM_0002092,lesion:HAM_0002092,train
ISIC_0025515,/kaggle/input/datasets/nodoubttome/skin-cancer9-classesisic/Skin cancer ISIC The International Skin Imaging Collaboration/Train/pigmented benign keratosis/ISIC_0025515.jpg,BKL,HAM_0001781,lesion:HAM_0001781,train
ISIC_0025526,/kaggle/input/datasets/nodoubttome/skin-cancer9-classesisic/Skin cancer ISIC The International Skin Imaging Collaboration/Train/pigmented benign keratosis/ISIC_0025526.jpg,BKL,HAM_0003187,lesion:HAM_0003187,train
ISIC_0025529,/kaggle/input/datasets/nodoubttome/skin-cancer9-classesisic/Skin cancer ISIC The International Skin Imaging Collaboration/Train/pigmented benign keratosis/ISIC_0025529.jpg,BKL,HAM_0000898,lesion:HAM_0000898,train
ISIC_0025530,/kaggle/input/datasets/nodoubttome/skin-cancer9-classesisic/Skin cancer ISIC The International Skin Imaging Collaboration/Train/basal cell carcinoma/ISIC_0025530.jpg,BCC,HAM_0002313,lesion:HAM_0002313,train
ISIC_0025548,/kaggle/input/datasets/nodoubttome/skin-cancer9-classesisic/Skin cancer ISIC The International Skin Imaging Collaboration/Train/pigmented benign keratosis/ISIC_0025548.jpg,BKL,HAM_0003326,lesion:HAM_0003326,train
ISIC_0025554,/kaggle/input/datasets/nodoubttome/skin-cancer9-classesisic/Skin cancer ISIC The International Skin Imaging Collaboration/Train/pigmented benign keratosis/ISIC_0025554.jpg,BKL,HAM_0000907,lesion:HAM_0000907,train
ISIC_0025557,/kaggle/input/datasets/nodoubttome/skin-cancer9-classesisic/Skin cancer ISIC The International Skin Imaging Collaboration/Train/basal cell carcinoma/ISIC_0025557.jpg,BCC,HAM_0001900,lesion:HAM_0001900,train
ISIC_0025575,/kaggle/input/datasets/nodoubttome/skin-cancer9-classesisic/Skin cancer ISIC The International Skin Imaging Collaboration/Train/pigmented benign keratosis/ISIC_0025575.jpg,BKL,HAM_0001245,lesion:HAM_0001245,train
ISIC_0025576,/kaggle/input/datasets/nodoubttome/skin-cancer9-classesisic/Skin cancer ISIC The International Skin Imaging Collaboration/Train/basal cell carcinoma/ISIC_0025576.jpg,BCC,HAM_0006115,lesion:HAM_0006115,train
ISIC_0025577,/kaggle/input/datasets/nodoubttome/skin-cancer9-classesisic/Skin cancer ISIC The International Skin Imaging Collaboration/Train/squamous cell carcinoma/ISIC_0025577.jpg,SCC,HAM_0000005,lesion:HAM_0000005,train
ISIC_0025606,/kaggle/input/datasets/nodoubttome/skin-cancer9-classesisic/Skin cancer ISIC The International Skin Imaging Collaboration/Train/vascular lesion/ISIC_0025606.jpg,VASC,HAM_0005376,lesion:HAM_0005376,train
ISIC_0025617,/kaggle/input/datasets/nodoubttome/skin-cancer9-classesisic/Skin cancer ISIC The International Skin Imaging Collaboration/Train/basal cell carcinoma/ISIC_0025617.jpg,BCC,HAM_0004539,lesion:HAM_0004539,train
ISIC_0025622,/kaggle/input/datasets/nodoubttome/skin-cancer9-classesisic/Skin cancer ISIC The International Skin Imaging Collaboration/Train/dermatofibroma/ISIC_0025622.jpg,DF,HAM_0005362,lesion:HAM_0005362,train
ISIC_0025627,/kaggle/input/datasets/nodoubttome/skin-cancer9-classesisic/Skin cancer ISIC The International Skin Imaging Collaboration/Train/pigmented benign keratosis/ISIC_0025627.jpg,BKL,HAM_0005335,lesion:HAM_0005335,train
ISIC_0025628,/kaggle/input/datasets/nodoubttome/skin-cancer9-classesisic/Skin cancer ISIC The International Skin Imaging Collaboration/Train/vascular lesion/ISIC_0025628.jpg,VASC,HAM_0005475,lesion:HAM_0005475,train
ISIC_0025642,/kaggle/input/datasets/nodoubttome/skin-cancer9-classesisic/Skin cancer ISIC The International Skin Imaging Collaboration/Train/pigmented benign keratosis/ISIC_0025642.jpg,BKL,HAM_0007409,lesion:HAM_0007409,train
ISIC_0025650,/kaggle/input/datasets/nodoubttome/skin-cancer9-classesisic/Skin cancer ISIC The International Skin Imaging Collaboration/Train/basal cell carcinoma/ISIC_0025650.jpg,BCC,HAM_0002312,lesion:HAM_0002312,train
ISIC_0025654,/kaggle/input/datasets/nodoubttome/skin-cancer9-classesisic/Skin cancer ISIC The International Skin Imaging Collaboration/Train/pigmented benign keratosis/ISIC_0025654.jpg,BKL,HAM_0002742,lesion:HAM_0002742,train
ISIC_0025656,/kaggle/input/datasets/nodoubttome/skin-cancer9-classesisic/Skin cancer ISIC The International Skin Imaging Collaboration/Train/pigmented benign keratosis/ISIC_0025656.jpg,BKL,HAM_0005915,lesion:HAM_0005915,train
ISIC_0025661,/kaggle/input/datasets/nodoubttome/skin-cancer9-classesisic/Skin cancer ISIC The International Skin Imaging Collaboration/Train/pigmented benign keratosis/ISIC_0025661.jpg,BKL,HAM_0002730,lesion:HAM_0002730,train
ISIC_0025668,/kaggle/input/datasets/nodoubttome/skin-cancer9-classesisic/Skin cancer ISIC The International Skin Imaging Collaboration/Train/dermatofibroma/ISIC_0025668.jpg,DF,HAM_0007051,lesion:HAM_0007051,train
ISIC_0025677,/kaggle/input/datasets/nodoubttome/skin-cancer9-classesisic/Skin cancer ISIC The International Skin Imaging Collaboration/Train/vascular lesion/ISIC_0025677.jpg,VASC,HAM_0004097,lesion:HAM_0004097,train
ISIC_0025680,/kaggle/input/datasets/nodoubttome/skin-cancer9-classesisic/Skin cancer ISIC The International Skin Imaging Collaboration/Train/vascular lesion/ISIC_0025680.jpg,VASC,HAM_0000415,lesion:HAM_0000415,train
ISIC_0025696,/kaggle/input/datasets/nodoubttome/skin-cancer9-classesisic/Skin cancer ISIC The International Skin Imaging Collaboration/Train/squamous cell carcinoma/ISIC_0025696.jpg,SCC,HAM_0002472,lesion:HAM_0002472,train
ISIC_0025699,/kaggle/input/datasets/nodoubttome/skin-cancer9-classesisic/Skin cancer ISIC The International Skin Imaging Collaboration/Train/pigmented benign keratosis/ISIC_0025699.jpg,BKL,HAM_0005082,lesion:HAM_0005082,train
ISIC_0025703,/kaggle/input/datasets/nodoubttome/skin-cancer9-classesisic/Skin cancer ISIC The International Skin Imaging Collaboration/Train/pigmented benign keratosis/ISIC_0025703.jpg,BKL,HAM_0000110,lesion:HAM_0000110,train
ISIC_0025710,/kaggle/input/datasets/nodoubttome/skin-cancer9-classesisic/Skin cancer ISIC The International Skin Imaging Collaboration/Train/pigmented benign keratosis/ISIC_0025710.jpg,BKL,HAM_0001529,lesion:HAM_0001529,train
ISIC_0025711,/kaggle/input/datasets/nodoubttome/skin-cancer9-classesisic/Skin cancer ISIC The International Skin Imaging Collaboration/Train/basal cell carcinoma/ISIC_0025711.jpg,BCC,HAM_0005501,lesion:HAM_0005501,train
ISIC_0025719,/kaggle/input/datasets/nodoubttome/skin-cancer9-classesisic/Skin cancer ISIC The International Skin Imaging Collaboration/Train/pigmented benign keratosis/ISIC_0025719.jpg,BKL,HAM_0000833,lesion:HAM_0000833,train
ISIC_0025731,/kaggle/input/datasets/nodoubttome/skin-cancer9-classesisic/Skin cancer ISIC The International Skin Imaging Collaboration/Train/basal cell carcinoma/ISIC_0025731.jpg,BCC,HAM_0003981,lesion:HAM_0003981,train
ISIC_0025743,/kaggle/input/datasets/nodoubttome/skin-cancer9-classesisic/Skin cancer ISIC The International Skin Imaging Collaboration/Train/pigmented benign keratosis/ISIC_0025743.jpg,BKL,HAM_0004382,lesion:HAM_0004382,train
ISIC_0025746,/kaggle/input/datasets/nodoubttome/skin-cancer9-classesisic/Skin cancer ISIC The International Skin Imaging Collaboration/Train/pigmented benign keratosis/ISIC_0025746.jpg,BKL,HAM_0005591,lesion:HAM_0005591,train
ISIC_0025752,/kaggle/input/datasets/nodoubttome/skin-cancer9-classesisic/Skin cancer ISIC The International Skin Imaging Collaboration/Train/basal cell carcinoma/ISIC_0025752.jpg,BCC,HAM_0005435,lesion:HAM_0005435,train
ISIC_0025753,/kaggle/input/datasets/nodoubttome/skin-cancer9-classesisic/Skin cancer ISIC The International Skin Imaging Collaboration/Train/pigmented benign keratosis/ISIC_0025753.jpg,BKL,HAM_0004912,lesion:HAM_0004912,train
ISIC_0025767,/kaggle/input/datasets/nodoubttome/skin-cancer9-classesisic/Skin cancer ISIC The International Skin Imaging Collaboration/Train/pigmented benign keratosis/ISIC_0025767.jpg,BKL,HAM_0001949,lesion:HAM_0001949,train
ISIC_0025771,/kaggle/input/datasets/nodoubttome/skin-cancer9-classesisic/Skin cancer ISIC The International Skin Imaging Collaboration/Train/dermatofibroma/ISIC_0025771.jpg,DF,HAM_0001841,lesion:HAM_0001841,train
ISIC_0025780,/kaggle/input/datasets/nodoubttome/skin-cancer9-classesisic/Skin cancer ISIC The International Skin Imaging Collaboration/Train/actinic keratosis/ISIC_0025780.jpg,AK,HAM_0006587,lesion:HAM_0006587,train
ISIC_0025781,/kaggle/input/datasets/nodoubttome/skin-cancer9-classesisic/Skin cancer ISIC The International Skin Imaging Collaboration/Train/pigmented benign keratosis/ISIC_0025781.jpg,BKL,HAM_0005728,lesion:HAM_0005728,train
ISIC_0025793,/kaggle/input/datasets/nodoubttome/skin-cancer9-classesisic/Skin cancer ISIC The International Skin Imaging Collaboration/Train/basal cell carcinoma/ISIC_0025793.jpg,BCC,HAM_0004603,lesion:HAM_0004603,train
ISIC_0025803,/kaggle/input/datasets/nodoubttome/skin-cancer9-classesisic/Skin cancer ISIC The International Skin Imaging Collaboration/Train/actinic keratosis/ISIC_0025803.jpg,AK,HAM_0005024,lesion:HAM_0005024,train
ISIC_0025804,/kaggle/input/datasets/nodoubttome/skin-cancer9-classesisic/Skin cancer ISIC The International Skin Imaging Collaboration/Train/pigmented benign keratosis/ISIC_0025804.jpg,BKL,HAM_0001443,lesion:HAM_0001443,train
ISIC_0025807,/kaggle/input/datasets/nodoubttome/skin-cancer9-classesisic/Skin cancer ISIC The International Skin Imaging Collaboration/Train/vascular lesion/ISIC_0025807.jpg,VASC,HAM_0003771,lesion:HAM_0003771,train
ISIC_0025810,/kaggle/input/datasets/nodoubttome/skin-cancer9-classesisic/Skin cancer ISIC The International Skin Imaging Collaboration/Train/pigmented benign keratosis/ISIC_0025810.jpg,BKL,HAM_0003559,lesion:HAM_0003559,train
ISIC_0025819,/kaggle/input/datasets/nodoubttome/skin-cancer9-classesisic/Skin cancer ISIC The International Skin Imaging Collaboration/Train/pigmented benign keratosis/ISIC_0025819.jpg,BKL,HAM_0002299,lesion:HAM_0002299,train
ISIC_0025824,/kaggle/input/datasets/nodoubttome/skin-cancer9-classesisic/Skin cancer ISIC The International Skin Imaging Collaboration/Train/basal cell carcinoma/ISIC_0025824.jpg,BCC,HAM_0001331,lesion:HAM_0001331,train
ISIC_0025826,/kaggle/input/datasets/nodoubttome/skin-cancer9-classesisic/Skin cancer ISIC The International Skin Imaging Collaboration/Train/basal cell carcinoma/ISIC_0025826.jpg,BCC,HAM_0005585,lesion:HAM_0005585,train
ISIC_0025831,/kaggle/input/datasets/nodoubttome/skin-cancer9-classesisic/Skin cancer ISIC The International Skin Imaging Collaboration/Train/squamous cell carcinoma/ISIC_0025831.jpg,SCC,HAM_0004012,lesion:HAM_0004012,train
ISIC_0025838,/kaggle/input/datasets/nodoubttome/skin-cancer9-classesisic/Skin cancer ISIC The International Skin Imaging Collaboration/Train/pigmented benign keratosis/ISIC_0025838.jpg,BKL,HAM_0001362,lesion:HAM_0001362,train
ISIC_0025851,/kaggle/input/datasets/nodoubttome/skin-cancer9-classesisic/Skin cancer ISIC The International Skin Imaging Collaboration/Train/pigmented benign keratosis/ISIC_0025851.jpg,BKL,HAM_0005845,lesion:HAM_0005845,train
ISIC_0025856,/kaggle/input/datasets/nodoubttome/skin-cancer9-classesisic/Skin cancer ISIC The International Skin Imaging Collaboration/Train/pigmented benign keratosis/ISIC_0025856.jpg,BKL,HAM_0003165,lesion:HAM_0003165,train
ISIC_0025867,/kaggle/input/datasets/nodoubttome/skin-cancer9-classesisic/Skin cancer ISIC The International Skin Imaging Collaboration/Train/pigmented benign keratosis/ISIC_0025867.jpg,BKL,HAM_0007220,lesion:HAM_0007220,train
ISIC_0025876,/kaggle/input/datasets/nodoubttome/skin-cancer9-classesisic/Skin cancer ISIC The International Skin Imaging Collaboration/Train/pigmented benign keratosis/ISIC_0025876.jpg,BKL,HAM_0002957,lesion:HAM_0002957,train
ISIC_0025879,/kaggle/input/datasets/nodoubttome/skin-cancer9-classesisic/Skin cancer ISIC The International Skin Imaging Collaboration/Train/pigmented benign keratosis/ISIC_0025879.jpg,BKL,HAM_0004289,lesion:HAM_0004289,train
ISIC_0025885,/kaggle/input/datasets/nodoubttome/skin-cancer9-classesisic/Skin cancer ISIC The International Skin Imaging Collaboration/Train/pigmented benign keratosis/ISIC_0025885.jpg,BKL,HAM_0000582,lesion:HAM_0000582,train
ISIC_0025903,/kaggle/input/datasets/nodoubttome/skin-cancer9-classesisic/Skin cancer ISIC The International Skin Imaging Collaboration/Train/dermatofibroma/ISIC_0025903.jpg,DF,HAM_0002129,lesion:HAM_0002129,train
ISIC_0025906,/kaggle/input/datasets/nodoubttome/skin-cancer9-classesisic/Skin cancer ISIC The International Skin Imaging Collaboration/Train/pigmented benign keratosis/ISIC_0025906.jpg,BKL,HAM_0007179,lesion:HAM_0007179,train
ISIC_0025911,/kaggle/input/datasets/nodoubttome/skin-cancer9-classesisic/Skin cancer ISIC The International Skin Imaging Collaboration/Train/dermatofibroma/ISIC_0025911.jpg,DF,HAM_0004648,lesion:HAM_0004648,train
ISIC_0025915,/kaggle/input/datasets/nodoubttome/skin-cancer9-classesisic/Skin cancer ISIC The International Skin Imaging Collaboration/Train/pigmented benign keratosis/ISIC_0025915.jpg,BKL,HAM_0001601,lesion:HAM_0001601,train
ISIC_0025924,/kaggle/input/datasets/nodoubttome/skin-cancer9-classesisic/Skin cancer ISIC The International Skin Imaging Collaboration/Train/vascular lesion/ISIC_0025924.jpg,VASC,HAM_0006748,lesion:HAM_0006748,train
ISIC_0025932,/kaggle/input/datasets/nodoubttome/skin-cancer9-classesisic/Skin cancer ISIC The International Skin Imaging Collaboration/Train/basal cell carcinoma/ISIC_0025932.jpg,BCC,HAM_0007262,lesion:HAM_0007262,train
ISIC_0025940,/kaggle/input/datasets/nodoubttome/skin-cancer9-classesisic/Skin cancer ISIC The International Skin Imaging Collaboration/Train/basal cell carcinoma/ISIC_0025940.jpg,BCC,HAM_0001503,lesion:HAM_0001503,train
ISIC_0025954,/kaggle/input/datasets/nodoubttome/skin-cancer9-classesisic/Skin cancer ISIC The International Skin Imaging Collaboration/Train/dermatofibroma/ISIC_0025954.jpg,DF,HAM_0002706,lesion:HAM_0002706,train
ISIC_0025982,/kaggle/input/datasets/nodoubttome/skin-cancer9-classesisic/Skin cancer ISIC The International Skin Imaging Collaboration/Train/pigmented benign keratosis/ISIC_0025982.jpg,BKL,HAM_0002839,lesion:HAM_0002839,train
ISIC_0025984,/kaggle/input/datasets/nodoubttome/skin-cancer9-classesisic/Skin cancer ISIC The International Skin Imaging Collaboration/Train/pigmented benign keratosis/ISIC_0025984.jpg,BKL,HAM_0004234,lesion:HAM_0004234,train
ISIC_0025985,/kaggle/input/datasets/nodoubttome/skin-cancer9-classesisic/Skin cancer ISIC The International Skin Imaging Collaboration/Train/pigmented benign keratosis/ISIC_0025985.jpg,BKL,HAM_0004545,lesion:HAM_0004545,train
ISIC_0025986,/kaggle/input/datasets/nodoubttome/skin-cancer9-classesisic/Skin cancer ISIC The International Skin Imaging Collaboration/Train/pigmented benign keratosis/ISIC_0025986.jpg,BKL,HAM_0006123,lesion:HAM_0006123,train
ISIC_0025992,/kaggle/input/datasets/nodoubttome/skin-cancer9-classesisic/Skin cancer ISIC The International Skin Imaging Collaboration/Train/actinic keratosis/ISIC_0025992.jpg,AK,HAM_0005480,lesion:HAM_0005480,train
ISIC_0026015,/kaggle/input/datasets/nodoubttome/skin-cancer9-classesisic/Skin cancer ISIC The International Skin Imaging Collaboration/Train/pigmented benign keratosis/ISIC_0026015.jpg,BKL,HAM_0002350,lesion:HAM_0002350,train
ISIC_0026016,/kaggle/input/datasets/nodoubttome/skin-cancer9-classesisic/Skin cancer ISIC The International Skin Imaging Collaboration/Train/pigmented benign keratosis/ISIC_0026016.jpg,BKL,HAM_0003789,lesion:HAM_0003789,train
ISIC_0026040,/kaggle/input/datasets/nodoubttome/skin-cancer9-classesisic/Skin cancer ISIC The International Skin Imaging Collaboration/Train/actinic keratosis/ISIC_0026040.jpg,AK,HAM_0006252,lesion:HAM_0006252,train
ISIC_0026042,/kaggle/input/datasets/nodoubttome/skin-cancer9-classesisic/Skin cancer ISIC The International Skin Imaging Collaboration/Train/pigmented benign keratosis/ISIC_0026042.jpg,BKL,HAM_0007000,lesion:HAM_0007000,train
ISIC_0026044,/kaggle/input/datasets/nodoubttome/skin-cancer9-classesisic/Skin cancer ISIC The International Skin Imaging Collaboration/Train/pigmented benign keratosis/ISIC_0026044.jpg,BKL,HAM_0006945,lesion:HAM_0006945,train
ISIC_0026046,/kaggle/input/datasets/nodoubttome/skin-cancer9-classesisic/Skin cancer ISIC The International Skin Imaging Collaboration/Train/pigmented benign keratosis/ISIC_0026046.jpg,BKL,HAM_0002190,lesion:HAM_0002190,train
ISIC_0026056,/kaggle/input/datasets/nodoubttome/skin-cancer9-classesisic/Skin cancer ISIC The International Skin Imaging Collaboration/Train/basal cell carcinoma/ISIC_0026056.jpg,BCC,HAM_0005304,lesion:HAM_0005304,train
ISIC_0026069,/kaggle/input/datasets/nodoubttome/skin-cancer9-classesisic/Skin cancer ISIC The International Skin Imaging Collaboration/Train/pigmented benign keratosis/ISIC_0026069.jpg,BKL,HAM_0000524,lesion:HAM_0000524,train
ISIC_0026070,/kaggle/input/datasets/nodoubttome/skin-cancer9-classesisic/Skin cancer ISIC The International Skin Imaging Collaboration/Train/pigmented benign keratosis/ISIC_0026070.jpg,BKL,HAM_0002268,lesion:HAM_0002268,train
ISIC_0026074,/kaggle/input/datasets/nodoubttome/skin-cancer9-classesisic/Skin cancer ISIC The International Skin Imaging Collaboration/Train/basal cell carcinoma/ISIC_0026074.jpg,BCC,HAM_0000968,lesion:HAM_0000968,train
ISIC_0026085,/kaggle/input/datasets/nodoubttome/skin-cancer9-classesisic/Skin cancer ISIC The International Skin Imaging Collaboration/Train/pigmented benign keratosis/ISIC_0026085.jpg,BKL,HAM_0001858,lesion:HAM_0001858,train
ISIC_0026090,/kaggle/input/datasets/nodoubttome/skin-cancer9-classesisic/Skin cancer ISIC The International Skin Imaging Collaboration/Train/basal cell carcinoma/ISIC_0026090.jpg,BCC,HAM_0004084,lesion:HAM_0004084,train
ISIC_0026092,/kaggle/input/datasets/nodoubttome/skin-cancer9-classesisic/Skin cancer ISIC The International Skin Imaging Collaboration/Train/vascular lesion/ISIC_0026092.jpg,VASC,HAM_0002914,lesion:HAM_0002914,train
ISIC_0026117,/kaggle/input/datasets/nodoubttome/skin-cancer9-classesisic/Skin cancer ISIC The International Skin Imaging Collaboration/Train/basal cell carcinoma/ISIC_0026117.jpg,BCC,HAM_0005984,lesion:HAM_0005984,train
ISIC_0026118,/kaggle/input/datasets/nodoubttome/skin-cancer9-classesisic/Skin cancer ISIC The International Skin Imaging Collaboration/Train/basal cell carcinoma/ISIC_0026118.jpg,BCC,HAM_0007627,lesion:HAM_0007627,train
ISIC_0026132,/kaggle/input/datasets/nodoubttome/skin-cancer9-classesisic/Skin cancer ISIC The International Skin Imaging Collaboration/Train/squamous cell carcinoma/ISIC_0026132.jpg,SCC,HAM_0004992,lesion:HAM_0004992,train
ISIC_0026135,/kaggle/input/datasets/nodoubttome/skin-cancer9-classesisic/Skin cancer ISIC The International Skin Imaging Collaboration/Train/pigmented benign keratosis/ISIC_0026135.jpg,BKL,HAM_0006772,lesion:HAM_0006772,train
ISIC_0026142,/kaggle/input/datasets/nodoubttome/skin-cancer9-classesisic/Skin cancer ISIC The International Skin Imaging Collaboration/Train/pigmented benign keratosis/ISIC_0026142.jpg,BKL,HAM_0006945,lesion:HAM_0006945,train
ISIC_0026149,/kaggle/input/datasets/nodoubttome/skin-cancer9-classesisic/Skin cancer ISIC The International Skin Imaging Collaboration/Train/actinic keratosis/ISIC_0026149.jpg,AK,HAM_0005480,lesion:HAM_0005480,train
ISIC_0026152,/kaggle/input/datasets/nodoubttome/skin-cancer9-classesisic/Skin cancer ISIC The International Skin Imaging Collaboration/Train/squamous cell carcinoma/ISIC_0026152.jpg,SCC,HAM_0000549,lesion:HAM_0000549,train
ISIC_0026153,/kaggle/input/datasets/nodoubttome/skin-cancer9-classesisic/Skin cancer ISIC The International Skin Imaging Collaboration/Train/pigmented benign keratosis/ISIC_0026153.jpg,BKL,HAM_0002957,lesion:HAM_0002957,train
ISIC_0026154,/kaggle/input/datasets/nodoubttome/skin-cancer9-classesisic/Skin cancer ISIC The International Skin Imaging Collaboration/Train/basal cell carcinoma/ISIC_0026154.jpg,BCC,HAM_0006658,lesion:HAM_0006658,train
ISIC_0026159,/kaggle/input/datasets/nodoubttome/skin-cancer9-classesisic/Skin cancer ISIC The International Skin Imaging Collaboration/Train/pigmented benign keratosis/ISIC_0026159.jpg,BKL,HAM_0004491,lesion:HAM_0004491,train
ISIC_0026163,/kaggle/input/datasets/nodoubttome/skin-cancer9-classesisic/Skin cancer ISIC The International Skin Imaging Collaboration/Train/vascular lesion/ISIC_0026163.jpg,VASC,HAM_0003771,lesion:HAM_0003771,train
ISIC_0026171,/kaggle/input/datasets/nodoubttome/skin-cancer9-classesisic/Skin cancer ISIC The International Skin Imaging Collaboration/Train/actinic keratosis/ISIC_0026171.jpg,AK,HAM_0000356,lesion:HAM_0000356,train
ISIC_0026192,/kaggle/input/datasets/nodoubttome/skin-cancer9-classesisic/Skin cancer ISIC The International Skin Imaging Collaboration/Train/basal cell carcinoma/ISIC_0026192.jpg,BCC,HAM_0002611,lesion:HAM_0002611,train
ISIC_0026203,/kaggle/input/datasets/nodoubttome/skin-cancer9-classesisic/Skin cancer ISIC The International Skin Imaging Collaboration/Train/squamous cell carcinoma/ISIC_0026203.jpg,SCC,HAM_0003895,lesion:HAM_0003895,train
ISIC_0026205,/kaggle/input/datasets/nodoubttome/skin-cancer9-classesisic/Skin cancer ISIC The International Skin Imaging Collaboration/Train/pigmented benign keratosis/ISIC_0026205.jpg,BKL,HAM_0006912,lesion:HAM_0006912,train
ISIC_0026206,/kaggle/input/datasets/nodoubttome/skin-cancer9-classesisic/Skin cancer ISIC The International Skin Imaging Collaboration/Train/squamous cell carcinoma/ISIC_0026206.jpg,SCC,HAM_0000490,lesion:HAM_0000490,train
ISIC_0026230,/kaggle/input/datasets/nodoubttome/skin-cancer9-classesisic/Skin cancer ISIC The International Skin Imaging Collaboration/Train/basal cell carcinoma/ISIC_0026230.jpg,BCC,HAM_0005382,lesion:HAM_0005382,train
ISIC_0026248,/kaggle/input/datasets/nodoubttome/skin-cancer9-classesisic/Skin cancer ISIC The International Skin Imaging Collaboration/Train/pigmented benign keratosis/ISIC_0026248.jpg,BKL,HAM_0004224,lesion:HAM_0004224,train
ISIC_0026249,/kaggle/input/datasets/nodoubttome/skin-cancer9-classesisic/Skin cancer ISIC The International Skin Imaging Collaboration/Train/pigmented benign keratosis/ISIC_0026249.jpg,BKL,HAM_0007315,lesion:HAM_0007315,train
ISIC_0026254,/kaggle/input/datasets/nodoubttome/skin-cancer9-classesisic/Skin cancer ISIC The International Skin Imaging Collaboration/Train/dermatofibroma/ISIC_0026254.jpg,DF,HAM_0006816,lesion:HAM_0006816,train
ISIC_0026275,/kaggle/input/datasets/nodoubttome/skin-cancer9-classesisic/Skin cancer ISIC The International Skin Imaging Collaboration/Train/basal cell carcinoma/ISIC_0026275.jpg,BCC,HAM_0005804,lesion:HAM_0005804,train
ISIC_0026277,/kaggle/input/datasets/nodoubttome/skin-cancer9-classesisic/Skin cancer ISIC The International Skin Imaging Collaboration/Train/pigmented benign keratosis/ISIC_0026277.jpg,BKL,HAM_0000696,lesion:HAM_0000696,train
ISIC_0026282,/kaggle/input/datasets/nodoubttome/skin-cancer9-classesisic/Skin cancer ISIC The International Skin Imaging Collaboration/Train/basal cell carcinoma/ISIC_0026282.jpg,BCC,HAM_0005309,lesion:HAM_0005309,train
ISIC_0026286,/kaggle/input/datasets/nodoubttome/skin-cancer9-classesisic/Skin cancer ISIC The International Skin Imaging Collaboration/Train/pigmented benign keratosis/ISIC_0026286.jpg,BKL,HAM_0005157,lesion:HAM_0005157,train
ISIC_0026290,/kaggle/input/datasets/nodoubttome/skin-cancer9-classesisic/Skin cancer ISIC The International Skin Imaging Collaboration/Train/pigmented benign keratosis/ISIC_0026290.jpg,BKL,HAM_0002350,lesion:HAM_0002350,train
ISIC_0026301,/kaggle/input/datasets/nodoubttome/skin-cancer9-classesisic/Skin cancer ISIC The International Skin Imaging Collaboration/Train/pigmented benign keratosis/ISIC_0026301.jpg,BKL,HAM_0004917,lesion:HAM_0004917,train
ISIC_0026311,/kaggle/input/datasets/nodoubttome/skin-cancer9-classesisic/Skin cancer ISIC The International Skin Imaging Collaboration/Train/pigmented benign keratosis/ISIC_0026311.jpg,BKL,HAM_0006099,lesion:HAM_0006099,train
ISIC_0026316,/kaggle/input/datasets/nodoubttome/skin-cancer9-classesisic/Skin cancer ISIC The International Skin Imaging Collaboration/Train/pigmented benign keratosis/ISIC_0026316.jpg,BKL,HAM_0002400,lesion:HAM_0002400,train
ISIC_0026319,/kaggle/input/datasets/nodoubttome/skin-cancer9-classesisic/Skin cancer ISIC The International Skin Imaging Collaboration/Train/squamous cell carcinoma/ISIC_0026319.jpg,SCC,HAM_0003195,lesion:HAM_0003195,train
ISIC_0026335,/kaggle/input/datasets/nodoubttome/skin-cancer9-classesisic/Skin cancer ISIC The International Skin Imaging Collaboration/Train/pigmented benign keratosis/ISIC_0026335.jpg,BKL,HAM_0003856,lesion:HAM_0003856,train
ISIC_0026336,/kaggle/input/datasets/nodoubttome/skin-cancer9-classesisic/Skin cancer ISIC The International Skin Imaging Collaboration/Train/vascular lesion/ISIC_0026336.jpg,VASC,HAM_0006406,lesion:HAM_0006406,train
ISIC_0026349,/kaggle/input/datasets/nodoubttome/skin-cancer9-classesisic/Skin cancer ISIC The International Skin Imaging Collaboration/Train/vascular lesion/ISIC_0026349.jpg,VASC,HAM_0003829,lesion:HAM_0003829,train
ISIC_0026350,/kaggle/input/datasets/nodoubttome/skin-cancer9-classesisic/Skin cancer ISIC The International Skin Imaging Collaboration/Train/basal cell carcinoma/ISIC_0026350.jpg,BCC,HAM_0003039,lesion:HAM_0003039,train
ISIC_0026351,/kaggle/input/datasets/nodoubttome/skin-cancer9-classesisic/Skin cancer ISIC The International Skin Imaging Collaboration/Train/pigmented benign keratosis/ISIC_0026351.jpg,BKL,HAM_0003920,lesion:HAM_0003920,train
ISIC_0026362,/kaggle/input/datasets/nodoubttome/skin-cancer9-classesisic/Skin cancer ISIC The International Skin Imaging Collaboration/Train/squamous cell carcinoma/ISIC_0026362.jpg,SCC,HAM_0005301,lesion:HAM_0005301,train
ISIC_0026365,/kaggle/input/datasets/nodoubttome/skin-cancer9-classesisic/Skin cancer ISIC The International Skin Imaging Collaboration/Train/pigmented benign keratosis/ISIC_0026365.jpg,BKL,HAM_0006723,lesion:HAM_0006723,train
ISIC_0026378,/kaggle/input/datasets/nodoubttome/skin-cancer9-classesisic/Skin cancer ISIC The International Skin Imaging Collaboration/Train/pigmented benign keratosis/ISIC_0026378.jpg,BKL,HAM_0004426,lesion:HAM_0004426,train
ISIC_0026388,/kaggle/input/datasets/nodoubttome/skin-cancer9-classesisic/Skin cancer ISIC The International Skin Imaging Collaboration/Train/squamous cell carcinoma/ISIC_0026388.jpg,SCC,HAM_0003105,lesion:HAM_0003105,train
ISIC_0026393,/kaggle/input/datasets/nodoubttome/skin-cancer9-classesisic/Skin cancer ISIC The International Skin Imaging Collaboration/Train/vascular lesion/ISIC_0026393.jpg,VASC,HAM_0005011,lesion:HAM_0005011,train
ISIC_0026395,/kaggle/input/datasets/nodoubttome/skin-cancer9-classesisic/Skin cancer ISIC The International Skin Imaging Collaboration/Train/basal cell carcinoma/ISIC_0026395.jpg,BCC,HAM_0005382,lesion:HAM_0005382,train
ISIC_0026411,/kaggle/input/datasets/nodoubttome/skin-cancer9-classesisic/Skin cancer ISIC The International Skin Imaging Collaboration/Train/squamous cell carcinoma/ISIC_0026411.jpg,SCC,HAM_0004846,lesion:HAM_0004846,train
ISIC_0026416,/kaggle/input/datasets/nodoubttome/skin-cancer9-classesisic/Skin cancer ISIC The International Skin Imaging Collaboration/Train/pigmented benign keratosis/ISIC_0026416.jpg,BKL,HAM_0003979,lesion:HAM_0003979,train
ISIC_0026422,/kaggle/input/datasets/nodoubttome/skin-cancer9-classesisic/Skin cancer ISIC The International Skin Imaging Collaboration/Train/pigmented benign keratosis/ISIC_0026422.jpg,BKL,HAM_0003926,lesion:HAM_0003926,train
ISIC_0026433,/kaggle/input/datasets/nodoubttome/skin-cancer9-classesisic/Skin cancer ISIC The International Skin Imaging Collaboration/Train/basal cell carcinoma/ISIC_0026433.jpg,BCC,HAM_0003826,lesion:HAM_0003826,train
ISIC_0026439,/kaggle/input/datasets/nodoubttome/skin-cancer9-classesisic/Skin cancer ISIC The International Skin Imaging Collaboration/Train/basal cell carcinoma/ISIC_0026439.jpg,BCC,HAM_0000009,lesion:HAM_0000009,train
ISIC_0026441,/kaggle/input/datasets/nodoubttome/skin-cancer9-classesisic/Skin cancer ISIC The International Skin Imaging Collaboration/Train/pigmented benign keratosis/ISIC_0026441.jpg,BKL,HAM_0005993,lesion:HAM_0005993,train
ISIC_0026443,/kaggle/input/datasets/nodoubttome/skin-cancer9-classesisic/Skin cancer ISIC The International Skin Imaging Collaboration/Train/pigmented benign keratosis/ISIC_0026443.jpg,BKL,HAM_0002902,lesion:HAM_0002902,train
ISIC_0026444,/kaggle/input/datasets/nodoubttome/skin-cancer9-classesisic/Skin cancer ISIC The International Skin Imaging Collaboration/Train/pigmented benign keratosis/ISIC_0026444.jpg,BKL,HAM_0001539,lesion:HAM_0001539,train
ISIC_0026453,/kaggle/input/datasets/nodoubttome/skin-cancer9-classesisic/Skin cancer ISIC The International Skin Imaging Collaboration/Train/basal cell carcinoma/ISIC_0026453.jpg,BCC,HAM_0003328,lesion:HAM_0003328,train
ISIC_0026466,/kaggle/input/datasets/nodoubttome/skin-cancer9-classesisic/Skin cancer ISIC The International Skin Imaging Collaboration/Train/squamous cell carcinoma/ISIC_0026466.jpg,SCC,HAM_0000456,lesion:HAM_0000456,train
ISIC_0026467,/kaggle/input/datasets/nodoubttome/skin-cancer9-classesisic/Skin cancer ISIC The International Skin Imaging Collaboration/Train/vascular lesion/ISIC_0026467.jpg,VASC,HAM_0001537,lesion:HAM_0001537,train
ISIC_0026468,/kaggle/input/datasets/nodoubttome/skin-cancer9-classesisic/Skin cancer ISIC The International Skin Imaging Collaboration/Train/actinic keratosis/ISIC_0026468.jpg,AK,HAM_0001023,lesion:HAM_0001023,train
ISIC_0026473,/kaggle/input/datasets/nodoubttome/skin-cancer9-classesisic/Skin cancer ISIC The International Skin Imaging Collaboration/Train/dermatofibroma/ISIC_0026473.jpg,DF,HAM_0003110,lesion:HAM_0003110,train
ISIC_0026477,/kaggle/input/datasets/nodoubttome/skin-cancer9-classesisic/Skin cancer ISIC The International Skin Imaging Collaboration/Train/pigmented benign keratosis/ISIC_0026477.jpg,BKL,HAM_0006563,lesion:HAM_0006563,train
ISIC_0026490,/kaggle/input/datasets/nodoubttome/skin-cancer9-classesisic/Skin cancer ISIC The International Skin Imaging Collaboration/Train/vascular lesion/ISIC_0026490.jpg,VASC,HAM_0006291,lesion:HAM_0006291,train
ISIC_0026493,/kaggle/input/datasets/nodoubttome/skin-cancer9-classesisic/Skin cancer ISIC The International Skin Imaging Collaboration/Train/pigmented benign keratosis/ISIC_0026493.jpg,BKL,HAM_0000259,lesion:HAM_0000259,train
ISIC_0026496,/kaggle/input/datasets/nodoubttome/skin-cancer9-classesisic/Skin cancer ISIC The International Skin Imaging Collaboration/Train/basal cell carcinoma/ISIC_0026496.jpg,BCC,HAM_0005757,lesion:HAM_0005757,train
ISIC_0026514,/kaggle/input/datasets/nodoubttome/skin-cancer9-classesisic/Skin cancer ISIC The International Skin Imaging Collaboration/Train/pigmented benign keratosis/ISIC_0026514.jpg,BKL,HAM_0007598,lesion:HAM_0007598,train
ISIC_0026522,/kaggle/input/datasets/nodoubttome/skin-cancer9-classesisic/Skin cancer ISIC The International Skin Imaging Collaboration/Train/squamous cell carcinoma/ISIC_0026522.jpg,SCC,HAM_0005505,lesion:HAM_0005505,train
ISIC_0026524,/kaggle/input/datasets/nodoubttome/skin-cancer9-classesisic/Skin cancer ISIC The International Skin Imaging Collaboration/Train/pigmented benign keratosis/ISIC_0026524.jpg,BKL,HAM_0000524,lesion:HAM_0000524,train
ISIC_0026525,/kaggle/input/datasets/nodoubttome/skin-cancer9-classesisic/Skin cancer ISIC The International Skin Imaging Collaboration/Train/actinic keratosis/ISIC_0026525.jpg,AK,HAM_0001048,lesion:HAM_0001048,train
ISIC_0026530,/kaggle/input/datasets/nodoubttome/skin-cancer9-classesisic/Skin cancer ISIC The International Skin Imaging Collaboration/Train/pigmented benign keratosis/ISIC_0026530.jpg,BKL,HAM_0000835,lesion:HAM_0000835,train
ISIC_0026538,/kaggle/input/datasets/nodoubttome/skin-cancer9-classesisic/Skin cancer ISIC The International Skin Imaging Collaboration/Train/pigmented benign keratosis/ISIC_0026538.jpg,BKL,HAM_0003766,lesion:HAM_0003766,train
ISIC_0026553,/kaggle/input/datasets/nodoubttome/skin-cancer9-classesisic/Skin cancer ISIC The International Skin Imaging Collaboration/Train/pigmented benign keratosis/ISIC_0026553.jpg,BKL,HAM_0007024,lesion:HAM_0007024,train
ISIC_0026556,/kaggle/input/datasets/nodoubttome/skin-cancer9-classesisic/Skin cancer ISIC The International Skin Imaging Collaboration/Train/pigmented benign keratosis/ISIC_0026556.jpg,BKL,HAM_0002005,lesion:HAM_0002005,train
ISIC_0026566,/kaggle/input/datasets/nodoubttome/skin-cancer9-classesisic/Skin cancer ISIC The International Skin Imaging Collaboration/Train/pigmented benign keratosis/ISIC_0026566.jpg,BKL,HAM_0004078,lesion:HAM_0004078,train
ISIC_0026567,/kaggle/input/datasets/nodoubttome/skin-cancer9-classesisic/Skin cancer ISIC The International Skin Imaging Collaboration/Train/pigmented benign keratosis/ISIC_0026567.jpg,BKL,HAM_0000999,lesion:HAM_0000999,train
ISIC_0026574,/kaggle/input/datasets/nodoubttome/skin-cancer9-classesisic/Skin cancer ISIC The International Skin Imaging Collaboration/Train/basal cell carcinoma/ISIC_0026574.jpg,BCC,HAM_0005660,lesion:HAM_0005660,train
ISIC_0026576,/kaggle/input/datasets/nodoubttome/skin-cancer9-classesisic/Skin cancer ISIC The International Skin Imaging Collaboration/Train/pigmented benign keratosis/ISIC_0026576.jpg,BKL,HAM_0004630,lesion:HAM_0004630,train
ISIC_0026593,/kaggle/input/datasets/nodoubttome/skin-cancer9-classesisic/Skin cancer ISIC The International Skin Imaging Collaboration/Train/basal cell carcinoma/ISIC_0026593.jpg,BCC,HAM_0004970,lesion:HAM_0004970,train
ISIC_0026606,/kaggle/input/datasets/nodoubttome/skin-cancer9-classesisic/Skin cancer ISIC The International Skin Imaging Collaboration/Train/pigmented benign keratosis/ISIC_0026606.jpg,BKL,HAM_0006123,lesion:HAM_0006123,train
ISIC_0026607,/kaggle/input/datasets/nodoubttome/skin-cancer9-classesisic/Skin cancer ISIC The International Skin Imaging Collaboration/Train/pigmented benign keratosis/ISIC_0026607.jpg,BKL,HAM_0007529,lesion:HAM_0007529,train
ISIC_0026614,/kaggle/input/datasets/nodoubttome/skin-cancer9-classesisic/Skin cancer ISIC The International Skin Imaging Collaboration/Train/pigmented benign keratosis/ISIC_0026614.jpg,BKL,HAM_0001232,lesion:HAM_0001232,train
ISIC_0026625,/kaggle/input/datasets/nodoubttome/skin-cancer9-classesisic/Skin cancer ISIC The International Skin Imaging Collaboration/Train/actinic keratosis/ISIC_0026625.jpg,AK,HAM_0005354,lesion:HAM_0005354,train
ISIC_0026629,/kaggle/input/datasets/nodoubttome/skin-cancer9-classesisic/Skin cancer ISIC The International Skin Imaging Collaboration/Train/dermatofibroma/ISIC_0026629.jpg,DF,HAM_0004065,lesion:HAM_0004065,train
ISIC_0026631,/kaggle/input/datasets/nodoubttome/skin-cancer9-classesisic/Skin cancer ISIC The International Skin Imaging Collaboration/Train/pigmented benign keratosis/ISIC_0026631.jpg,BKL,HAM_0000985,lesion:HAM_0000985,train
ISIC_0026637,/kaggle/input/datasets/nodoubttome/skin-cancer9-classesisic/Skin cancer ISIC The International Skin Imaging Collaboration/Train/pigmented benign keratosis/ISIC_0026637.jpg,BKL,HAM_0001221,lesion:HAM_0001221,train
ISIC_0026661,/kaggle/input/datasets/nodoubttome/skin-cancer9-classesisic/Skin cancer ISIC The International Skin Imaging Collaboration/Train/pigmented benign keratosis/ISIC_0026661.jpg,BKL,HAM_0000992,lesion:HAM_0000992,train
ISIC_0026663,/kaggle/input/datasets/nodoubttome/skin-cancer9-classesisic/Skin cancer ISIC The International Skin Imaging Collaboration/Train/pigmented benign keratosis/ISIC_0026663.jpg,BKL,HAM_0001815,lesion:HAM_0001815,train
ISIC_0026679,/kaggle/input/datasets/nodoubttome/skin-cancer9-classesisic/Skin cancer ISIC The International Skin Imaging Collaboration/Train/pigmented benign keratosis/ISIC_0026679.jpg,BKL,HAM_0005935,lesion:HAM_0005935,train
ISIC_0026702,/kaggle/input/datasets/nodoubttome/skin-cancer9-classesisic/Skin cancer ISIC The International Skin Imaging Collaboration/Train/actinic keratosis/ISIC_0026702.jpg,AK,HAM_0005228,lesion:HAM_0005228,train
ISIC_0026713,/kaggle/input/datasets/nodoubttome/skin-cancer9-classesisic/Skin cancer ISIC The International Skin Imaging Collaboration/Train/vascular lesion/ISIC_0026713.jpg,VASC,HAM_0006138,lesion:HAM_0006138,train
ISIC_0026714,/kaggle/input/datasets/nodoubttome/skin-cancer9-classesisic/Skin cancer ISIC The International Skin Imaging Collaboration/Train/pigmented benign keratosis/ISIC_0026714.jpg,BKL,HAM_0004889,lesion:HAM_0004889,train
ISIC_0026717,/kaggle/input/datasets/nodoubttome/skin-cancer9-classesisic/Skin cancer ISIC The International Skin Imaging Collaboration/Train/pigmented benign keratosis/ISIC_0026717.jpg,BKL,HAM_0002527,lesion:HAM_0002527,train
ISIC_0026720,/kaggle/input/datasets/nodoubttome/skin-cancer9-classesisic/Skin cancer ISIC The International Skin Imaging Collaboration/Train/squamous cell carcinoma/ISIC_0026720.jpg,SCC,HAM_0000688,lesion:HAM_0000688,train
ISIC_0026728,/kaggle/input/datasets/nodoubttome/skin-cancer9-classesisic/Skin cancer ISIC The International Skin Imaging Collaboration/Train/pigmented benign keratosis/ISIC_0026728.jpg,BKL,HAM_0000884,lesion:HAM_0000884,train
ISIC_0026729,/kaggle/input/datasets/nodoubttome/skin-cancer9-classesisic/Skin cancer ISIC The International Skin Imaging Collaboration/Train/actinic keratosis/ISIC_0026729.jpg,AK,HAM_0006560,lesion:HAM_0006560,train
ISIC_0026737,/kaggle/input/datasets/nodoubttome/skin-cancer9-classesisic/Skin cancer ISIC The International Skin Imaging Collaboration/Train/pigmented benign keratosis/ISIC_0026737.jpg,BKL,HAM_0004423,lesion:HAM_0004423,train
ISIC_0026765,/kaggle/input/datasets/nodoubttome/skin-cancer9-classesisic/Skin cancer ISIC The International Skin Imaging Collaboration/Train/actinic keratosis/ISIC_0026765.jpg,AK,HAM_0001474,lesion:HAM_0001474,train
ISIC_0026766,/kaggle/input/datasets/nodoubttome/skin-cancer9-classesisic/Skin cancer ISIC The International Skin Imaging Collaboration/Train/basal cell carcinoma/ISIC_0026766.jpg,BCC,HAM_0005982,lesion:HAM_0005982,train
ISIC_0026769,/kaggle/input/datasets/nodoubttome/skin-cancer9-classesisic/Skin cancer ISIC The International Skin Imaging Collaboration/Train/pigmented benign keratosis/ISIC_0026769.jpg,BKL,HAM_0002730,lesion:HAM_0002730,train
ISIC_0026775,/kaggle/input/datasets/nodoubttome/skin-cancer9-classesisic/Skin cancer ISIC The International Skin Imaging Collaboration/Train/pigmented benign keratosis/ISIC_0026775.jpg,BKL,HAM_0001389,lesion:HAM_0001389,train
ISIC_0026789,/kaggle/input/datasets/nodoubttome/skin-cancer9-classesisic/Skin cancer ISIC The International Skin Imaging Collaboration/Train/dermatofibroma/ISIC_0026789.jpg,DF,HAM_0003110,lesion:HAM_0003110,train
ISIC_0026798,/kaggle/input/datasets/nodoubttome/skin-cancer9-classesisic/Skin cancer ISIC The International Skin Imaging Collaboration/Train/basal cell carcinoma/ISIC_0026798.jpg,BCC,HAM_0005536,lesion:HAM_0005536,train
ISIC_0026827,/kaggle/input/datasets/nodoubttome/skin-cancer9-classesisic/Skin cancer ISIC The International Skin Imaging Collaboration/Train/pigmented benign keratosis/ISIC_0026827.jpg,BKL,HAM_0005465,lesion:HAM_0005465,train
ISIC_0026829,/kaggle/input/datasets/nodoubttome/skin-cancer9-classesisic/Skin cancer ISIC The International Skin Imaging Collaboration/Train/basal cell carcinoma/ISIC_0026829.jpg,BCC,HAM_0007497,lesion:HAM_0007497,train
ISIC_0026831,/kaggle/input/datasets/nodoubttome/skin-cancer9-classesisic/Skin cancer ISIC The International Skin Imaging Collaboration/Train/basal cell carcinoma/ISIC_0026831.jpg,BCC,HAM_0006387,lesion:HAM_0006387,train
ISIC_0026843,/kaggle/input/datasets/nodoubttome/skin-cancer9-classesisic/Skin cancer ISIC The International Skin Imaging Collaboration/Train/pigmented benign keratosis/ISIC_0026843.jpg,BKL,HAM_0005082,lesion:HAM_0005082,train
ISIC_0026844,/kaggle/input/datasets/nodoubttome/skin-cancer9-classesisic/Skin cancer ISIC The International Skin Imaging Collaboration/Train/pigmented benign keratosis/ISIC_0026844.jpg,BKL,HAM_0004114,lesion:HAM_0004114,train
ISIC_0026845,/kaggle/input/datasets/nodoubttome/skin-cancer9-classesisic/Skin cancer ISIC The International Skin Imaging Collaboration/Train/basal cell carcinoma/ISIC_0026845.jpg,BCC,HAM_0001283,lesion:HAM_0001283,train
ISIC_0026846,/kaggle/input/datasets/nodoubttome/skin-cancer9-classesisic/Skin cancer ISIC The International Skin Imaging Collaboration/Train/pigmented benign keratosis/ISIC_0026846.jpg,BKL,HAM_0003287,lesion:HAM_0003287,train
ISIC_0026848,/kaggle/input/datasets/nodoubttome/skin-cancer9-classesisic/Skin cancer ISIC The International Skin Imaging Collaboration/Train/actinic keratosis/ISIC_0026848.jpg,AK,HAM_0007308,lesion:HAM_0007308,train
ISIC_0026849,/kaggle/input/datasets/nodoubttome/skin-cancer9-classesisic/Skin cancer ISIC The International Skin Imaging Collaboration/Train/pigmented benign keratosis/ISIC_0026849.jpg,BKL,HAM_0004545,lesion:HAM_0004545,train
ISIC_0026855,/kaggle/input/datasets/nodoubttome/skin-cancer9-classesisic/Skin cancer ISIC The International Skin Imaging Collaboration/Train/basal cell carcinoma/ISIC_0026855.jpg,BCC,HAM_0000457,lesion:HAM_0000457,train
ISIC_0026865,/kaggle/input/datasets/nodoubttome/skin-cancer9-classesisic/Skin cancer ISIC The International Skin Imaging Collaboration/Train/basal cell carcinoma/ISIC_0026865.jpg,BCC,HAM_0005509,lesion:HAM_0005509,train
ISIC_0026893,/kaggle/input/datasets/nodoubttome/skin-cancer9-classesisic/Skin cancer ISIC The International Skin Imaging Collaboration/Train/pigmented benign keratosis/ISIC_0026893.jpg,BKL,HAM_0003791,lesion:HAM_0003791,train
ISIC_0026895,/kaggle/input/datasets/nodoubttome/skin-cancer9-classesisic/Skin cancer ISIC The International Skin Imaging Collaboration/Train/pigmented benign keratosis/ISIC_0026895.jpg,BKL,HAM_0003605,lesion:HAM_0003605,train
ISIC_0026905,/kaggle/input/datasets/nodoubttome/skin-cancer9-classesisic/Skin cancer ISIC The International Skin Imaging Collaboration/Train/actinic keratosis/ISIC_0026905.jpg,AK,HAM_0006180,lesion:HAM_0006180,train
ISIC_0026907,/kaggle/input/datasets/nodoubttome/skin-cancer9-classesisic/Skin cancer ISIC The International Skin Imaging Collaboration/Train/pigmented benign keratosis/ISIC_0026907.jpg,BKL,HAM_0005291,lesion:HAM_0005291,train
ISIC_0026912,/kaggle/input/datasets/nodoubttome/skin-cancer9-classesisic/Skin cancer ISIC The International Skin Imaging Collaboration/Train/pigmented benign keratosis/ISIC_0026912.jpg,BKL,HAM_0007337,lesion:HAM_0007337,train
ISIC_0026927,/kaggle/input/datasets/nodoubttome/skin-cancer9-classesisic/Skin cancer ISIC The International Skin Imaging Collaboration/Train/squamous cell carcinoma/ISIC_0026927.jpg,SCC,HAM_0003501,lesion:HAM_0003501,train
ISIC_0026940,/kaggle/input/datasets/nodoubttome/skin-cancer9-classesisic/Skin cancer ISIC The International Skin Imaging Collaboration/Train/basal cell carcinoma/ISIC_0026940.jpg,BCC,HAM_0005973,lesion:HAM_0005973,train
ISIC_0026941,/kaggle/input/datasets/nodoubttome/skin-cancer9-classesisic/Skin cancer ISIC The International Skin Imaging Collaboration/Train/pigmented benign keratosis/ISIC_0026941.jpg,BKL,HAM_0003715,lesion:HAM_0003715,train
ISIC_0026947,/kaggle/input/datasets/nodoubttome/skin-cancer9-classesisic/Skin cancer ISIC The International Skin Imaging Collaboration/Train/pigmented benign keratosis/ISIC_0026947.jpg,BKL,HAM_0000425,lesion:HAM_0000425,train
ISIC_0026952,/kaggle/input/datasets/nodoubttome/skin-cancer9-classesisic/Skin cancer ISIC The International Skin Imaging Collaboration/Train/basal cell carcinoma/ISIC_0026952.jpg,BCC,HAM_0002167,lesion:HAM_0002167,train
ISIC_0026955,/kaggle/input/datasets/nodoubttome/skin-cancer9-classesisic/Skin cancer ISIC The International Skin Imaging Collaboration/Train/pigmented benign keratosis/ISIC_0026955.jpg,BKL,HAM_0003569,lesion:HAM_0003569,train
ISIC_0026958,/kaggle/input/datasets/nodoubttome/skin-cancer9-classesisic/Skin cancer ISIC The International Skin Imaging Collaboration/Train/pigmented benign keratosis/ISIC_0026958.jpg,BKL,HAM_0001773,lesion:HAM_0001773,train
ISIC_0026959,/kaggle/input/datasets/nodoubttome/skin-cancer9-classesisic/Skin cancer ISIC The International Skin Imaging Collaboration/Train/pigmented benign keratosis/ISIC_0026959.jpg,BKL,HAM_0003426,lesion:HAM_0003426,train
ISIC_0026968,/kaggle/input/datasets/nodoubttome/skin-cancer9-classesisic/Skin cancer ISIC The International Skin Imaging Collaboration/Train/basal cell carcinoma/ISIC_0026968.jpg,BCC,HAM_0000612,lesion:HAM_0000612,train
ISIC_0026970,/kaggle/input/datasets/nodoubttome/skin-cancer9-classesisic/Skin cancer ISIC The International Skin Imaging Collaboration/Train/basal cell carcinoma/ISIC_0026970.jpg,BCC,HAM_0004940,lesion:HAM_0004940,train
ISIC_0026992,/kaggle/input/datasets/nodoubttome/skin-cancer9-classesisic/Skin cancer ISIC The International Skin Imaging Collaboration/Train/squamous cell carcinoma/ISIC_0026992.jpg,SCC,HAM_0003146,lesion:HAM_0003146,train
ISIC_0026995,/kaggle/input/datasets/nodoubttome/skin-cancer9-classesisic/Skin cancer ISIC The International Skin Imaging Collaboration/Train/basal cell carcinoma/ISIC_0026995.jpg,BCC,HAM_0001693,lesion:HAM_0001693,train
ISIC_0027004,/kaggle/input/datasets/nodoubttome/skin-cancer9-classesisic/Skin cancer ISIC The International Skin Imaging Collaboration/Train/basal cell carcinoma/ISIC_0027004.jpg,BCC,HAM_0003826,lesion:HAM_0003826,train
ISIC_0027006,/kaggle/input/datasets/nodoubttome/skin-cancer9-classesisic/Skin cancer ISIC The International Skin Imaging Collaboration/Train/pigmented benign keratosis/ISIC_0027006.jpg,BKL,HAM_0007018,lesion:HAM_0007018,train
ISIC_0027017,/kaggle/input/datasets/nodoubttome/skin-cancer9-classesisic/Skin cancer ISIC The International Skin Imaging Collaboration/Train/pigmented benign keratosis/ISIC_0027017.jpg,BKL,HAM_0003183,lesion:HAM_0003183,train
ISIC_0027018,/kaggle/input/datasets/nodoubttome/skin-cancer9-classesisic/Skin cancer ISIC The International Skin Imaging Collaboration/Train/pigmented benign keratosis/ISIC_0027018.jpg,BKL,HAM_0006525,lesion:HAM_0006525,train
ISIC_0027025,/kaggle/input/datasets/nodoubttome/skin-cancer9-classesisic/Skin cancer ISIC The International Skin Imaging Collaboration/Train/pigmented benign keratosis/ISIC_0027025.jpg,BKL,HAM_0000121,lesion:HAM_0000121,train
ISIC_0027026,/kaggle/input/datasets/nodoubttome/skin-cancer9-classesisic/Skin cancer ISIC The International Skin Imaging Collaboration/Train/pigmented benign keratosis/ISIC_0027026.jpg,BKL,HAM_0002585,lesion:HAM_0002585,train
ISIC_0027027,/kaggle/input/datasets/nodoubttome/skin-cancer9-classesisic/Skin cancer ISIC The International Skin Imaging Collaboration/Train/pigmented benign keratosis/ISIC_0027027.jpg,BKL,HAM_0007604,lesion:HAM_0007604,train
ISIC_0027037,/kaggle/input/datasets/nodoubttome/skin-cancer9-classesisic/Skin cancer ISIC The International Skin Imaging Collaboration/Train/pigmented benign keratosis/ISIC_0027037.jpg,BKL,HAM_0003140,lesion:HAM_0003140,train
ISIC_0027038,/kaggle/input/datasets/nodoubttome/skin-cancer9-classesisic/Skin cancer ISIC The International Skin Imaging Collaboration/Train/basal cell carcinoma/ISIC_0027038.jpg,BCC,HAM_0005985,lesion:HAM_0005985,train
ISIC_0027042,/kaggle/input/datasets/nodoubttome/skin-cancer9-classesisic/Skin cancer ISIC The International Skin Imaging Collaboration/Train/pigmented benign keratosis/ISIC_0027042.jpg,BKL,HAM_0002078,lesion:HAM_0002078,train
ISIC_0027044,/kaggle/input/datasets/nodoubttome/skin-cancer9-classesisic/Skin cancer ISIC The International Skin Imaging Collaboration/Train/dermatofibroma/ISIC_0027044.jpg,DF,HAM_0002871,lesion:HAM_0002871,train
ISIC_0027047,/kaggle/input/datasets/nodoubttome/skin-cancer9-classesisic/Skin cancer ISIC The International Skin Imaging Collaboration/Train/squamous cell carcinoma/ISIC_0027047.jpg,SCC,HAM_0001786,lesion:HAM_0001786,train
ISIC_0027053,/kaggle/input/datasets/nodoubttome/skin-cancer9-classesisic/Skin cancer ISIC The International Skin Imaging Collaboration/Train/pigmented benign keratosis/ISIC_0027053.jpg,BKL,HAM_0003847,lesion:HAM_0003847,train
ISIC_0027057,/kaggle/input/datasets/nodoubttome/skin-cancer9-classesisic/Skin cancer ISIC The International Skin Imaging Collaboration/Train/basal cell carcinoma/ISIC_0027057.jpg,BCC,HAM_0002021,lesion:HAM_0002021,train
ISIC_0027064,/kaggle/input/datasets/nodoubttome/skin-cancer9-classesisic/Skin cancer ISIC The International Skin Imaging Collaboration/Train/pigmented benign keratosis/ISIC_0027064.jpg,BKL,HAM_0000398,lesion:HAM_0000398,train
ISIC_0027068,/kaggle/input/datasets/nodoubttome/skin-cancer9-classesisic/Skin cancer ISIC The International Skin Imaging Collaboration/Train/pigmented benign keratosis/ISIC_0027068.jpg,BKL,HAM_0007296,lesion:HAM_0007296,train
ISIC_0027090,/kaggle/input/datasets/nodoubttome/skin-cancer9-classesisic/Skin cancer ISIC The International Skin Imaging Collaboration/Train/basal cell carcinoma/ISIC_0027090.jpg,BCC,HAM_0001018,lesion:HAM_0001018,train
ISIC_0027093,/kaggle/input/datasets/nodoubttome/skin-cancer9-classesisic/Skin cancer ISIC The International Skin Imaging Collaboration/Train/basal cell carcinoma/ISIC_0027093.jpg,BCC,HAM_0002959,lesion:HAM_0002959,train
ISIC_0027094,/kaggle/input/datasets/nodoubttome/skin-cancer9-classesisic/Skin cancer ISIC The International Skin Imaging Collaboration/Train/pigmented benign keratosis/ISIC_0027094.jpg,BKL,HAM_0001292,lesion:HAM_0001292,train
ISIC_0027107,/kaggle/input/datasets/nodoubttome/skin-cancer9-classesisic/Skin cancer ISIC The International Skin Imaging Collaboration/Train/dermatofibroma/ISIC_0027107.jpg,DF,HAM_0004036,lesion:HAM_0004036,train
ISIC_0027135,/kaggle/input/datasets/nodoubttome/skin-cancer9-classesisic/Skin cancer ISIC The International Skin Imaging Collaboration/Train/basal cell carcinoma/ISIC_0027135.jpg,BCC,HAM_0004388,lesion:HAM_0004388,train
ISIC_0027139,/kaggle/input/datasets/nodoubttome/skin-cancer9-classesisic/Skin cancer ISIC The International Skin Imaging Collaboration/Train/pigmented benign keratosis/ISIC_0027139.jpg,BKL,HAM_0005440,lesion:HAM_0005440,train
ISIC_0027142,/kaggle/input/datasets/nodoubttome/skin-cancer9-classesisic/Skin cancer ISIC The International Skin Imaging Collaboration/Train/pigmented benign keratosis/ISIC_0027142.jpg,BKL,HAM_0004322,lesion:HAM_0004322,train
ISIC_0027146,/kaggle/input/datasets/nodoubttome/skin-cancer9-classesisic/Skin cancer ISIC The International Skin Imaging Collaboration/Train/basal cell carcinoma/ISIC_0027146.jpg,BCC,HAM_0007009,lesion:HAM_0007009,train
ISIC_0027151,/kaggle/input/datasets/nodoubttome/skin-cancer9-classesisic/Skin cancer ISIC The International Skin Imaging Collaboration/Train/pigmented benign keratosis/ISIC_0027151.jpg,BKL,HAM_0007179,lesion:HAM_0007179,train
ISIC_0027167,/kaggle/input/datasets/nodoubttome/skin-cancer9-classesisic/Skin cancer ISIC The International Skin Imaging Collaboration/Train/pigmented benign keratosis/ISIC_0027167.jpg,BKL,HAM_0003859,lesion:HAM_0003859,train
ISIC_0027172,/kaggle/input/datasets/nodoubttome/skin-cancer9-classesisic/Skin cancer ISIC The International Skin Imaging Collaboration/Train/actinic keratosis/ISIC_0027172.jpg,AK,HAM_0003939,lesion:HAM_0003939,train
ISIC_0027175,/kaggle/input/datasets/nodoubttome/skin-cancer9-classesisic/Skin cancer ISIC The International Skin Imaging Collaboration/Train/basal cell carcinoma/ISIC_0027175.jpg,BCC,HAM_0000655,lesion:HAM_0000655,train
ISIC_0027178,/kaggle/input/datasets/nodoubttome/skin-cancer9-classesisic/Skin cancer ISIC The International Skin Imaging Collaboration/Train/squamous cell carcinoma/ISIC_0027178.jpg,SCC,HAM_0002705,lesion:HAM_0002705,train
ISIC_0027192,/kaggle/input/datasets/nodoubttome/skin-cancer9-classesisic/Skin cancer ISIC The International Skin Imaging Collaboration/Train/pigmented benign keratosis/ISIC_0027192.jpg,BKL,HAM_0001024,lesion:HAM_0001024,train
ISIC_0027194,/kaggle/input/datasets/nodoubttome/skin-cancer9-classesisic/Skin cancer ISIC The International Skin Imaging Collaboration/Train/pigmented benign keratosis/ISIC_0027194.jpg,BKL,HAM_0004224,lesion:HAM_0004224,train
ISIC_0027202,/kaggle/input/datasets/nodoubttome/skin-cancer9-classesisic/Skin cancer ISIC The International Skin Imaging Collaboration/Train/pigmented benign keratosis/ISIC_0027202.jpg,BKL,HAM_0001011,lesion:HAM_0001011,train
ISIC_0027210,/kaggle/input/datasets/nodoubttome/skin-cancer9-classesisic/Skin cancer ISIC The International Skin Imaging Collaboration/Train/vascular lesion/ISIC_0027210.jpg,VASC,HAM_0006748,lesion:HAM_0006748,train
ISIC_0027216,/kaggle/input/datasets/nodoubttome/skin-cancer9-classesisic/Skin cancer ISIC The International Skin Imaging Collaboration/Train/dermatofibroma/ISIC_0027216.jpg,DF,HAM_0007129,lesion:HAM_0007129,train
ISIC_0027219,/kaggle/input/datasets/nodoubttome/skin-cancer9-classesisic/Skin cancer ISIC The International Skin Imaging Collaboration/Train/pigmented benign keratosis/ISIC_0027219.jpg,BKL,HAM_0000202,lesion:HAM_0000202,train
ISIC_0027229,/kaggle/input/datasets/nodoubttome/skin-cancer9-classesisic/Skin cancer ISIC The International Skin Imaging Collaboration/Train/basal cell carcinoma/ISIC_0027229.jpg,BCC,HAM_0003826,lesion:HAM_0003826,train
ISIC_0027231,/kaggle/input/datasets/nodoubttome/skin-cancer9-classesisic/Skin cancer ISIC The International Skin Imaging Collaboration/Train/squamous cell carcinoma/ISIC_0027231.jpg,SCC,HAM_0005310,lesion:HAM_0005310,train
ISIC_0027239,/kaggle/input/datasets/nodoubttome/skin-cancer9-classesisic/Skin cancer ISIC The International Skin Imaging Collaboration/Train/pigmented benign keratosis/ISIC_0027239.jpg,BKL,HAM_0004422,lesion:HAM_0004422,train
ISIC_0027269,/kaggle/input/datasets/nodoubttome/skin-cancer9-classesisic/Skin cancer ISIC The International Skin Imaging Collaboration/Train/vascular lesion/ISIC_0027269.jpg,VASC,HAM_0005560,lesion:HAM_0005560,train
ISIC_0027270,/kaggle/input/datasets/nodoubttome/skin-cancer9-classesisic/Skin cancer ISIC The International Skin Imaging Collaboration/Train/pigmented benign keratosis/ISIC_0027270.jpg,BKL,HAM_0000835,lesion:HAM_0000835,train
ISIC_0027275,/kaggle/input/datasets/nodoubttome/skin-cancer9-classesisic/Skin cancer ISIC The International Skin Imaging Collaboration/Train/pigmented benign keratosis/ISIC_0027275.jpg,BKL,HAM_0002280,lesion:HAM_0002280,train
ISIC_0027295,/kaggle/input/datasets/nodoubttome/skin-cancer9-classesisic/Skin cancer ISIC The International Skin Imaging Collaboration/Train/pigmented benign keratosis/ISIC_0027295.jpg,BKL,HAM_0003913,lesion:HAM_0003913,train
ISIC_0027303,/kaggle/input/datasets/nodoubttome/skin-cancer9-classesisic/Skin cancer ISIC The International Skin Imaging Collaboration/Train/squamous cell carcinoma/ISIC_0027303.jpg,SCC,HAM_0000490,lesion:HAM_0000490,train
ISIC_0027310,/kaggle/input/datasets/nodoubttome/skin-cancer9-classesisic/Skin cancer ISIC The International Skin Imaging Collaboration/Train/pigmented benign keratosis/ISIC_0027310.jpg,BKL,HAM_0003301,lesion:HAM_0003301,train
ISIC_0027320,/kaggle/input/datasets/nodoubttome/skin-cancer9-classesisic/Skin cancer ISIC The International Skin Imaging Collaboration/Train/pigmented benign keratosis/ISIC_0027320.jpg,BKL,HAM_0004506,lesion:HAM_0004506,train
ISIC_0027326,/kaggle/input/datasets/nodoubttome/skin-cancer9-classesisic/Skin cancer ISIC The International Skin Imaging Collaboration/Train/pigmented benign keratosis/ISIC_0027326.jpg,BKL,HAM_0005874,lesion:HAM_0005874,train
ISIC_0027332,/kaggle/input/datasets/nodoubttome/skin-cancer9-classesisic/Skin cancer ISIC The International Skin Imaging Collaboration/Train/pigmented benign keratosis/ISIC_0027332.jpg,BKL,HAM_0003582,lesion:HAM_0003582,train
ISIC_0027335,/kaggle/input/datasets/nodoubttome/skin-cancer9-classesisic/Skin cancer ISIC The International Skin Imaging Collaboration/Train/pigmented benign keratosis/ISIC_0027335.jpg,BKL,HAM_0006670,lesion:HAM_0006670,train
ISIC_0027337,/kaggle/input/datasets/nodoubttome/skin-cancer9-classesisic/Skin cancer ISIC The International Skin Imaging Collaboration/Train/basal cell carcinoma/ISIC_0027337.jpg,BCC,HAM_0003778,lesion:HAM_0003778,train
ISIC_0027344,/kaggle/input/datasets/nodoubttome/skin-cancer9-classesisic/Skin cancer ISIC The International Skin Imaging Collaboration/Train/pigmented benign keratosis/ISIC_0027344.jpg,BKL,HAM_0003069,lesion:HAM_0003069,train
ISIC_0027370,/kaggle/input/datasets/nodoubttome/skin-cancer9-classesisic/Skin cancer ISIC The International Skin Imaging Collaboration/Train/pigmented benign keratosis/ISIC_0027370.jpg,BKL,HAM_0004308,lesion:HAM_0004308,train
ISIC_0027371,/kaggle/input/datasets/nodoubttome/skin-cancer9-classesisic/Skin cancer ISIC The International Skin Imaging Collaboration/Train/basal cell carcinoma/ISIC_0027371.jpg,BCC,HAM_0005981,lesion:HAM_0005981,train
ISIC_0027374,/kaggle/input/datasets/nodoubttome/skin-cancer9-classesisic/Skin cancer ISIC The International Skin Imaging Collaboration/Train/pigmented benign keratosis/ISIC_0027374.jpg,BKL,HAM_0004690,lesion:HAM_0004690,train
ISIC_0027385,/kaggle/input/datasets/nodoubttome/skin-cancer9-classesisic/Skin cancer ISIC The International Skin Imaging Collaboration/Train/vascular lesion/ISIC_0027385.jpg,VASC,HAM_0004455,lesion:HAM_0004455,train
ISIC_0027392,/kaggle/input/datasets/nodoubttome/skin-cancer9-classesisic/Skin cancer ISIC The International Skin Imaging Collaboration/Train/pigmented benign keratosis/ISIC_0027392.jpg,BKL,HAM_0002193,lesion:HAM_0002193,train
ISIC_0027394,/kaggle/input/datasets/nodoubttome/skin-cancer9-classesisic/Skin cancer ISIC The International Skin Imaging Collaboration/Train/pigmented benign keratosis/ISIC_0027394.jpg,BKL,HAM_0006472,lesion:HAM_0006472,train
ISIC_0027428,/kaggle/input/datasets/nodoubttome/skin-cancer9-classesisic/Skin cancer ISIC The International Skin Imaging Collaboration/Train/pigmented benign keratosis/ISIC_0027428.jpg,BKL,HAM_0003691,lesion:HAM_0003691,train
ISIC_0027433,/kaggle/input/datasets/nodoubttome/skin-cancer9-classesisic/Skin cancer ISIC The International Skin Imaging Collaboration/Train/basal cell carcinoma/ISIC_0027433.jpg,BCC,HAM_0007002,lesion:HAM_0007002,train
ISIC_0027437,/kaggle/input/datasets/nodoubttome/skin-cancer9-classesisic/Skin cancer ISIC The International Skin Imaging Collaboration/Train/pigmented benign keratosis/ISIC_0027437.jpg,BKL,HAM_0004125,lesion:HAM_0004125,train
ISIC_0027447,/kaggle/input/datasets/nodoubttome/skin-cancer9-classesisic/Skin cancer ISIC The International Skin Imaging Collaboration/Train/actinic keratosis/ISIC_0027447.jpg,AK,HAM_0007601,lesion:HAM_0007601,train
ISIC_0027451,/kaggle/input/datasets/nodoubttome/skin-cancer9-classesisic/Skin cancer ISIC The International Skin Imaging Collaboration/Train/pigmented benign keratosis/ISIC_0027451.jpg,BKL,HAM_0000207,lesion:HAM_0000207,train
ISIC_0027455,/kaggle/input/datasets/nodoubttome/skin-cancer9-classesisic/Skin cancer ISIC The International Skin Imaging Collaboration/Train/pigmented benign keratosis/ISIC_0027455.jpg,BKL,HAM_0004673,lesion:HAM_0004673,train
ISIC_0027463,/kaggle/input/datasets/nodoubttome/skin-cancer9-classesisic/Skin cancer ISIC The International Skin Imaging Collaboration/Train/pigmented benign keratosis/ISIC_0027463.jpg,BKL,HAM_0003559,lesion:HAM_0003559,train
ISIC_0027473,/kaggle/input/datasets/nodoubttome/skin-cancer9-classesisic/Skin cancer ISIC The International Skin Imaging Collaboration/Train/basal cell carcinoma/ISIC_0027473.jpg,BCC,HAM_0002959,lesion:HAM_0002959,train
ISIC_0027504,/kaggle/input/datasets/nodoubttome/skin-cancer9-classesisic/Skin cancer ISIC The International Skin Imaging Collaboration/Train/pigmented benign keratosis/ISIC_0027504.jpg,BKL,HAM_0004660,lesion:HAM_0004660,train
ISIC_0027506,/kaggle/input/datasets/nodoubttome/skin-cancer9-classesisic/Skin cancer ISIC The International Skin Imaging Collaboration/Train/squamous cell carcinoma/ISIC_0027506.jpg,SCC,HAM_0006482,lesion:HAM_0006482,train
ISIC_0027509,/kaggle/input/datasets/nodoubttome/skin-cancer9-classesisic/Skin cancer ISIC The International Skin Imaging Collaboration/Train/pigmented benign keratosis/ISIC_0027509.jpg,BKL,HAM_0001725,lesion:HAM_0001725,train
ISIC_0027513,/kaggle/input/datasets/nodoubttome/skin-cancer9-classesisic/Skin cancer ISIC The International Skin Imaging Collaboration/Train/pigmented benign keratosis/ISIC_0027513.jpg,BKL,HAM_0004748,lesion:HAM_0004748,train
ISIC_0027522,/kaggle/input/datasets/nodoubttome/skin-cancer9-classesisic/Skin cancer ISIC The International Skin Imaging Collaboration/Train/vascular lesion/ISIC_0027522.jpg,VASC,HAM_0007113,lesion:HAM_0007113,train
ISIC_0027526,/kaggle/input/datasets/nodoubttome/skin-cancer9-classesisic/Skin cancer ISIC The International Skin Imaging Collaboration/Train/basal cell carcinoma/ISIC_0027526.jpg,BCC,HAM_0006834,lesion:HAM_0006834,train
ISIC_0027527,/kaggle/input/datasets/nodoubttome/skin-cancer9-classesisic/Skin cancer ISIC The International Skin Imaging Collaboration/Train/pigmented benign keratosis/ISIC_0027527.jpg,BKL,HAM_0001979,lesion:HAM_0001979,train
ISIC_0027529,/kaggle/input/datasets/nodoubttome/skin-cancer9-classesisic/Skin cancer ISIC The International Skin Imaging Collaboration/Train/squamous cell carcinoma/ISIC_0027529.jpg,SCC,HAM_0004568,lesion:HAM_0004568,train
ISIC_0027531,/kaggle/input/datasets/nodoubttome/skin-cancer9-classesisic/Skin cancer ISIC The International Skin Imaging Collaboration/Train/basal cell carcinoma/ISIC_0027531.jpg,BCC,HAM_0004662,lesion:HAM_0004662,train
ISIC_0027533,/kaggle/input/datasets/nodoubttome/skin-cancer9-classesisic/Skin cancer ISIC The International Skin Imaging Collaboration/Train/pigmented benign keratosis/ISIC_0027533.jpg,BKL,HAM_0001417,lesion:HAM_0001417,train
ISIC_0027536,/kaggle/input/datasets/nodoubttome/skin-cancer9-classesisic/Skin cancer ISIC The International Skin Imaging Collaboration/Train/actinic keratosis/ISIC_0027536.jpg,AK,HAM_0007601,lesion:HAM_0007601,train
ISIC_0027545,/kaggle/input/datasets/nodoubttome/skin-cancer9-classesisic/Skin cancer ISIC The International Skin Imaging Collaboration/Train/basal cell carcinoma/ISIC_0027545.jpg,BCC,HAM_0000994,lesion:HAM_0000994,train
ISIC_0027550,/kaggle/input/datasets/nodoubttome/skin-cancer9-classesisic/Skin cancer ISIC The International Skin Imaging Collaboration/Train/squamous cell carcinoma/ISIC_0027550.jpg,SCC,HAM_0004297,lesion:HAM_0004297,train
ISIC_0027559,/kaggle/input/datasets/nodoubttome/skin-cancer9-classesisic/Skin cancer ISIC The International Skin Imaging Collaboration/Train/pigmented benign keratosis/ISIC_0027559.jpg,BKL,HAM_0004768,lesion:HAM_0004768,train
ISIC_0027562,/kaggle/input/datasets/nodoubttome/skin-cancer9-classesisic/Skin cancer ISIC The International Skin Imaging Collaboration/Train/actinic keratosis/ISIC_0027562.jpg,AK,HAM_0007622,lesion:HAM_0007622,train
ISIC_0027563,/kaggle/input/datasets/nodoubttome/skin-cancer9-classesisic/Skin cancer ISIC The International Skin Imaging Collaboration/Train/vascular lesion/ISIC_0027563.jpg,VASC,HAM_0002788,lesion:HAM_0002788,train
ISIC_0027577,/kaggle/input/datasets/nodoubttome/skin-cancer9-classesisic/Skin cancer ISIC The International Skin Imaging Collaboration/Train/squamous cell carcinoma/ISIC_0027577.jpg,SCC,HAM_0005958,lesion:HAM_0005958,train
ISIC_0027580,/kaggle/input/datasets/nodoubttome/skin-cancer9-classesisic/Skin cancer ISIC The International Skin Imaging Collaboration/Train/actinic keratosis/ISIC_0027580.jpg,AK,HAM_0005648,lesion:HAM_0005648,train
ISIC_0027584,/kaggle/input/datasets/nodoubttome/skin-cancer9-classesisic/Skin cancer ISIC The International Skin Imaging Collaboration/Train/pigmented benign keratosis/ISIC_0027584.jpg,BKL,HAM_0001546,lesion:HAM_0001546,train
ISIC_0027598,/kaggle/input/datasets/nodoubttome/skin-cancer9-classesisic/Skin cancer ISIC The International Skin Imaging Collaboration/Train/dermatofibroma/ISIC_0027598.jpg,DF,HAM_0002848,lesion:HAM_0002848,train
ISIC_0027601,/kaggle/input/datasets/nodoubttome/skin-cancer9-classesisic/Skin cancer ISIC The International Skin Imaging Collaboration/Train/basal cell carcinoma/ISIC_0027601.jpg,BCC,HAM_0005842,lesion:HAM_0005842,train
ISIC_0027606,/kaggle/input/datasets/nodoubttome/skin-cancer9-classesisic/Skin cancer ISIC The International Skin Imaging Collaboration/Train/pigmented benign keratosis/ISIC_0027606.jpg,BKL,HAM_0002306,lesion:HAM_0002306,train
ISIC_0027608,/kaggle/input/datasets/nodoubttome/skin-cancer9-classesisic/Skin cancer ISIC The International Skin Imaging Collaboration/Train/pigmented benign keratosis/ISIC_0027608.jpg,BKL,HAM_0005610,lesion:HAM_0005610,train
ISIC_0027609,/kaggle/input/datasets/nodoubttome/skin-cancer9-classesisic/Skin cancer ISIC The International Skin Imaging Collaboration/Train/basal cell carcinoma/ISIC_0027609.jpg,BCC,HAM_0000994,lesion:HAM_0000994,train
ISIC_0027615,/kaggle/input/datasets/nodoubttome/skin-cancer9-classesisic/Skin cancer ISIC The International Skin Imaging Collaboration/Train/actinic keratosis/ISIC_0027615.jpg,AK,HAM_0006180,lesion:HAM_0006180,train
ISIC_0027626,/kaggle/input/datasets/nodoubttome/skin-cancer9-classesisic/Skin cancer ISIC The International Skin Imaging Collaboration/Train/dermatofibroma/ISIC_0027626.jpg,DF,HAM_0004371,lesion:HAM_0004371,train
ISIC_0027629,/kaggle/input/datasets/nodoubttome/skin-cancer9-classesisic/Skin cancer ISIC The International Skin Imaging Collaboration/Train/basal cell carcinoma/ISIC_0027629.jpg,BCC,HAM_0002427,lesion:HAM_0002427,train
ISIC_0027648,/kaggle/input/datasets/nodoubttome/skin-cancer9-classesisic/Skin cancer ISIC The International Skin Imaging Collaboration/Train/dermatofibroma/ISIC_0027648.jpg,DF,HAM_0004036,lesion:HAM_0004036,train
ISIC_0027650,/kaggle/input/datasets/nodoubttome/skin-cancer9-classesisic/Skin cancer ISIC The International Skin Imaging Collaboration/Train/actinic keratosis/ISIC_0027650.jpg,AK,HAM_0002648,lesion:HAM_0002648,train
ISIC_0027652,/kaggle/input/datasets/nodoubttome/skin-cancer9-classesisic/Skin cancer ISIC The International Skin Imaging Collaboration/Train/pigmented benign keratosis/ISIC_0027652.jpg,BKL,HAM_0004958,lesion:HAM_0004958,train
ISIC_0027665,/kaggle/input/datasets/nodoubttome/skin-cancer9-classesisic/Skin cancer ISIC The International Skin Imaging Collaboration/Train/vascular lesion/ISIC_0027665.jpg,VASC,HAM_0001860,lesion:HAM_0001860,train
ISIC_0027672,/kaggle/input/datasets/nodoubttome/skin-cancer9-classesisic/Skin cancer ISIC The International Skin Imaging Collaboration/Train/vascular lesion/ISIC_0027672.jpg,VASC,HAM_0007614,lesion:HAM_0007614,train
ISIC_0027680,/kaggle/input/datasets/nodoubttome/skin-cancer9-classesisic/Skin cancer ISIC The International Skin Imaging Collaboration/Train/pigmented benign keratosis/ISIC_0027680.jpg,BKL,HAM_0004677,lesion:HAM_0004677,train
ISIC_0027681,/kaggle/input/datasets/nodoubttome/skin-cancer9-classesisic/Skin cancer ISIC The International Skin Imaging Collaboration/Train/pigmented benign keratosis/ISIC_0027681.jpg,BKL,HAM_0006531,lesion:HAM_0006531,train
ISIC_0027700,/kaggle/input/datasets/nodoubttome/skin-cancer9-classesisic/Skin cancer ISIC The International Skin Imaging Collaboration/Train/squamous cell carcinoma/ISIC_0027700.jpg,SCC,HAM_0001383,lesion:HAM_0001383,train
ISIC_0027704,/kaggle/input/datasets/nodoubttome/skin-cancer9-classesisic/Skin cancer ISIC The International Skin Imaging Collaboration/Train/basal cell carcinoma/ISIC_0027704.jpg,BCC,HAM_0001440,lesion:HAM_0001440,train
ISIC_0027710,/kaggle/input/datasets/nodoubttome/skin-cancer9-classesisic/Skin cancer ISIC The International Skin Imaging Collaboration/Train/pigmented benign keratosis/ISIC_0027710.jpg,BKL,HAM_0001062,lesion:HAM_0001062,train
ISIC_0027713,/kaggle/input/datasets/nodoubttome/skin-cancer9-classesisic/Skin cancer ISIC The International Skin Imaging Collaboration/Train/pigmented benign keratosis/ISIC_0027713.jpg,BKL,HAM_0001562,lesion:HAM_0001562,train
ISIC_0027719,/kaggle/input/datasets/nodoubttome/skin-cancer9-classesisic/Skin cancer ISIC The International Skin Imaging Collaboration/Train/squamous cell carcinoma/ISIC_0027719.jpg,SCC,HAM_0007354,lesion:HAM_0007354,train
ISIC_0027744,/kaggle/input/datasets/nodoubttome/skin-cancer9-classesisic/Skin cancer ISIC The International Skin Imaging Collaboration/Train/basal cell carcinoma/ISIC_0027744.jpg,BCC,HAM_0005309,lesion:HAM_0005309,train
ISIC_0027745,/kaggle/input/datasets/nodoubttome/skin-cancer9-classesisic/Skin cancer ISIC The International Skin Imaging Collaboration/Train/dermatofibroma/ISIC_0027745.jpg,DF,HAM_0000902,lesion:HAM_0000902,train
ISIC_0027754,/kaggle/input/datasets/nodoubttome/skin-cancer9-classesisic/Skin cancer ISIC The International Skin Imaging Collaboration/Train/pigmented benign keratosis/ISIC_0027754.jpg,BKL,HAM_0002535,lesion:HAM_0002535,train
ISIC_0027760,/kaggle/input/datasets/nodoubttome/skin-cancer9-classesisic/Skin cancer ISIC The International Skin Imaging Collaboration/Train/pigmented benign keratosis/ISIC_0027760.jpg,BKL,HAM_0003766,lesion:HAM_0003766,train
ISIC_0027770,/kaggle/input/datasets/nodoubttome/skin-cancer9-classesisic/Skin cancer ISIC The International Skin Imaging Collaboration/Train/pigmented benign keratosis/ISIC_0027770.jpg,BKL,HAM_0004463,lesion:HAM_0004463,train
ISIC_0027774,/kaggle/input/datasets/nodoubttome/skin-cancer9-classesisic/Skin cancer ISIC The International Skin Imaging Collaboration/Train/basal cell carcinoma/ISIC_0027774.jpg,BCC,HAM_0004970,lesion:HAM_0004970,train
ISIC_0027780,/kaggle/input/datasets/nodoubttome/skin-cancer9-classesisic/Skin cancer ISIC The International Skin Imaging Collaboration/Train/pigmented benign keratosis/ISIC_0027780.jpg,BKL,HAM_0007332,lesion:HAM_0007332,train
ISIC_0027786,/kaggle/input/datasets/nodoubttome/skin-cancer9-classesisic/Skin cancer ISIC The International Skin Imaging Collaboration/Train/basal cell carcinoma/ISIC_0027786.jpg,BCC,HAM_0002334,lesion:HAM_0002334,train
ISIC_0027795,/kaggle/input/datasets/nodoubttome/skin-cancer9-classesisic/Skin cancer ISIC The International Skin Imaging Collaboration/Train/squamous cell carcinoma/ISIC_0027795.jpg,SCC,HAM_0001526,lesion:HAM_0001526,train
ISIC_0027802,/kaggle/input/datasets/nodoubttome/skin-cancer9-classesisic/Skin cancer ISIC The International Skin Imaging Collaboration/Train/actinic keratosis/ISIC_0027802.jpg,AK,HAM_0006560,lesion:HAM_0006560,train
ISIC_0027806,/kaggle/input/datasets/nodoubttome/skin-cancer9-classesisic/Skin cancer ISIC The International Skin Imaging Collaboration/Train/pigmented benign keratosis/ISIC_0027806.jpg,BKL,HAM_0001273,lesion:HAM_0001273,train
ISIC_0027826,/kaggle/input/datasets/nodoubttome/skin-cancer9-classesisic/Skin cancer ISIC The International Skin Imaging Collaboration/Train/pigmented benign keratosis/ISIC_0027826.jpg,BKL,HAM_0005278,lesion:HAM_0005278,train
ISIC_0027828,/kaggle/input/datasets/nodoubttome/skin-cancer9-classesisic/Skin cancer ISIC The International Skin Imaging Collaboration/Train/pigmented benign keratosis/ISIC_0027828.jpg,BKL,HAM_0002521,lesion:HAM_0002521,train
ISIC_0027829,/kaggle/input/datasets/nodoubttome/skin-cancer9-classesisic/Skin cancer ISIC The International Skin Imaging Collaboration/Train/actinic keratosis/ISIC_0027829.jpg,AK,HAM_0004034,lesion:HAM_0004034,train
ISIC_0027850,/kaggle/input/datasets/nodoubttome/skin-cancer9-classesisic/Skin cancer ISIC The International Skin Imaging Collaboration/Train/pigmented benign keratosis/ISIC_0027850.jpg,BKL,HAM_0001466,lesion:HAM_0001466,train
ISIC_0027851,/kaggle/input/datasets/nodoubttome/skin-cancer9-classesisic/Skin cancer ISIC The International Skin Imaging Collaboration/Train/basal cell carcinoma/ISIC_0027851.jpg,BCC,HAM_0001078,lesion:HAM_0001078,train
ISIC_0027865,/kaggle/input/datasets/nodoubttome/skin-cancer9-classesisic/Skin cancer ISIC The International Skin Imaging Collaboration/Train/basal cell carcinoma/ISIC_0027865.jpg,BCC,HAM_0000393,lesion:HAM_0000393,train
ISIC_0027876,/kaggle/input/datasets/nodoubttome/skin-cancer9-classesisic/Skin cancer ISIC The International Skin Imaging Collaboration/Train/dermatofibroma/ISIC_0027876.jpg,DF,HAM_0004960,lesion:HAM_0004960,train
ISIC_0027893,/kaggle/input/datasets/nodoubttome/skin-cancer9-classesisic/Skin cancer ISIC The International Skin Imaging Collaboration/Train/pigmented benign keratosis/ISIC_0027893.jpg,BKL,HAM_0000237,lesion:HAM_0000237,train
ISIC_0027916,/kaggle/input/datasets/nodoubttome/skin-cancer9-classesisic/Skin cancer ISIC The International Skin Imaging Collaboration/Train/pigmented benign keratosis/ISIC_0027916.jpg,BKL,HAM_0005952,lesion:HAM_0005952,train
ISIC_0027920,/kaggle/input/datasets/nodoubttome/skin-cancer9-classesisic/Skin cancer ISIC The International Skin Imaging Collaboration/Train/basal cell carcinoma/ISIC_0027920.jpg,BCC,HAM_0001390,lesion:HAM_0001390,train
ISIC_0027930,/kaggle/input/datasets/nodoubttome/skin-cancer9-classesisic/Skin cancer ISIC The International Skin Imaging Collaboration/Train/squamous cell carcinoma/ISIC_0027930.jpg,SCC,HAM_0004899,lesion:HAM_0004899,train
ISIC_0027953,/kaggle/input/datasets/nodoubttome/skin-cancer9-classesisic/Skin cancer ISIC The International Skin Imaging Collaboration/Train/pigmented benign keratosis/ISIC_0027953.jpg,BKL,HAM_0006907,lesion:HAM_0006907,train
ISIC_0027957,/kaggle/input/datasets/nodoubttome/skin-cancer9-classesisic/Skin cancer ISIC The International Skin Imaging Collaboration/Train/pigmented benign keratosis/ISIC_0027957.jpg,BKL,HAM_0001665,lesion:HAM_0001665,train
ISIC_0027960,/kaggle/input/datasets/nodoubttome/skin-cancer9-classesisic/Skin cancer ISIC The International Skin Imaging Collaboration/Train/pigmented benign keratosis/ISIC_0027960.jpg,BKL,HAM_0003569,lesion:HAM_0003569,train
ISIC_0027966,/kaggle/input/datasets/nodoubttome/skin-cancer9-classesisic/Skin cancer ISIC The International Skin Imaging Collaboration/Train/basal cell carcinoma/ISIC_0027966.jpg,BCC,HAM_0005417,lesion:HAM_0005417,train
ISIC_0027976,/kaggle/input/datasets/nodoubttome/skin-cancer9-classesisic/Skin cancer ISIC The International Skin Imaging Collaboration/Train/basal cell carcinoma/ISIC_0027976.jpg,BCC,HAM_0004342,lesion:HAM_0004342,train
ISIC_0027982,/kaggle/input/datasets/nodoubttome/skin-cancer9-classesisic/Skin cancer ISIC The International Skin Imaging Collaboration/Train/pigmented benign keratosis/ISIC_0027982.jpg,BKL,HAM_0004423,lesion:HAM_0004423,train
ISIC_0027989,/kaggle/input/datasets/nodoubttome/skin-cancer9-classesisic/Skin cancer ISIC The International Skin Imaging Collaboration/Train/pigmented benign keratosis/ISIC_0027989.jpg,BKL,HAM_0000113,lesion:HAM_0000113,train
ISIC_0027990,/kaggle/input/datasets/nodoubttome/skin-cancer9-classesisic/Skin cancer ISIC The International Skin Imaging Collaboration/Train/pigmented benign keratosis/ISIC_0027990.jpg,BKL,HAM_0001073,lesion:HAM_0001073,train
ISIC_0027996,/kaggle/input/datasets/nodoubttome/skin-cancer9-classesisic/Skin cancer ISIC The International Skin Imaging Collaboration/Train/pigmented benign keratosis/ISIC_0027996.jpg,BKL,HAM_0003152,lesion:HAM_0003152,train
ISIC_0027998,/kaggle/input/datasets/nodoubttome/skin-cancer9-classesisic/Skin cancer ISIC The International Skin Imaging Collaboration/Train/basal cell carcinoma/ISIC_0027998.jpg,BCC,HAM_0005947,lesion:HAM_0005947,train
ISIC_0028035,/kaggle/input/datasets/nodoubttome/skin-cancer9-classesisic/Skin cancer ISIC The International Skin Imaging Collaboration/Train/basal cell carcinoma/ISIC_0028035.jpg,BCC,HAM_0002577,lesion:HAM_0002577,train
ISIC_0028043,/kaggle/input/datasets/nodoubttome/skin-cancer9-classesisic/Skin cancer ISIC The International Skin Imaging Collaboration/Train/pigmented benign keratosis/ISIC_0028043.jpg,BKL,HAM_0000979,lesion:HAM_0000979,train
ISIC_0028052,/kaggle/input/datasets/nodoubttome/skin-cancer9-classesisic/Skin cancer ISIC The International Skin Imaging Collaboration/Train/pigmented benign keratosis/ISIC_0028052.jpg,BKL,HAM_0000700,lesion:HAM_0000700,train
ISIC_0028063,/kaggle/input/datasets/nodoubttome/skin-cancer9-classesisic/Skin cancer ISIC The International Skin Imaging Collaboration/Train/actinic keratosis/ISIC_0028063.jpg,AK,HAM_0006560,lesion:HAM_0006560,train
ISIC_0028076,/kaggle/input/datasets/nodoubttome/skin-cancer9-classesisic/Skin cancer ISIC The International Skin Imaging Collaboration/Train/actinic keratosis/ISIC_0028076.jpg,AK,HAM_0006434,lesion:HAM_0006434,train
ISIC_0028079,/kaggle/input/datasets/nodoubttome/skin-cancer9-classesisic/Skin cancer ISIC The International Skin Imaging Collaboration/Train/basal cell carcinoma/ISIC_0028079.jpg,BCC,HAM_0005947,lesion:HAM_0005947,train
ISIC_0028080,/kaggle/input/datasets/nodoubttome/skin-cancer9-classesisic/Skin cancer ISIC The International Skin Imaging Collaboration/Train/pigmented benign keratosis/ISIC_0028080.jpg,BKL,HAM_0003007,lesion:HAM_0003007,train
ISIC_0028084,/kaggle/input/datasets/nodoubttome/skin-cancer9-classesisic/Skin cancer ISIC The International Skin Imaging Collaboration/Train/basal cell carcinoma/ISIC_0028084.jpg,BCC,HAM_0004940,lesion:HAM_0004940,train
ISIC_0028095,/kaggle/input/datasets/nodoubttome/skin-cancer9-classesisic/Skin cancer ISIC The International Skin Imaging Collaboration/Train/basal cell carcinoma/ISIC_0028095.jpg,BCC,HAM_0001926,lesion:HAM_0001926,train
ISIC_0028100,/kaggle/input/datasets/nodoubttome/skin-cancer9-classesisic/Skin cancer ISIC The International Skin Imaging Collaboration/Train/pigmented benign keratosis/ISIC_0028100.jpg,BKL,HAM_0001510,lesion:HAM_0001510,train
ISIC_0028104,/kaggle/input/datasets/nodoubttome/skin-cancer9-classesisic/Skin cancer ISIC The International Skin Imaging Collaboration/Train/pigmented benign keratosis/ISIC_0028104.jpg,BKL,HAM_0002424,lesion:HAM_0002424,train
ISIC_0028107,/kaggle/input/datasets/nodoubttome/skin-cancer9-classesisic/Skin cancer ISIC The International Skin Imaging Collaboration/Train/basal cell carcinoma/ISIC_0028107.jpg,BCC,HAM_0003135,lesion:HAM_0003135,train
ISIC_0028113,/kaggle/input/datasets/nodoubttome/skin-cancer9-classesisic/Skin cancer ISIC The International Skin Imaging Collaboration/Train/basal cell carcinoma/ISIC_0028113.jpg,BCC,HAM_0003846,lesion:HAM_0003846,train
ISIC_0028123,/kaggle/input/datasets/nodoubttome/skin-cancer9-classesisic/Skin cancer ISIC The International Skin Imaging Collaboration/Train/pigmented benign keratosis/ISIC_0028123.jpg,BKL,HAM_0004556,lesion:HAM_0004556,train
ISIC_0028124,/kaggle/input/datasets/nodoubttome/skin-cancer9-classesisic/Skin cancer ISIC The International Skin Imaging Collaboration/Train/pigmented benign keratosis/ISIC_0028124.jpg,BKL,HAM_0001294,lesion:HAM_0001294,train
ISIC_0028147,/kaggle/input/datasets/nodoubttome/skin-cancer9-classesisic/Skin cancer ISIC The International Skin Imaging Collaboration/Train/basal cell carcinoma/ISIC_0028147.jpg,BCC,HAM_0006053,lesion:HAM_0006053,train
ISIC_0028155,/kaggle/input/datasets/nodoubttome/skin-cancer9-classesisic/Skin cancer ISIC The International Skin Imaging Collaboration/Train/basal cell carcinoma/ISIC_0028155.jpg,BCC,HAM_0000781,lesion:HAM_0000781,train
ISIC_0028163,/kaggle/input/datasets/nodoubttome/skin-cancer9-classesisic/Skin cancer ISIC The International Skin Imaging Collaboration/Train/vascular lesion/ISIC_0028163.jpg,VASC,HAM_0006617,lesion:HAM_0006617,train
ISIC_0028165,/kaggle/input/datasets/nodoubttome/skin-cancer9-classesisic/Skin cancer ISIC The International Skin Imaging Collaboration/Train/pigmented benign keratosis/ISIC_0028165.jpg,BKL,HAM_0001878,lesion:HAM_0001878,train
ISIC_0028200,/kaggle/input/datasets/nodoubttome/skin-cancer9-classesisic/Skin cancer ISIC The International Skin Imaging Collaboration/Train/pigmented benign keratosis/ISIC_0028200.jpg,BKL,HAM_0005074,lesion:HAM_0005074,train
ISIC_0028201,/kaggle/input/datasets/nodoubttome/skin-cancer9-classesisic/Skin cancer ISIC The International Skin Imaging Collaboration/Train/pigmented benign keratosis/ISIC_0028201.jpg,BKL,HAM_0005049,lesion:HAM_0005049,train
ISIC_0028209,/kaggle/input/datasets/nodoubttome/skin-cancer9-classesisic/Skin cancer ISIC The International Skin Imaging Collaboration/Train/pigmented benign keratosis/ISIC_0028209.jpg,BKL,HAM_0002096,lesion:HAM_0002096,train
ISIC_0028223,/kaggle/input/datasets/nodoubttome/skin-cancer9-classesisic/Skin cancer ISIC The International Skin Imaging Collaboration/Train/pigmented benign keratosis/ISIC_0028223.jpg,BKL,HAM_0006595,lesion:HAM_0006595,train
ISIC_0028224,/kaggle/input/datasets/nodoubttome/skin-cancer9-classesisic/Skin cancer ISIC The International Skin Imaging Collaboration/Train/squamous cell carcinoma/ISIC_0028224.jpg,SCC,HAM_0001625,lesion:HAM_0001625,train
ISIC_0028229,/kaggle/input/datasets/nodoubttome/skin-cancer9-classesisic/Skin cancer ISIC The International Skin Imaging Collaboration/Train/pigmented benign keratosis/ISIC_0028229.jpg,BKL,HAM_0004158,lesion:HAM_0004158,train
ISIC_0028231,/kaggle/input/datasets/nodoubttome/skin-cancer9-classesisic/Skin cancer ISIC The International Skin Imaging Collaboration/Train/squamous cell carcinoma/ISIC_0028231.jpg,SCC,HAM_0003688,lesion:HAM_0003688,train
ISIC_0028232,/kaggle/input/datasets/nodoubttome/skin-cancer9-classesisic/Skin cancer ISIC The International Skin Imaging Collaboration/Train/squamous cell carcinoma/ISIC_0028232.jpg,SCC,HAM_0003123,lesion:HAM_0003123,train
ISIC_0028237,/kaggle/input/datasets/nodoubttome/skin-cancer9-classesisic/Skin cancer ISIC The International Skin Imaging Collaboration/Train/pigmented benign keratosis/ISIC_0028237.jpg,BKL,HAM_0006327,lesion:HAM_0006327,train
ISIC_0028238,/kaggle/input/datasets/nodoubttome/skin-cancer9-classesisic/Skin cancer ISIC The International Skin Imaging Collaboration/Train/basal cell carcinoma/ISIC_0028238.jpg,BCC,HAM_0005776,lesion:HAM_0005776,train
ISIC_0028254,/kaggle/input/datasets/nodoubttome/skin-cancer9-classesisic/Skin cancer ISIC The International Skin Imaging Collaboration/Train/pigmented benign keratosis/ISIC_0028254.jpg,BKL,HAM_0005935,lesion:HAM_0005935,train
ISIC_0028264,/kaggle/input/datasets/nodoubttome/skin-cancer9-classesisic/Skin cancer ISIC The International Skin Imaging Collaboration/Train/pigmented benign keratosis/ISIC_0028264.jpg,BKL,HAM_0003187,lesion:HAM_0003187,train
ISIC_0028283,/kaggle/input/datasets/nodoubttome/skin-cancer9-classesisic/Skin cancer ISIC The International Skin Imaging Collaboration/Train/basal cell carcinoma/ISIC_0028283.jpg,BCC,HAM_0000655,lesion:HAM_0000655,train
ISIC_0028303,/kaggle/input/datasets/nodoubttome/skin-cancer9-classesisic/Skin cancer ISIC The International Skin Imaging Collaboration/Train/basal cell carcinoma/ISIC_0028303.jpg,BCC,HAM_0005030,lesion:HAM_0005030,train
ISIC_0028308,/kaggle/input/datasets/nodoubttome/skin-cancer9-classesisic/Skin cancer ISIC The International Skin Imaging Collaboration/Train/pigmented benign keratosis/ISIC_0028308.jpg,BKL,HAM_0003752,lesion:HAM_0003752,train
ISIC_0028314,/kaggle/input/datasets/nodoubttome/skin-cancer9-classesisic/Skin cancer ISIC The International Skin Imaging Collaboration/Train/actinic keratosis/ISIC_0028314.jpg,AK,HAM_0006434,lesion:HAM_0006434,train
ISIC_0028316,/kaggle/input/datasets/nodoubttome/skin-cancer9-classesisic/Skin cancer ISIC The International Skin Imaging Collaboration/Train/basal cell carcinoma/ISIC_0028316.jpg,BCC,HAM_0001296,lesion:HAM_0001296,train
ISIC_0028323,/kaggle/input/datasets/nodoubttome/skin-cancer9-classesisic/Skin cancer ISIC The International Skin Imaging Collaboration/Train/basal cell carcinoma/ISIC_0028323.jpg,BCC,HAM_0001900,lesion:HAM_0001900,train
ISIC_0028331,/kaggle/input/datasets/nodoubttome/skin-cancer9-classesisic/Skin cancer ISIC The International Skin Imaging Collaboration/Train/pigmented benign keratosis/ISIC_0028331.jpg,BKL,HAM_0002962,lesion:HAM_0002962,train
ISIC_0028335,/kaggle/input/datasets/nodoubttome/skin-cancer9-classesisic/Skin cancer ISIC The International Skin Imaging Collaboration/Train/squamous cell carcinoma/ISIC_0028335.jpg,SCC,HAM_0001219,lesion:HAM_0001219,train
ISIC_0028343,/kaggle/input/datasets/nodoubttome/skin-cancer9-classesisic/Skin cancer ISIC The International Skin Imaging Collaboration/Train/pigmented benign keratosis/ISIC_0028343.jpg,BKL,HAM_0004343,lesion:HAM_0004343,train
ISIC_0028354,/kaggle/input/datasets/nodoubttome/skin-cancer9-classesisic/Skin cancer ISIC The International Skin Imaging Collaboration/Train/pigmented benign keratosis/ISIC_0028354.jpg,BKL,HAM_0000122,lesion:HAM_0000122,train
ISIC_0028372,/kaggle/input/datasets/nodoubttome/skin-cancer9-classesisic/Skin cancer ISIC The International Skin Imaging Collaboration/Train/squamous cell carcinoma/ISIC_0028372.jpg,SCC,HAM_0006482,lesion:HAM_0006482,train
ISIC_0028376,/kaggle/input/datasets/nodoubttome/skin-cancer9-classesisic/Skin cancer ISIC The International Skin Imaging Collaboration/Train/pigmented benign keratosis/ISIC_0028376.jpg,BKL,HAM_0004630,lesion:HAM_0004630,train
ISIC_0028381,/kaggle/input/datasets/nodoubttome/skin-cancer9-classesisic/Skin cancer ISIC The International Skin Imaging Collaboration/Train/squamous cell carcinoma/ISIC_0028381.jpg,SCC,HAM_0004522,lesion:HAM_0004522,train
ISIC_0028389,/kaggle/input/datasets/nodoubttome/skin-cancer9-classesisic/Skin cancer ISIC The International Skin Imaging Collaboration/Train/pigmented benign keratosis/ISIC_0028389.jpg,BKL,HAM_0005335,lesion:HAM_0005335,train
ISIC_0028393,/kaggle/input/datasets/nodoubttome/skin-cancer9-classesisic/Skin cancer ISIC The International Skin Imaging Collaboration/Train/actinic keratosis/ISIC_0028393.jpg,AK,HAM_0005579,lesion:HAM_0005579,train
ISIC_0028404,/kaggle/input/datasets/nodoubttome/skin-cancer9-classesisic/Skin cancer ISIC The International Skin Imaging Collaboration/Train/pigmented benign keratosis/ISIC_0028404.jpg,BKL,HAM_0000881,lesion:HAM_0000881,train
ISIC_0028411,/kaggle/input/datasets/nodoubttome/skin-cancer9-classesisic/Skin cancer ISIC The International Skin Imaging Collaboration/Train/pigmented benign keratosis/ISIC_0028411.jpg,BKL,HAM_0005463,lesion:HAM_0005463,train
ISIC_0028414,/kaggle/input/datasets/nodoubttome/skin-cancer9-classesisic/Skin cancer ISIC The International Skin Imaging Collaboration/Train/pigmented benign keratosis/ISIC_0028414.jpg,BKL,HAM_0001733,lesion:HAM_0001733,train
ISIC_0028448,/kaggle/input/datasets/nodoubttome/skin-cancer9-classesisic/Skin cancer ISIC The International Skin Imaging Collaboration/Train/pigmented benign keratosis/ISIC_0028448.jpg,BKL,HAM_0001167,lesion:HAM_0001167,train
ISIC_0028449,/kaggle/input/datasets/nodoubttome/skin-cancer9-classesisic/Skin cancer ISIC The International Skin Imaging Collaboration/Train/pigmented benign keratosis/ISIC_0028449.jpg,BKL,HAM_0004556,lesion:HAM_0004556,train
ISIC_0028457,/kaggle/input/datasets/nodoubttome/skin-cancer9-classesisic/Skin cancer ISIC The International Skin Imaging Collaboration/Train/basal cell carcinoma/ISIC_0028457.jpg,BCC,HAM_0007446,lesion:HAM_0007446,train
ISIC_0028473,/kaggle/input/datasets/nodoubttome/skin-cancer9-classesisic/Skin cancer ISIC The International Skin Imaging Collaboration/Train/pigmented benign keratosis/ISIC_0028473.jpg,BKL,HAM_0004889,lesion:HAM_0004889,train
ISIC_0028486,/kaggle/input/datasets/nodoubttome/skin-cancer9-classesisic/Skin cancer ISIC The International Skin Imaging Collaboration/Train/basal cell carcinoma/ISIC_0028486.jpg,BCC,HAM_0005981,lesion:HAM_0005981,train
ISIC_0028495,/kaggle/input/datasets/nodoubttome/skin-cancer9-classesisic/Skin cancer ISIC The International Skin Imaging Collaboration/Train/basal cell carcinoma/ISIC_0028495.jpg,BCC,HAM_0000195,lesion:HAM_0000195,train
ISIC_0028496,/kaggle/input/datasets/nodoubttome/skin-cancer9-classesisic/Skin cancer ISIC The International Skin Imaging Collaboration/Train/pigmented benign keratosis/ISIC_0028496.jpg,BKL,HAM_0003830,lesion:HAM_0003830,train
ISIC_0028499,/kaggle/input/datasets/nodoubttome/skin-cancer9-classesisic/Skin cancer ISIC The International Skin Imaging Collaboration/Train/squamous cell carcinoma/ISIC_0028499.jpg,SCC,HAM_0004976,lesion:HAM_0004976,train
ISIC_0028511,/kaggle/input/datasets/nodoubttome/skin-cancer9-classesisic/Skin cancer ISIC The International Skin Imaging Collaboration/Train/pigmented benign keratosis/ISIC_0028511.jpg,BKL,HAM_0004889,lesion:HAM_0004889,train
ISIC_0028517,/kaggle/input/datasets/nodoubttome/skin-cancer9-classesisic/Skin cancer ISIC The International Skin Imaging Collaboration/Train/actinic keratosis/ISIC_0028517.jpg,AK,HAM_0006220,lesion:HAM_0006220,train
ISIC_0028525,/kaggle/input/datasets/nodoubttome/skin-cancer9-classesisic/Skin cancer ISIC The International Skin Imaging Collaboration/Train/pigmented benign keratosis/ISIC_0028525.jpg,BKL,HAM_0005722,lesion:HAM_0005722,train
ISIC_0028550,/kaggle/input/datasets/nodoubttome/skin-cancer9-classesisic/Skin cancer ISIC The International Skin Imaging Collaboration/Train/pigmented benign keratosis/ISIC_0028550.jpg,BKL,HAM_0000259,lesion:HAM_0000259,train
ISIC_0028555,/kaggle/input/datasets/nodoubttome/skin-cancer9-classesisic/Skin cancer ISIC The International Skin Imaging Collaboration/Train/pigmented benign keratosis/ISIC_0028555.jpg,BKL,HAM_0002301,lesion:HAM_0002301,train
ISIC_0028556,/kaggle/input/datasets/nodoubttome/skin-cancer9-classesisic/Skin cancer ISIC The International Skin Imaging Collaboration/Train/basal cell carcinoma/ISIC_0028556.jpg,BCC,HAM_0002421,lesion:HAM_0002421,train
ISIC_0028560,/kaggle/input/datasets/nodoubttome/skin-cancer9-classesisic/Skin cancer ISIC The International Skin Imaging Collaboration/Train/pigmented benign keratosis/ISIC_0028560.jpg,BKL,HAM_0003847,lesion:HAM_0003847,train
ISIC_0028568,/kaggle/input/datasets/nodoubttome/skin-cancer9-classesisic/Skin cancer ISIC The International Skin Imaging Collaboration/Train/basal cell carcinoma/ISIC_0028568.jpg,BCC,HAM_0001434,lesion:HAM_0001434,train
ISIC_0028570,/kaggle/input/datasets/nodoubttome/skin-cancer9-classesisic/Skin cancer ISIC The International Skin Imaging Collaboration/Train/basal cell carcinoma/ISIC_0028570.jpg,BCC,HAM_0002818,lesion:HAM_0002818,train
ISIC_0028577,/kaggle/input/datasets/nodoubttome/skin-cancer9-classesisic/Skin cancer ISIC The International Skin Imaging Collaboration/Train/basal cell carcinoma/ISIC_0028577.jpg,BCC,HAM_0007139,lesion:HAM_0007139,train
ISIC_0028583,/kaggle/input/datasets/nodoubttome/skin-cancer9-classesisic/Skin cancer ISIC The International Skin Imaging Collaboration/Train/basal cell carcinoma/ISIC_0028583.jpg,BCC,HAM_0004880,lesion:HAM_0004880,train
ISIC_0028587,/kaggle/input/datasets/nodoubttome/skin-cancer9-classesisic/Skin cancer ISIC The International Skin Imaging Collaboration/Train/pigmented benign keratosis/ISIC_0028587.jpg,BKL,HAM_0001735,lesion:HAM_0001735,train
ISIC_0028593,/kaggle/input/datasets/nodoubttome/skin-cancer9-classesisic/Skin cancer ISIC The International Skin Imaging Collaboration/Train/pigmented benign keratosis/ISIC_0028593.jpg,BKL,HAM_0003120,lesion:HAM_0003120,train
ISIC_0028607,/kaggle/input/datasets/nodoubttome/skin-cancer9-classesisic/Skin cancer ISIC The International Skin Imaging Collaboration/Train/pigmented benign keratosis/ISIC_0028607.jpg,BKL,HAM_0000114,lesion:HAM_0000114,train
ISIC_0028611,/kaggle/input/datasets/nodoubttome/skin-cancer9-classesisic/Skin cancer ISIC The International Skin Imaging Collaboration/Train/pigmented benign keratosis/ISIC_0028611.jpg,BKL,HAM_0004695,lesion:HAM_0004695,train
ISIC_0028623,/kaggle/input/datasets/nodoubttome/skin-cancer9-classesisic/Skin cancer ISIC The International Skin Imaging Collaboration/Train/pigmented benign keratosis/ISIC_0028623.jpg,BKL,HAM_0001781,lesion:HAM_0001781,train
ISIC_0028646,/kaggle/input/datasets/nodoubttome/skin-cancer9-classesisic/Skin cancer ISIC The International Skin Imaging Collaboration/Train/pigmented benign keratosis/ISIC_0028646.jpg,BKL,HAM_0005077,lesion:HAM_0005077,train
ISIC_0028651,/kaggle/input/datasets/nodoubttome/skin-cancer9-classesisic/Skin cancer ISIC The International Skin Imaging Collaboration/Train/dermatofibroma/ISIC_0028651.jpg,DF,HAM_0004496,lesion:HAM_0004496,train
ISIC_0028652,/kaggle/input/datasets/nodoubttome/skin-cancer9-classesisic/Skin cancer ISIC The International Skin Imaging Collaboration/Train/basal cell carcinoma/ISIC_0028652.jpg,BCC,HAM_0001575,lesion:HAM_0001575,train
ISIC_0028653,/kaggle/input/datasets/nodoubttome/skin-cancer9-classesisic/Skin cancer ISIC The International Skin Imaging Collaboration/Train/basal cell carcinoma/ISIC_0028653.jpg,BCC,HAM_0005837,lesion:HAM_0005837,train
ISIC_0028659,/kaggle/input/datasets/nodoubttome/skin-cancer9-classesisic/Skin cancer ISIC The International Skin Imaging Collaboration/Train/squamous cell carcinoma/ISIC_0028659.jpg,SCC,HAM_0002070,lesion:HAM_0002070,train
ISIC_0028670,/kaggle/input/datasets/nodoubttome/skin-cancer9-classesisic/Skin cancer ISIC The International Skin Imaging Collaboration/Train/basal cell carcinoma/ISIC_0028670.jpg,BCC,HAM_0003981,lesion:HAM_0003981,train
ISIC_0028677,/kaggle/input/datasets/nodoubttome/skin-cancer9-classesisic/Skin cancer ISIC The International Skin Imaging Collaboration/Train/basal cell carcinoma/ISIC_0028677.jpg,BCC,HAM_0001711,lesion:HAM_0001711,train
ISIC_0028680,/kaggle/input/datasets/nodoubttome/skin-cancer9-classesisic/Skin cancer ISIC The International Skin Imaging Collaboration/Train/vascular lesion/ISIC_0028680.jpg,VASC,HAM_0007150,lesion:HAM_0007150,train
ISIC_0028688,/kaggle/input/datasets/nodoubttome/skin-cancer9-classesisic/Skin cancer ISIC The International Skin Imaging Collaboration/Train/basal cell carcinoma/ISIC_0028688.jpg,BCC,HAM_0006844,lesion:HAM_0006844,train
ISIC_0028693,/kaggle/input/datasets/nodoubttome/skin-cancer9-classesisic/Skin cancer ISIC The International Skin Imaging Collaboration/Train/basal cell carcinoma/ISIC_0028693.jpg,BCC,HAM_0001610,lesion:HAM_0001610,train
ISIC_0028714,/kaggle/input/datasets/nodoubttome/skin-cancer9-classesisic/Skin cancer ISIC The International Skin Imaging Collaboration/Train/vascular lesion/ISIC_0028714.jpg,VASC,HAM_0005713,lesion:HAM_0005713,train
ISIC_0028719,/kaggle/input/datasets/nodoubttome/skin-cancer9-classesisic/Skin cancer ISIC The International Skin Imaging Collaboration/Train/basal cell carcinoma/ISIC_0028719.jpg,BCC,HAM_0004365,lesion:HAM_0004365,train
ISIC_0028739,/kaggle/input/datasets/nodoubttome/skin-cancer9-classesisic/Skin cancer ISIC The International Skin Imaging Collaboration/Train/basal cell carcinoma/ISIC_0028739.jpg,BCC,HAM_0007313,lesion:HAM_0007313,train
ISIC_0028747,/kaggle/input/datasets/nodoubttome/skin-cancer9-classesisic/Skin cancer ISIC The International Skin Imaging Collaboration/Train/basal cell carcinoma/ISIC_0028747.jpg,BCC,HAM_0007262,lesion:HAM_0007262,train
ISIC_0028763,/kaggle/input/datasets/nodoubttome/skin-cancer9-classesisic/Skin cancer ISIC The International Skin Imaging Collaboration/Train/squamous cell carcinoma/ISIC_0028763.jpg,SCC,HAM_0000832,lesion:HAM_0000832,train
ISIC_0028795,/kaggle/input/datasets/nodoubttome/skin-cancer9-classesisic/Skin cancer ISIC The International Skin Imaging Collaboration/Train/squamous cell carcinoma/ISIC_0028795.jpg,SCC,HAM_0004568,lesion:HAM_0004568,train
ISIC_0028814,/kaggle/input/datasets/nodoubttome/skin-cancer9-classesisic/Skin cancer ISIC The International Skin Imaging Collaboration/Train/basal cell carcinoma/ISIC_0028814.jpg,BCC,HAM_0005375,lesion:HAM_0005375,train
ISIC_0028815,/kaggle/input/datasets/nodoubttome/skin-cancer9-classesisic/Skin cancer ISIC The International Skin Imaging Collaboration/Train/basal cell carcinoma/ISIC_0028815.jpg,BCC,HAM_0004967,lesion:HAM_0004967,train
ISIC_0028816,/kaggle/input/datasets/nodoubttome/skin-cancer9-classesisic/Skin cancer ISIC The International Skin Imaging Collaboration/Train/squamous cell carcinoma/ISIC_0028816.jpg,SCC,HAM_0003123,lesion:HAM_0003123,train
ISIC_0028818,/kaggle/input/datasets/nodoubttome/skin-cancer9-classesisic/Skin cancer ISIC The International Skin Imaging Collaboration/Train/basal cell carcinoma/ISIC_0028818.jpg,BCC,HAM_0003694,lesion:HAM_0003694,train
ISIC_0028820,/kaggle/input/datasets/nodoubttome/skin-cancer9-classesisic/Skin cancer ISIC The International Skin Imaging Collaboration/Train/actinic keratosis/ISIC_0028820.jpg,AK,HAM_0000931,lesion:HAM_0000931,train
ISIC_0028854,/kaggle/input/datasets/nodoubttome/skin-cancer9-classesisic/Skin cancer ISIC The International Skin Imaging Collaboration/Train/actinic keratosis/ISIC_0028854.jpg,AK,HAM_0005356,lesion:HAM_0005356,train
ISIC_0028858,/kaggle/input/datasets/nodoubttome/skin-cancer9-classesisic/Skin cancer ISIC The International Skin Imaging Collaboration/Train/basal cell carcinoma/ISIC_0028858.jpg,BCC,HAM_0001078,lesion:HAM_0001078,train
ISIC_0028871,/kaggle/input/datasets/nodoubttome/skin-cancer9-classesisic/Skin cancer ISIC The International Skin Imaging Collaboration/Train/basal cell carcinoma/ISIC_0028871.jpg,BCC,HAM_0000212,lesion:HAM_0000212,train
ISIC_0028880,/kaggle/input/datasets/nodoubttome/skin-cancer9-classesisic/Skin cancer ISIC The International Skin Imaging Collaboration/Train/dermatofibroma/ISIC_0028880.jpg,DF,HAM_0004103,lesion:HAM_0004103,train
ISIC_0028885,/kaggle/input/datasets/nodoubttome/skin-cancer9-classesisic/Skin cancer ISIC The International Skin Imaging Collaboration/Train/vascular lesion/ISIC_0028885.jpg,VASC,HAM_0005427,lesion:HAM_0005427,train
ISIC_0028890,/kaggle/input/datasets/nodoubttome/skin-cancer9-classesisic/Skin cancer ISIC The International Skin Imaging Collaboration/Train/basal cell carcinoma/ISIC_0028890.jpg,BCC,HAM_0005435,lesion:HAM_0005435,train
ISIC_0028926,/kaggle/input/datasets/nodoubttome/skin-cancer9-classesisic/Skin cancer ISIC The International Skin Imaging Collaboration/Train/dermatofibroma/ISIC_0028926.jpg,DF,HAM_0000720,lesion:HAM_0000720,train
ISIC_0028937,/kaggle/input/datasets/nodoubttome/skin-cancer9-classesisic/Skin cancer ISIC The International Skin Imaging Collaboration/Train/basal cell carcinoma/ISIC_0028937.jpg,BCC,HAM_0003610,lesion:HAM_0003610,train
ISIC_0028941,/kaggle/input/datasets/nodoubttome/skin-cancer9-classesisic/Skin cancer ISIC The International Skin Imaging Collaboration/Train/actinic keratosis/ISIC_0028941.jpg,AK,HAM_0001593,lesion:HAM_0001593,train
ISIC_0028964,/kaggle/input/datasets/nodoubttome/skin-cancer9-classesisic/Skin cancer ISIC The International Skin Imaging Collaboration/Train/basal cell carcinoma/ISIC_0028964.jpg,BCC,HAM_0000092,lesion:HAM_0000092,train
ISIC_0028973,/kaggle/input/datasets/nodoubttome/skin-cancer9-classesisic/Skin cancer ISIC The International Skin Imaging Collaboration/Train/basal cell carcinoma/ISIC_0028973.jpg,BCC,HAM_0005665,lesion:HAM_0005665,train
ISIC_0028990,/kaggle/input/datasets/nodoubttome/skin-cancer9-classesisic/Skin cancer ISIC The International Skin Imaging Collaboration/Train/actinic keratosis/ISIC_0028990.jpg,AK,HAM_0006180,lesion:HAM_0006180,train
ISIC_0029002,/kaggle/input/datasets/nodoubttome/skin-cancer9-classesisic/Skin cancer ISIC The International Skin Imaging Collaboration/Train/squamous cell carcinoma/ISIC_0029002.jpg,SCC,HAM_0003401,lesion:HAM_0003401,train
ISIC_0029035,/kaggle/input/datasets/nodoubttome/skin-cancer9-classesisic/Skin cancer ISIC The International Skin Imaging Collaboration/Train/basal cell carcinoma/ISIC_0029035.jpg,BCC,HAM_0006386,lesion:HAM_0006386,train
ISIC_0029043,/kaggle/input/datasets/nodoubttome/skin-cancer9-classesisic/Skin cancer ISIC The International Skin Imaging Collaboration/Train/squamous cell carcinoma/ISIC_0029043.jpg,SCC,HAM_0005231,lesion:HAM_0005231,train
ISIC_0029067,/kaggle/input/datasets/nodoubttome/skin-cancer9-classesisic/Skin cancer ISIC The International Skin Imaging Collaboration/Train/squamous cell carcinoma/ISIC_0029067.jpg,SCC,HAM_0000498,lesion:HAM_0000498,train
ISIC_0029082,/kaggle/input/datasets/nodoubttome/skin-cancer9-classesisic/Skin cancer ISIC The International Skin Imaging Collaboration/Train/basal cell carcinoma/ISIC_0029082.jpg,BCC,HAM_0005665,lesion:HAM_0005665,train
ISIC_0029083,/kaggle/input/datasets/nodoubttome/skin-cancer9-classesisic/Skin cancer ISIC The International Skin Imaging Collaboration/Train/basal cell carcinoma/ISIC_0029083.jpg,BCC,HAM_0002312,lesion:HAM_0002312,train
ISIC_0029099,/kaggle/input/datasets/nodoubttome/skin-cancer9-classesisic/Skin cancer ISIC The International Skin Imaging Collaboration/Train/vascular lesion/ISIC_0029099.jpg,VASC,HAM_0000286,lesion:HAM_0000286,train
ISIC_0029130,/kaggle/input/datasets/nodoubttome/skin-cancer9-classesisic/Skin cancer ISIC The International Skin Imaging Collaboration/Train/dermatofibroma/ISIC_0029130.jpg,DF,HAM_0000049,lesion:HAM_0000049,train
ISIC_0029133,/kaggle/input/datasets/nodoubttome/skin-cancer9-classesisic/Skin cancer ISIC The International Skin Imaging Collaboration/Train/actinic keratosis/ISIC_0029133.jpg,AK,HAM_0000918,lesion:HAM_0000918,train
ISIC_0029141,/kaggle/input/datasets/nodoubttome/skin-cancer9-classesisic/Skin cancer ISIC The International Skin Imaging Collaboration/Train/actinic keratosis/ISIC_0029141.jpg,AK,HAM_0004592,lesion:HAM_0004592,train
ISIC_0029177,/kaggle/input/datasets/nodoubttome/skin-cancer9-classesisic/Skin cancer ISIC The International Skin Imaging Collaboration/Train/dermatofibroma/ISIC_0029177.jpg,DF,HAM_0005918,lesion:HAM_0005918,train
ISIC_0029193,/kaggle/input/datasets/nodoubttome/skin-cancer9-classesisic/Skin cancer ISIC The International Skin Imaging Collaboration/Train/basal cell carcinoma/ISIC_0029193.jpg,BCC,HAM_0006834,lesion:HAM_0006834,train
ISIC_0029201,/kaggle/input/datasets/nodoubttome/skin-cancer9-classesisic/Skin cancer ISIC The International Skin Imaging Collaboration/Train/basal cell carcinoma/ISIC_0029201.jpg,BCC,HAM_0000009,lesion:HAM_0000009,train
ISIC_0029230,/kaggle/input/datasets/nodoubttome/skin-cancer9-classesisic/Skin cancer ISIC The International Skin Imaging Collaboration/Train/basal cell carcinoma/ISIC_0029230.jpg,BCC,HAM_0007141,lesion:HAM_0007141,train
ISIC_0029268,/kaggle/input/datasets/nodoubttome/skin-cancer9-classesisic/Skin cancer ISIC The International Skin Imaging Collaboration/Train/squamous cell carcinoma/ISIC_0029268.jpg,SCC,HAM_0005459,lesion:HAM_0005459,train
ISIC_0029278,/kaggle/input/datasets/nodoubttome/skin-cancer9-classesisic/Skin cancer ISIC The International Skin Imaging Collaboration/Train/basal cell carcinoma/ISIC_0029278.jpg,BCC,HAM_0002224,lesion:HAM_0002224,train
ISIC_0029279,/kaggle/input/datasets/nodoubttome/skin-cancer9-classesisic/Skin cancer ISIC The International Skin Imaging Collaboration/Train/squamous cell carcinoma/ISIC_0029279.jpg,SCC,HAM_0000769,lesion:HAM_0000769,train
ISIC_0029297,/kaggle/input/datasets/nodoubttome/skin-cancer9-classesisic/Skin cancer ISIC The International Skin Imaging Collaboration/Train/dermatofibroma/ISIC_0029297.jpg,DF,HAM_0002153,lesion:HAM_0002153,train
ISIC_0029309,/kaggle/input/datasets/nodoubttome/skin-cancer9-classesisic/Skin cancer ISIC The International Skin Imaging Collaboration/Train/actinic keratosis/ISIC_0029309.jpg,AK,HAM_0005579,lesion:HAM_0005579,train
ISIC_0029315,/kaggle/input/datasets/nodoubttome/skin-cancer9-classesisic/Skin cancer ISIC The International Skin Imaging Collaboration/Train/squamous cell carcinoma/ISIC_0029315.jpg,SCC,HAM_0004780,lesion:HAM_0004780,train
ISIC_0029337,/kaggle/input/datasets/nodoubttome/skin-cancer9-classesisic/Skin cancer ISIC The International Skin Imaging Collaboration/Train/basal cell carcinoma/ISIC_0029337.jpg,BCC,HAM_0002506,lesion:HAM_0002506,train
ISIC_0029342,/kaggle/input/datasets/nodoubttome/skin-cancer9-classesisic/Skin cancer ISIC The International Skin Imaging Collaboration/Train/basal cell carcinoma/ISIC_0029342.jpg,BCC,HAM_0007139,lesion:HAM_0007139,train
ISIC_0029352,/kaggle/input/datasets/nodoubttome/skin-cancer9-classesisic/Skin cancer ISIC The International Skin Imaging Collaboration/Train/basal cell carcinoma/ISIC_0029352.jpg,BCC,HAM_0006765,lesion:HAM_0006765,train
ISIC_0029371,/kaggle/input/datasets/nodoubttome/skin-cancer9-classesisic/Skin cancer ISIC The International Skin Imaging Collaboration/Train/squamous cell carcinoma/ISIC_0029371.jpg,SCC,HAM_0005264,lesion:HAM_0005264,train
ISIC_0029392,/kaggle/input/datasets/nodoubttome/skin-cancer9-classesisic/Skin cancer ISIC The International Skin Imaging Collaboration/Train/basal cell carcinoma/ISIC_0029392.jpg,BCC,HAM_0002983,lesion:HAM_0002983,train
ISIC_0029404,/kaggle/input/datasets/nodoubttome/skin-cancer9-classesisic/Skin cancer ISIC The International Skin Imaging Collaboration/Train/vascular lesion/ISIC_0029404.jpg,VASC,HAM_0002692,lesion:HAM_0002692,train
ISIC_0029412,/kaggle/input/datasets/nodoubttome/skin-cancer9-classesisic/Skin cancer ISIC The International Skin Imaging Collaboration/Train/basal cell carcinoma/ISIC_0029412.jpg,BCC,HAM_0002024,lesion:HAM_0002024,train
ISIC_0029439,/kaggle/input/datasets/nodoubttome/skin-cancer9-classesisic/Skin cancer ISIC The International Skin Imaging Collaboration/Train/vascular lesion/ISIC_0029439.jpg,VASC,HAM_0002390,lesion:HAM_0002390,train
ISIC_0029466,/kaggle/input/datasets/nodoubttome/skin-cancer9-classesisic/Skin cancer ISIC The International Skin Imaging Collaboration/Train/basal cell carcinoma/ISIC_0029466.jpg,BCC,HAM_0002021,lesion:HAM_0002021,train
ISIC_0029489,/kaggle/input/datasets/nodoubttome/skin-cancer9-classesisic/Skin cancer ISIC The International Skin Imaging Collaboration/Train/basal cell carcinoma/ISIC_0029489.jpg,BCC,HAM_0006005,lesion:HAM_0006005,train
ISIC_0029500,/kaggle/input/datasets/nodoubttome/skin-cancer9-classesisic/Skin cancer ISIC The International Skin Imaging Collaboration/Train/actinic keratosis/ISIC_0029500.jpg,AK,HAM_0006887,lesion:HAM_0006887,train
ISIC_0029501,/kaggle/input/datasets/nodoubttome/skin-cancer9-classesisic/Skin cancer ISIC The International Skin Imaging Collaboration/Train/basal cell carcinoma/ISIC_0029501.jpg,BCC,HAM_0002018,lesion:HAM_0002018,train
ISIC_0029514,/kaggle/input/datasets/nodoubttome/skin-cancer9-classesisic/Skin cancer ISIC The International Skin Imaging Collaboration/Train/vascular lesion/ISIC_0029514.jpg,VASC,HAM_0007614,lesion:HAM_0007614,train
ISIC_0029515,/kaggle/input/datasets/nodoubttome/skin-cancer9-classesisic/Skin cancer ISIC The International Skin Imaging Collaboration/Train/basal cell carcinoma/ISIC_0029515.jpg,BCC,HAM_0007002,lesion:HAM_0007002,train
ISIC_0029539,/kaggle/input/datasets/nodoubttome/skin-cancer9-classesisic/Skin cancer ISIC The International Skin Imaging Collaboration/Train/basal cell carcinoma/ISIC_0029539.jpg,BCC,HAM_0005971,lesion:HAM_0005971,train
ISIC_0029545,/kaggle/input/datasets/nodoubttome/skin-cancer9-classesisic/Skin cancer ISIC The International Skin Imaging Collaboration/Train/basal cell carcinoma/ISIC_0029545.jpg,BCC,HAM_0000496,lesion:HAM_0000496,train
ISIC_0029549,/kaggle/input/datasets/nodoubttome/skin-cancer9-classesisic/Skin cancer ISIC The International Skin Imaging Collaboration/Train/squamous cell carcinoma/ISIC_0029549.jpg,SCC,HAM_0005718,lesion:HAM_0005718,train
ISIC_0029563,/kaggle/input/datasets/nodoubttome/skin-cancer9-classesisic/Skin cancer ISIC The International Skin Imaging Collaboration/Train/squamous cell carcinoma/ISIC_0029563.jpg,SCC,HAM_0003146,lesion:HAM_0003146,train
ISIC_0029564,/kaggle/input/datasets/nodoubttome/skin-cancer9-classesisic/Skin cancer ISIC The International Skin Imaging Collaboration/Train/basal cell carcinoma/ISIC_0029564.jpg,BCC,HAM_0004515,lesion:HAM_0004515,train
ISIC_0029582,/kaggle/input/datasets/nodoubttome/skin-cancer9-classesisic/Skin cancer ISIC The International Skin Imaging Collaboration/Train/squamous cell carcinoma/ISIC_0029582.jpg,SCC,HAM_0003501,lesion:HAM_0003501,train
ISIC_0029598,/kaggle/input/datasets/nodoubttome/skin-cancer9-classesisic/Skin cancer ISIC The International Skin Imaging Collaboration/Train/squamous cell carcinoma/ISIC_0029598.jpg,SCC,HAM_0003401,lesion:HAM_0003401,train
ISIC_0029610,/kaggle/input/datasets/nodoubttome/skin-cancer9-classesisic/Skin cancer ISIC The International Skin Imaging Collaboration/Train/squamous cell carcinoma/ISIC_0029610.jpg,SCC,HAM_0005459,lesion:HAM_0005459,train
ISIC_0029634,/kaggle/input/datasets/nodoubttome/skin-cancer9-classesisic/Skin cancer ISIC The International Skin Imaging Collaboration/Train/squamous cell carcinoma/ISIC_0029634.jpg,SCC,HAM_0003971,lesion:HAM_0003971,train
ISIC_0029638,/kaggle/input/datasets/nodoubttome/skin-cancer9-classesisic/Skin cancer ISIC The International Skin Imaging Collaboration/Train/squamous cell carcinoma/ISIC_0029638.jpg,SCC,HAM_0000005,lesion:HAM_0000005,train
ISIC_0029644,/kaggle/input/datasets/nodoubttome/skin-cancer9-classesisic/Skin cancer ISIC The International Skin Imaging Collaboration/Train/basal cell carcinoma/ISIC_0029644.jpg,BCC,HAM_0005184,lesion:HAM_0005184,train
ISIC_0029655,/kaggle/input/datasets/nodoubttome/skin-cancer9-classesisic/Skin cancer ISIC The International Skin Imaging Collaboration/Train/basal cell carcinoma/ISIC_0029655.jpg,BCC,HAM_0006727,lesion:HAM_0006727,train
ISIC_0029659,/kaggle/input/datasets/nodoubttome/skin-cancer9-classesisic/Skin cancer ISIC The International Skin Imaging Collaboration/Train/actinic keratosis/ISIC_0029659.jpg,AK,HAM_0000673,lesion:HAM_0000673,train
ISIC_0029713,/kaggle/input/datasets/nodoubttome/skin-cancer9-classesisic/Skin cancer ISIC The International Skin Imaging Collaboration/Train/actinic keratosis/ISIC_0029713.jpg,AK,HAM_0006036,lesion:HAM_0006036,train
ISIC_0029715,/kaggle/input/datasets/nodoubttome/skin-cancer9-classesisic/Skin cancer ISIC The International Skin Imaging Collaboration/Train/squamous cell carcinoma/ISIC_0029715.jpg,SCC,HAM_0000859,lesion:HAM_0000859,train
ISIC_0029742,/kaggle/input/datasets/nodoubttome/skin-cancer9-classesisic/Skin cancer ISIC The International Skin Imaging Collaboration/Train/vascular lesion/ISIC_0029742.jpg,VASC,HAM_0002650,lesion:HAM_0002650,train
ISIC_0029755,/kaggle/input/datasets/nodoubttome/skin-cancer9-classesisic/Skin cancer ISIC The International Skin Imaging Collaboration/Train/basal cell carcinoma/ISIC_0029755.jpg,BCC,HAM_0005776,lesion:HAM_0005776,train
ISIC_0029779,/kaggle/input/datasets/nodoubttome/skin-cancer9-classesisic/Skin cancer ISIC The International Skin Imaging Collaboration/Train/basal cell carcinoma/ISIC_0029779.jpg,BCC,HAM_0000009,lesion:HAM_0000009,train
ISIC_0029783,/kaggle/input/datasets/nodoubttome/skin-cancer9-classesisic/Skin cancer ISIC The International Skin Imaging Collaboration/Train/dermatofibroma/ISIC_0029783.jpg,DF,HAM_0002706,lesion:HAM_0002706,train
ISIC_0029805,/kaggle/input/datasets/nodoubttome/skin-cancer9-classesisic/Skin cancer ISIC The International Skin Imaging Collaboration/Train/basal cell carcinoma/ISIC_0029805.jpg,BCC,HAM_0005575,lesion:HAM_0005575,train
ISIC_0029820,/kaggle/input/datasets/nodoubttome/skin-cancer9-classesisic/Skin cancer ISIC The International Skin Imaging Collaboration/Train/basal cell carcinoma/ISIC_0029820.jpg,BCC,HAM_0007627,lesion:HAM_0007627,train
ISIC_0029824,/kaggle/input/datasets/nodoubttome/skin-cancer9-classesisic/Skin cancer ISIC The International Skin Imaging Collaboration/Train/dermatofibroma/ISIC_0029824.jpg,DF,HAM_0005362,lesion:HAM_0005362,train
ISIC_0029827,/kaggle/input/datasets/nodoubttome/skin-cancer9-classesisic/Skin cancer ISIC The International Skin Imaging Collaboration/Train/actinic keratosis/ISIC_0029827.jpg,AK,HAM_0002699,lesion:HAM_0002699,train
ISIC_0029840,/kaggle/input/datasets/nodoubttome/skin-cancer9-classesisic/Skin cancer ISIC The International Skin Imaging Collaboration/Train/actinic keratosis/ISIC_0029840.jpg,AK,HAM_0004809,lesion:HAM_0004809,train
ISIC_0029847,/kaggle/input/datasets/nodoubttome/skin-cancer9-classesisic/Skin cancer ISIC The International Skin Imaging Collaboration/Train/basal cell carcinoma/ISIC_0029847.jpg,BCC,HAM_0002791,lesion:HAM_0002791,train
ISIC_0029851,/kaggle/input/datasets/nodoubttome/skin-cancer9-classesisic/Skin cancer ISIC The International Skin Imaging Collaboration/Train/squamous cell carcinoma/ISIC_0029851.jpg,SCC,HAM_0000769,lesion:HAM_0000769,train
ISIC_0029857,/kaggle/input/datasets/nodoubttome/skin-cancer9-classesisic/Skin cancer ISIC The International Skin Imaging Collaboration/Train/basal cell carcinoma/ISIC_0029857.jpg,BCC,HAM_0005856,lesion:HAM_0005856,train
ISIC_0029860,/kaggle/input/datasets/nodoubttome/skin-cancer9-classesisic/Skin cancer ISIC The International Skin Imaging Collaboration/Train/squamous cell carcinoma/ISIC_0029860.jpg,SCC,HAM_0001967,lesion:HAM_0001967,train
ISIC_0029877,/kaggle/input/datasets/nodoubttome/skin-cancer9-classesisic/Skin cancer ISIC The International Skin Imaging Collaboration/Train/vascular lesion/ISIC_0029877.jpg,VASC,HAM_0006193,lesion:HAM_0006193,train
ISIC_0029891,/kaggle/input/datasets/nodoubttome/skin-cancer9-classesisic/Skin cancer ISIC The International Skin Imaging Collaboration/Train/dermatofibroma/ISIC_0029891.jpg,DF,HAM_0007227,lesion:HAM_0007227,train
ISIC_0029899,/kaggle/input/datasets/nodoubttome/skin-cancer9-classesisic/Skin cancer ISIC The International Skin Imaging Collaboration/Train/basal cell carcinoma/ISIC_0029899.jpg,BCC,HAM_0005530,lesion:HAM_0005530,train
ISIC_0029915,/kaggle/input/datasets/nodoubttome/skin-cancer9-classesisic/Skin cancer ISIC The International Skin Imaging Collaboration/Train/actinic keratosis/ISIC_0029915.jpg,AK,HAM_0006002,lesion:HAM_0006002,train
ISIC_0029917,/kaggle/input/datasets/nodoubttome/skin-cancer9-classesisic/Skin cancer ISIC The International Skin Imaging Collaboration/Train/basal cell carcinoma/ISIC_0029917.jpg,BCC,HAM_0007364,lesion:HAM_0007364,train
ISIC_0029930,/kaggle/input/datasets/nodoubttome/skin-cancer9-classesisic/Skin cancer ISIC The International Skin Imaging Collaboration/Train/actinic keratosis/ISIC_0029930.jpg,AK,HAM_0005889,lesion:HAM_0005889,train
ISIC_0029932,/kaggle/input/datasets/nodoubttome/skin-cancer9-classesisic/Skin cancer ISIC The International Skin Imaging Collaboration/Train/squamous cell carcinoma/ISIC_0029932.jpg,SCC,HAM_0004722,lesion:HAM_0004722,train
ISIC_0029951,/kaggle/input/datasets/nodoubttome/skin-cancer9-classesisic/Skin cancer ISIC The International Skin Imaging Collaboration/Train/basal cell carcinoma/ISIC_0029951.jpg,BCC,HAM_0005973,lesion:HAM_0005973,train
ISIC_0029967,/kaggle/input/datasets/nodoubttome/skin-cancer9-classesisic/Skin cancer ISIC The International Skin Imaging Collaboration/Train/dermatofibroma/ISIC_0029967.jpg,DF,HAM_0004960,lesion:HAM_0004960,train
ISIC_0029974,/kaggle/input/datasets/nodoubttome/skin-cancer9-classesisic/Skin cancer ISIC The International Skin Imaging Collaboration/Train/basal cell carcinoma/ISIC_0029974.jpg,BCC,HAM_0004627,lesion:HAM_0004627,train
ISIC_0030011,/kaggle/input/datasets/nodoubttome/skin-cancer9-classesisic/Skin cancer ISIC The International Skin Imaging Collaboration/Train/dermatofibroma/ISIC_0030011.jpg,DF,HAM_0004371,lesion:HAM_0004371,train
ISIC_0030015,/kaggle/input/datasets/nodoubttome/skin-cancer9-classesisic/Skin cancer ISIC The International Skin Imaging Collaboration/Train/dermatofibroma/ISIC_0030015.jpg,DF,HAM_0006542,lesion:HAM_0006542,train
ISIC_0030021,/kaggle/input/datasets/nodoubttome/skin-cancer9-classesisic/Skin cancer ISIC The International Skin Imaging Collaboration/Train/dermatofibroma/ISIC_0030021.jpg,DF,HAM_0001164,lesion:HAM_0001164,train
ISIC_0030036,/kaggle/input/datasets/nodoubttome/skin-cancer9-classesisic/Skin cancer ISIC The International Skin Imaging Collaboration/Train/actinic keratosis/ISIC_0030036.jpg,AK,HAM_0007008,lesion:HAM_0007008,train
ISIC_0030104,/kaggle/input/datasets/nodoubttome/skin-cancer9-classesisic/Skin cancer ISIC The International Skin Imaging Collaboration/Train/vascular lesion/ISIC_0030104.jpg,VASC,HAM_0001122,lesion:HAM_0001122,train
ISIC_0030142,/kaggle/input/datasets/nodoubttome/skin-cancer9-classesisic/Skin cancer ISIC The International Skin Imaging Collaboration/Train/actinic keratosis/ISIC_0030142.jpg,AK,HAM_0006434,lesion:HAM_0006434,train
ISIC_0030143,/kaggle/input/datasets/nodoubttome/skin-cancer9-classesisic/Skin cancer ISIC The International Skin Imaging Collaboration/Train/actinic keratosis/ISIC_0030143.jpg,AK,HAM_0005978,lesion:HAM_0005978,train
ISIC_0030145,/kaggle/input/datasets/nodoubttome/skin-cancer9-classesisic/Skin cancer ISIC The International Skin Imaging Collaboration/Train/basal cell carcinoma/ISIC_0030145.jpg,BCC,HAM_0001326,lesion:HAM_0001326,train
ISIC_0030181,/kaggle/input/datasets/nodoubttome/skin-cancer9-classesisic/Skin cancer ISIC The International Skin Imaging Collaboration/Train/basal cell carcinoma/ISIC_0030181.jpg,BCC,HAM_0005985,lesion:HAM_0005985,train
ISIC_0030191,/kaggle/input/datasets/nodoubttome/skin-cancer9-classesisic/Skin cancer ISIC The International Skin Imaging Collaboration/Train/squamous cell carcinoma/ISIC_0030191.jpg,SCC,HAM_0003161,lesion:HAM_0003161,train
ISIC_0030197,/kaggle/input/datasets/nodoubttome/skin-cancer9-classesisic/Skin cancer ISIC The International Skin Imaging Collaboration/Train/basal cell carcinoma/ISIC_0030197.jpg,BCC,HAM_0006727,lesion:HAM_0006727,train
ISIC_0030233,/kaggle/input/datasets/nodoubttome/skin-cancer9-classesisic/Skin cancer ISIC The International Skin Imaging Collaboration/Train/basal cell carcinoma/ISIC_0030233.jpg,BCC,HAM_0003112,lesion:HAM_0003112,train
ISIC_0030245,/kaggle/input/datasets/nodoubttome/skin-cancer9-classesisic/Skin cancer ISIC The International Skin Imaging Collaboration/Train/squamous cell carcinoma/ISIC_0030245.jpg,SCC,HAM_0004780,lesion:HAM_0004780,train
ISIC_0030275,/kaggle/input/datasets/nodoubttome/skin-cancer9-classesisic/Skin cancer ISIC The International Skin Imaging Collaboration/Train/vascular lesion/ISIC_0030275.jpg,VASC,HAM_0002692,lesion:HAM_0002692,train
ISIC_0030280,/kaggle/input/datasets/nodoubttome/skin-cancer9-classesisic/Skin cancer ISIC The International Skin Imaging Collaboration/Train/squamous cell carcinoma/ISIC_0030280.jpg,SCC,HAM_0003633,lesion:HAM_0003633,train
ISIC_0030283,/kaggle/input/datasets/nodoubttome/skin-cancer9-classesisic/Skin cancer ISIC The International Skin Imaging Collaboration/Train/vascular lesion/ISIC_0030283.jpg,VASC,HAM_0007372,lesion:HAM_0007372,train
ISIC_0030321,/kaggle/input/datasets/nodoubttome/skin-cancer9-classesisic/Skin cancer ISIC The International Skin Imaging Collaboration/Train/dermatofibroma/ISIC_0030321.jpg,DF,HAM_0003555,lesion:HAM_0003555,train
ISIC_0030335,/kaggle/input/datasets/nodoubttome/skin-cancer9-classesisic/Skin cancer ISIC The International Skin Imaging Collaboration/Train/basal cell carcinoma/ISIC_0030335.jpg,BCC,HAM_0004603,lesion:HAM_0004603,train
ISIC_0030341,/kaggle/input/datasets/nodoubttome/skin-cancer9-classesisic/Skin cancer ISIC The International Skin Imaging Collaboration/Train/squamous cell carcinoma/ISIC_0030341.jpg,SCC,HAM_0004558,lesion:HAM_0004558,train
ISIC_0030352,/kaggle/input/datasets/nodoubttome/skin-cancer9-classesisic/Skin cancer ISIC The International Skin Imaging Collaboration/Train/basal cell carcinoma/ISIC_0030352.jpg,BCC,HAM_0001129,lesion:HAM_0001129,train
ISIC_0030375,/kaggle/input/datasets/nodoubttome/skin-cancer9-classesisic/Skin cancer ISIC The International Skin Imaging Collaboration/Train/squamous cell carcinoma/ISIC_0030375.jpg,SCC,HAM_0007037,lesion:HAM_0007037,train
ISIC_0030387,/kaggle/input/datasets/nodoubttome/skin-cancer9-classesisic/Skin cancer ISIC The International Skin Imaging Collaboration/Train/squamous cell carcinoma/ISIC_0030387.jpg,SCC,HAM_0005650,lesion:HAM_0005650,train
ISIC_0030403,/kaggle/input/datasets/nodoubttome/skin-cancer9-classesisic/Skin cancer ISIC The International Skin Imaging Collaboration/Train/basal cell carcinoma/ISIC_0030403.jpg,BCC,HAM_0004027,lesion:HAM_0004027,train
ISIC_0030427,/kaggle/input/datasets/nodoubttome/skin-cancer9-classesisic/Skin cancer ISIC The International Skin Imaging Collaboration/Train/dermatofibroma/ISIC_0030427.jpg,DF,HAM_0004371,lesion:HAM_0004371,train
ISIC_0030487,/kaggle/input/datasets/nodoubttome/skin-cancer9-classesisic/Skin cancer ISIC The International Skin Imaging Collaboration/Train/squamous cell carcinoma/ISIC_0030487.jpg,SCC,HAM_0000688,lesion:HAM_0000688,train
ISIC_0030491,/kaggle/input/datasets/nodoubttome/skin-cancer9-classesisic/Skin cancer ISIC The International Skin Imaging Collaboration/Train/actinic keratosis/ISIC_0030491.jpg,AK,HAM_0002441,lesion:HAM_0002441,train
ISIC_0030511,/kaggle/input/datasets/nodoubttome/skin-cancer9-classesisic/Skin cancer ISIC The International Skin Imaging Collaboration/Train/basal cell carcinoma/ISIC_0030511.jpg,BCC,HAM_0005599,lesion:HAM_0005599,train
ISIC_0030514,/kaggle/input/datasets/nodoubttome/skin-cancer9-classesisic/Skin cancer ISIC The International Skin Imaging Collaboration/Train/basal cell carcinoma/ISIC_0030514.jpg,BCC,HAM_0006872,lesion:HAM_0006872,train
ISIC_0030526,/kaggle/input/datasets/nodoubttome/skin-cancer9-classesisic/Skin cancer ISIC The International Skin Imaging Collaboration/Train/basal cell carcinoma/ISIC_0030526.jpg,BCC,HAM_0002313,lesion:HAM_0002313,train
ISIC_0030555,/kaggle/input/datasets/nodoubttome/skin-cancer9-classesisic/Skin cancer ISIC The International Skin Imaging Collaboration/Train/dermatofibroma/ISIC_0030555.jpg,DF,HAM_0004330,lesion:HAM_0004330,train
ISIC_0030574,/kaggle/input/datasets/nodoubttome/skin-cancer9-classesisic/Skin cancer ISIC The International Skin Imaging Collaboration/Train/basal cell carcinoma/ISIC_0030574.jpg,BCC,HAM_0000195,lesion:HAM_0000195,train
ISIC_0030579,/kaggle/input/datasets/nodoubttome/skin-cancer9-classesisic/Skin cancer ISIC The International Skin Imaging Collaboration/Train/dermatofibroma/ISIC_0030579.jpg,DF,HAM_0002546,lesion:HAM_0002546,train
ISIC_0030591,/kaggle/input/datasets/nodoubttome/skin-cancer9-classesisic/Skin cancer ISIC The International Skin Imaging Collaboration/Train/squamous cell carcinoma/ISIC_0030591.jpg,SCC,HAM_0000005,lesion:HAM_0000005,train
ISIC_0030594,/kaggle/input/datasets/nodoubttome/skin-cancer9-classesisic/Skin cancer ISIC The International Skin Imaging Collaboration/Train/basal cell carcinoma/ISIC_0030594.jpg,BCC,HAM_0002736,lesion:HAM_0002736,train
ISIC_0030602,/kaggle/input/datasets/nodoubttome/skin-cancer9-classesisic/Skin cancer ISIC The International Skin Imaging Collaboration/Train/squamous cell carcinoma/ISIC_0030602.jpg,SCC,HAM_0007555,lesion:HAM_0007555,train
ISIC_0030655,/kaggle/input/datasets/nodoubttome/skin-cancer9-classesisic/Skin cancer ISIC The International Skin Imaging Collaboration/Train/actinic keratosis/ISIC_0030655.jpg,AK,HAM_0000356,lesion:HAM_0000356,train
ISIC_0030659,/kaggle/input/datasets/nodoubttome/skin-cancer9-classesisic/Skin cancer ISIC The International Skin Imaging Collaboration/Train/basal cell carcinoma/ISIC_0030659.jpg,BCC,HAM_0001618,lesion:HAM_0001618,train
ISIC_0030690,/kaggle/input/datasets/nodoubttome/skin-cancer9-classesisic/Skin cancer ISIC The International Skin Imaging Collaboration/Train/basal cell carcinoma/ISIC_0030690.jpg,BCC,HAM_0004514,lesion:HAM_0004514,train
ISIC_0030712,/kaggle/input/datasets/nodoubttome/skin-cancer9-classesisic/Skin cancer ISIC The International Skin Imaging Collaboration/Train/basal cell carcinoma/ISIC_0030712.jpg,BCC,HAM_0007248,lesion:HAM_0007248,train
ISIC_0030730,/kaggle/input/datasets/nodoubttome/skin-cancer9-classesisic/Skin cancer ISIC The International Skin Imaging Collaboration/Train/actinic keratosis/ISIC_0030730.jpg,AK,HAM_0004592,lesion:HAM_0004592,train
ISIC_0030755,/kaggle/input/datasets/nodoubttome/skin-cancer9-classesisic/Skin cancer ISIC The International Skin Imaging Collaboration/Train/basal cell carcinoma/ISIC_0030755.jpg,BCC,HAM_0001654,lesion:HAM_0001654,train
ISIC_0030757,/kaggle/input/datasets/nodoubttome/skin-cancer9-classesisic/Skin cancer ISIC The International Skin Imaging Collaboration/Train/dermatofibroma/ISIC_0030757.jpg,DF,HAM_0003290,lesion:HAM_0003290,train
ISIC_0030803,/kaggle/input/datasets/nodoubttome/skin-cancer9-classesisic/Skin cancer ISIC The International Skin Imaging Collaboration/Train/squamous cell carcinoma/ISIC_0030803.jpg,SCC,HAM_0004012,lesion:HAM_0004012,train
ISIC_0030813,/kaggle/input/datasets/nodoubttome/skin-cancer9-classesisic/Skin cancer ISIC The International Skin Imaging Collaboration/Train/basal cell carcinoma/ISIC_0030813.jpg,BCC,HAM_0006465,lesion:HAM_0006465,train
ISIC_0030821,/kaggle/input/datasets/nodoubttome/skin-cancer9-classesisic/Skin cancer ISIC The International Skin Imaging Collaboration/Train/squamous cell carcinoma/ISIC_0030821.jpg,SCC,HAM_0006604,lesion:HAM_0006604,train
ISIC_0030830,/kaggle/input/datasets/nodoubttome/skin-cancer9-classesisic/Skin cancer ISIC The International Skin Imaging Collaboration/Train/dermatofibroma/ISIC_0030830.jpg,DF,HAM_0006794,lesion:HAM_0006794,train
ISIC_0030844,/kaggle/input/datasets/nodoubttome/skin-cancer9-classesisic/Skin cancer ISIC The International Skin Imaging Collaboration/Train/squamous cell carcinoma/ISIC_0030844.jpg,SCC,HAM_0003107,lesion:HAM_0003107,train
ISIC_0030868,/kaggle/input/datasets/nodoubttome/skin-cancer9-classesisic/Skin cancer ISIC The International Skin Imaging Collaboration/Train/basal cell carcinoma/ISIC_0030868.jpg,BCC,HAM_0001693,lesion:HAM_0001693,train
ISIC_0030882,/kaggle/input/datasets/nodoubttome/skin-cancer9-classesisic/Skin cancer ISIC The International Skin Imaging Collaboration/Train/vascular lesion/ISIC_0030882.jpg,VASC,HAM_0004455,lesion:HAM_0004455,train
ISIC_0030915,/kaggle/input/datasets/nodoubttome/skin-cancer9-classesisic/Skin cancer ISIC The International Skin Imaging Collaboration/Train/basal cell carcinoma/ISIC_0030915.jpg,BCC,HAM_0003043,lesion:HAM_0003043,train
ISIC_0030953,/kaggle/input/datasets/nodoubttome/skin-cancer9-classesisic/Skin cancer ISIC The International Skin Imaging Collaboration/Train/squamous cell carcinoma/ISIC_0030953.jpg,SCC,HAM_0005924,lesion:HAM_0005924,train
ISIC_0030954,/kaggle/input/datasets/nodoubttome/skin-cancer9-classesisic/Skin cancer ISIC The International Skin Imaging Collaboration/Train/basal cell carcinoma/ISIC_0030954.jpg,BCC,HAM_0003115,lesion:HAM_0003115,train
ISIC_0030956,/kaggle/input/datasets/nodoubttome/skin-cancer9-classesisic/Skin cancer ISIC The International Skin Imaging Collaboration/Train/vascular lesion/ISIC_0030956.jpg,VASC,HAM_0005713,lesion:HAM_0005713,train
ISIC_0030964,/kaggle/input/datasets/nodoubttome/skin-cancer9-classesisic/Skin cancer ISIC The International Skin Imaging Collaboration/Train/basal cell carcinoma/ISIC_0030964.jpg,BCC,HAM_0007557,lesion:HAM_0007557,train
ISIC_0031007,/kaggle/input/datasets/nodoubttome/skin-cancer9-classesisic/Skin cancer ISIC The International Skin Imaging Collaboration/Train/basal cell carcinoma/ISIC_0031007.jpg,BCC,HAM_0000153,lesion:HAM_0000153,train
ISIC_0031009,/kaggle/input/datasets/nodoubttome/skin-cancer9-classesisic/Skin cancer ISIC The International Skin Imaging Collaboration/Train/basal cell carcinoma/ISIC_0031009.jpg,BCC,HAM_0001434,lesion:HAM_0001434,train
ISIC_0031026,/kaggle/input/datasets/nodoubttome/skin-cancer9-classesisic/Skin cancer ISIC The International Skin Imaging Collaboration/Train/basal cell carcinoma/ISIC_0031026.jpg,BCC,HAM_0001640,lesion:HAM_0001640,train
ISIC_0031041,/kaggle/input/datasets/nodoubttome/skin-cancer9-classesisic/Skin cancer ISIC The International Skin Imaging Collaboration/Train/basal cell carcinoma/ISIC_0031041.jpg,BCC,HAM_0002733,lesion:HAM_0002733,train
ISIC_0031043,/kaggle/input/datasets/nodoubttome/skin-cancer9-classesisic/Skin cancer ISIC The International Skin Imaging Collaboration/Train/squamous cell carcinoma/ISIC_0031043.jpg,SCC,HAM_0006217,lesion:HAM_0006217,train
ISIC_0031056,/kaggle/input/datasets/nodoubttome/skin-cancer9-classesisic/Skin cancer ISIC The International Skin Imaging Collaboration/Train/basal cell carcinoma/ISIC_0031056.jpg,BCC,HAM_0007507,lesion:HAM_0007507,train
ISIC_0031057,/kaggle/input/datasets/nodoubttome/skin-cancer9-classesisic/Skin cancer ISIC The International Skin Imaging Collaboration/Train/basal cell carcinoma/ISIC_0031057.jpg,BCC,HAM_0005509,lesion:HAM_0005509,train
ISIC_0031065,/kaggle/input/datasets/nodoubttome/skin-cancer9-classesisic/Skin cancer ISIC The International Skin Imaging Collaboration/Train/vascular lesion/ISIC_0031065.jpg,VASC,HAM_0000109,lesion:HAM_0000109,train
ISIC_0031090,/kaggle/input/datasets/nodoubttome/skin-cancer9-classesisic/Skin cancer ISIC The International Skin Imaging Collaboration/Train/vascular lesion/ISIC_0031090.jpg,VASC,HAM_0001719,lesion:HAM_0001719,train
ISIC_0031103,/kaggle/input/datasets/nodoubttome/skin-cancer9-classesisic/Skin cancer ISIC The International Skin Imaging Collaboration/Train/vascular lesion/ISIC_0031103.jpg,VASC,HAM_0001372,lesion:HAM_0001372,train
ISIC_0031108,/kaggle/input/datasets/nodoubttome/skin-cancer9-classesisic/Skin cancer ISIC The International Skin Imaging Collaboration/Train/actinic keratosis/ISIC_0031108.jpg,AK,HAM_0004809,lesion:HAM_0004809,train
ISIC_0031119,/kaggle/input/datasets/nodoubttome/skin-cancer9-classesisic/Skin cancer ISIC The International Skin Imaging Collaboration/Train/squamous cell carcinoma/ISIC_0031119.jpg,SCC,HAM_0004243,lesion:HAM_0004243,train
ISIC_0031140,/kaggle/input/datasets/nodoubttome/skin-cancer9-classesisic/Skin cancer ISIC The International Skin Imaging Collaboration/Train/basal cell carcinoma/ISIC_0031140.jpg,BCC,HAM_0003229,lesion:HAM_0003229,train
ISIC_0031166,/kaggle/input/datasets/nodoubttome/skin-cancer9-classesisic/Skin cancer ISIC The International Skin Imaging Collaboration/Train/basal cell carcinoma/ISIC_0031166.jpg,BCC,HAM_0001610,lesion:HAM_0001610,train
ISIC_0031175,/kaggle/input/datasets/nodoubttome/skin-cancer9-classesisic/Skin cancer ISIC The International Skin Imaging Collaboration/Train/basal cell carcinoma/ISIC_0031175.jpg,BCC,HAM_0001654,lesion:HAM_0001654,train
ISIC_0031191,/kaggle/input/datasets/nodoubttome/skin-cancer9-classesisic/Skin cancer ISIC The International Skin Imaging Collaboration/Train/squamous cell carcinoma/ISIC_0031191.jpg,SCC,HAM_0005931,lesion:HAM_0005931,train
ISIC_0031197,/kaggle/input/datasets/nodoubttome/skin-cancer9-classesisic/Skin cancer ISIC The International Skin Imaging Collaboration/Train/vascular lesion/ISIC_0031197.jpg,VASC,HAM_0006889,lesion:HAM_0006889,train
ISIC_0031215,/kaggle/input/datasets/nodoubttome/skin-cancer9-classesisic/Skin cancer ISIC The International Skin Imaging Collaboration/Train/vascular lesion/ISIC_0031215.jpg,VASC,HAM_0005885,lesion:HAM_0005885,train
ISIC_0031225,/kaggle/input/datasets/nodoubttome/skin-cancer9-classesisic/Skin cancer ISIC The International Skin Imaging Collaboration/Train/basal cell carcinoma/ISIC_0031225.jpg,BCC,HAM_0000352,lesion:HAM_0000352,train
ISIC_0031236,/kaggle/input/datasets/nodoubttome/skin-cancer9-classesisic/Skin cancer ISIC The International Skin Imaging Collaboration/Train/basal cell carcinoma/ISIC_0031236.jpg,BCC,HAM_0002744,lesion:HAM_0002744,train
ISIC_0031243,/kaggle/input/datasets/nodoubttome/skin-cancer9-classesisic/Skin cancer ISIC The International Skin Imaging Collaboration/Train/basal cell carcinoma/ISIC_0031243.jpg,BCC,HAM_0003738,lesion:HAM_0003738,train
ISIC_0031257,/kaggle/input/datasets/nodoubttome/skin-cancer9-classesisic/Skin cancer ISIC The International Skin Imaging Collaboration/Train/dermatofibroma/ISIC_0031257.jpg,DF,HAM_0003023,lesion:HAM_0003023,train
ISIC_0031258,/kaggle/input/datasets/nodoubttome/skin-cancer9-classesisic/Skin cancer ISIC The International Skin Imaging Collaboration/Train/basal cell carcinoma/ISIC_0031258.jpg,BCC,HAM_0005971,lesion:HAM_0005971,train
ISIC_0031266,/kaggle/input/datasets/nodoubttome/skin-cancer9-classesisic/Skin cancer ISIC The International Skin Imaging Collaboration/Train/basal cell carcinoma/ISIC_0031266.jpg,BCC,HAM_0006609,lesion:HAM_0006609,train
ISIC_0031270,/kaggle/input/datasets/nodoubttome/skin-cancer9-classesisic/Skin cancer ISIC The International Skin Imaging Collaboration/Train/vascular lesion/ISIC_0031270.jpg,VASC,HAM_0006889,lesion:HAM_0006889,train
ISIC_0031272,/kaggle/input/datasets/nodoubttome/skin-cancer9-classesisic/Skin cancer ISIC The International Skin Imaging Collaboration/Train/basal cell carcinoma/ISIC_0031272.jpg,BCC,HAM_0006384,lesion:HAM_0006384,train
ISIC_0031292,/kaggle/input/datasets/nodoubttome/skin-cancer9-classesisic/Skin cancer ISIC The International Skin Imaging Collaboration/Train/actinic keratosis/ISIC_0031292.jpg,AK,HAM_0007008,lesion:HAM_0007008,train
ISIC_0031294,/kaggle/input/datasets/nodoubttome/skin-cancer9-classesisic/Skin cancer ISIC The International Skin Imaging Collaboration/Train/basal cell carcinoma/ISIC_0031294.jpg,BCC,HAM_0004365,lesion:HAM_0004365,train
ISIC_0031309,/kaggle/input/datasets/nodoubttome/skin-cancer9-classesisic/Skin cancer ISIC The International Skin Imaging Collaboration/Train/dermatofibroma/ISIC_0031309.jpg,DF,HAM_0004103,lesion:HAM_0004103,train
ISIC_0031318,/kaggle/input/datasets/nodoubttome/skin-cancer9-classesisic/Skin cancer ISIC The International Skin Imaging Collaboration/Train/basal cell carcinoma/ISIC_0031318.jpg,BCC,HAM_0001424,lesion:HAM_0001424,train
ISIC_0031335,/kaggle/input/datasets/nodoubttome/skin-cancer9-classesisic/Skin cancer ISIC The International Skin Imaging Collaboration/Train/actinic keratosis/ISIC_0031335.jpg,AK,HAM_0000501,lesion:HAM_0000501,train
ISIC_0031351,/kaggle/input/datasets/nodoubttome/skin-cancer9-classesisic/Skin cancer ISIC The International Skin Imaging Collaboration/Train/basal cell carcinoma/ISIC_0031351.jpg,BCC,HAM_0006274,lesion:HAM_0006274,train
ISIC_0031358,/kaggle/input/datasets/nodoubttome/skin-cancer9-classesisic/Skin cancer ISIC The International Skin Imaging Collaboration/Train/dermatofibroma/ISIC_0031358.jpg,DF,HAM_0003290,lesion:HAM_0003290,train
ISIC_0031381,/kaggle/input/datasets/nodoubttome/skin-cancer9-classesisic/Skin cancer ISIC The International Skin Imaging Collaboration/Train/actinic keratosis/ISIC_0031381.jpg,AK,HAM_0002441,lesion:HAM_0002441,train
ISIC_0031384,/kaggle/input/datasets/nodoubttome/skin-cancer9-classesisic/Skin cancer ISIC The International Skin Imaging Collaboration/Train/basal cell carcinoma/ISIC_0031384.jpg,BCC,HAM_0002427,lesion:HAM_0002427,train
ISIC_0031400,/kaggle/input/datasets/nodoubttome/skin-cancer9-classesisic/Skin cancer ISIC The International Skin Imaging Collaboration/Train/basal cell carcinoma/ISIC_0031400.jpg,BCC,HAM_0001331,lesion:HAM_0001331,train
ISIC_0031407,/kaggle/input/datasets/nodoubttome/skin-cancer9-classesisic/Skin cancer ISIC The International Skin Imaging Collaboration/Train/basal cell carcinoma/ISIC_0031407.jpg,BCC,HAM_0001575,lesion:HAM_0001575,train
ISIC_0031413,/kaggle/input/datasets/nodoubttome/skin-cancer9-classesisic/Skin cancer ISIC The International Skin Imaging Collaboration/Train/basal cell carcinoma/ISIC_0031413.jpg,BCC,HAM_0004521,lesion:HAM_0004521,train
ISIC_0031421,/kaggle/input/datasets/nodoubttome/skin-cancer9-classesisic/Skin cancer ISIC The International Skin Imaging Collaboration/Train/squamous cell carcinoma/ISIC_0031421.jpg,SCC,HAM_0004976,lesion:HAM_0004976,train
ISIC_0031430,/kaggle/input/datasets/nodoubttome/skin-cancer9-classesisic/Skin cancer ISIC The International Skin Imaging Collaboration/Train/actinic keratosis/ISIC_0031430.jpg,AK,HAM_0005705,lesion:HAM_0005705,train
ISIC_0031442,/kaggle/input/datasets/nodoubttome/skin-cancer9-classesisic/Skin cancer ISIC The International Skin Imaging Collaboration/Train/basal cell carcinoma/ISIC_0031442.jpg,BCC,HAM_0005982,lesion:HAM_0005982,train
ISIC_0031443,/kaggle/input/datasets/nodoubttome/skin-cancer9-classesisic/Skin cancer ISIC The International Skin Imaging Collaboration/Train/dermatofibroma/ISIC_0031443.jpg,DF,HAM_0000827,lesion:HAM_0000827,train
ISIC_0031450,/kaggle/input/datasets/nodoubttome/skin-cancer9-classesisic/Skin cancer ISIC The International Skin Imaging Collaboration/Train/basal cell carcinoma/ISIC_0031450.jpg,BCC,HAM_0003373,lesion:HAM_0003373,train
ISIC_0031470,/kaggle/input/datasets/nodoubttome/skin-cancer9-classesisic/Skin cancer ISIC The International Skin Imaging Collaboration/Train/basal cell carcinoma/ISIC_0031470.jpg,BCC,HAM_0001424,lesion:HAM_0001424,train
ISIC_0031489,/kaggle/input/datasets/nodoubttome/skin-cancer9-classesisic/Skin cancer ISIC The International Skin Imaging Collaboration/Train/basal cell carcinoma/ISIC_0031489.jpg,BCC,HAM_0003328,lesion:HAM_0003328,train
ISIC_0031506,/kaggle/input/datasets/nodoubttome/skin-cancer9-classesisic/Skin cancer ISIC The International Skin Imaging Collaboration/Train/actinic keratosis/ISIC_0031506.jpg,AK,HAM_0006902,lesion:HAM_0006902,train
ISIC_0031513,/kaggle/input/datasets/nodoubttome/skin-cancer9-classesisic/Skin cancer ISIC The International Skin Imaging Collaboration/Train/basal cell carcinoma/ISIC_0031513.jpg,BCC,HAM_0007141,lesion:HAM_0007141,train
ISIC_0031552,/kaggle/input/datasets/nodoubttome/skin-cancer9-classesisic/Skin cancer ISIC The International Skin Imaging Collaboration/Train/basal cell carcinoma/ISIC_0031552.jpg,BCC,HAM_0006588,lesion:HAM_0006588,train
ISIC_0031569,/kaggle/input/datasets/nodoubttome/skin-cancer9-classesisic/Skin cancer ISIC The International Skin Imaging Collaboration/Train/basal cell carcinoma/ISIC_0031569.jpg,BCC,HAM_0003039,lesion:HAM_0003039,train
ISIC_0031570,/kaggle/input/datasets/nodoubttome/skin-cancer9-classesisic/Skin cancer ISIC The International Skin Imaging Collaboration/Train/squamous cell carcinoma/ISIC_0031570.jpg,SCC,HAM_0001178,lesion:HAM_0001178,train
ISIC_0031585,/kaggle/input/datasets/nodoubttome/skin-cancer9-classesisic/Skin cancer ISIC The International Skin Imaging Collaboration/Train/basal cell carcinoma/ISIC_0031585.jpg,BCC,HAM_0004219,lesion:HAM_0004219,train
ISIC_0031597,/kaggle/input/datasets/nodoubttome/skin-cancer9-classesisic/Skin cancer ISIC The International Skin Imaging Collaboration/Train/basal cell carcinoma/ISIC_0031597.jpg,BCC,HAM_0004627,lesion:HAM_0004627,train
ISIC_0031614,/kaggle/input/datasets/nodoubttome/skin-cancer9-classesisic/Skin cancer ISIC The International Skin Imaging Collaboration/Train/basal cell carcinoma/ISIC_0031614.jpg,BCC,HAM_0006049,lesion:HAM_0006049,train
ISIC_0031659,/kaggle/input/datasets/nodoubttome/skin-cancer9-classesisic/Skin cancer ISIC The International Skin Imaging Collaboration/Train/squamous cell carcinoma/ISIC_0031659.jpg,SCC,HAM_0005264,lesion:HAM_0005264,train
ISIC_0031692,/kaggle/input/datasets/nodoubttome/skin-cancer9-classesisic/Skin cancer ISIC The International Skin Imaging Collaboration/Train/squamous cell carcinoma/ISIC_0031692.jpg,SCC,HAM_0007131,lesion:HAM_0007131,train
ISIC_0031735,/kaggle/input/datasets/nodoubttome/skin-cancer9-classesisic/Skin cancer ISIC The International Skin Imaging Collaboration/Train/dermatofibroma/ISIC_0031735.jpg,DF,HAM_0003290,lesion:HAM_0003290,train
ISIC_0031738,/kaggle/input/datasets/nodoubttome/skin-cancer9-classesisic/Skin cancer ISIC The International Skin Imaging Collaboration/Train/squamous cell carcinoma/ISIC_0031738.jpg,SCC,HAM_0005766,lesion:HAM_0005766,train
ISIC_0031743,/kaggle/input/datasets/nodoubttome/skin-cancer9-classesisic/Skin cancer ISIC The International Skin Imaging Collaboration/Train/squamous cell carcinoma/ISIC_0031743.jpg,SCC,HAM_0005505,lesion:HAM_0005505,train
ISIC_0031823,/kaggle/input/datasets/nodoubttome/skin-cancer9-classesisic/Skin cancer ISIC The International Skin Imaging Collaboration/Train/actinic keratosis/ISIC_0031823.jpg,AK,HAM_0006301,lesion:HAM_0006301,train
ISIC_0031852,/kaggle/input/datasets/nodoubttome/skin-cancer9-classesisic/Skin cancer ISIC The International Skin Imaging Collaboration/Train/squamous cell carcinoma/ISIC_0031852.jpg,SCC,HAM_0004441,lesion:HAM_0004441,train
ISIC_0031874,/kaggle/input/datasets/nodoubttome/skin-cancer9-classesisic/Skin cancer ISIC The International Skin Imaging Collaboration/Train/squamous cell carcinoma/ISIC_0031874.jpg,SCC,HAM_0001922,lesion:HAM_0001922,train
ISIC_0031929,/kaggle/input/datasets/nodoubttome/skin-cancer9-classesisic/Skin cancer ISIC The International Skin Imaging Collaboration/Train/squamous cell carcinoma/ISIC_0031929.jpg,SCC,HAM_0001499,lesion:HAM_0001499,train
ISIC_0031940,/kaggle/input/datasets/nodoubttome/skin-cancer9-classesisic/Skin cancer ISIC The International Skin Imaging Collaboration/Train/squamous cell carcinoma/ISIC_0031940.jpg,SCC,HAM_0001234,lesion:HAM_0001234,train
ISIC_0031950,/kaggle/input/datasets/nodoubttome/skin-cancer9-classesisic/Skin cancer ISIC The International Skin Imaging Collaboration/Train/vascular lesion/ISIC_0031950.jpg,VASC,HAM_0005158,lesion:HAM_0005158,train
ISIC_0031955,/kaggle/input/datasets/nodoubttome/skin-cancer9-classesisic/Skin cancer ISIC The International Skin Imaging Collaboration/Train/vascular lesion/ISIC_0031955.jpg,VASC,HAM_0001091,lesion:HAM_0001091,train
ISIC_0031993,/kaggle/input/datasets/nodoubttome/skin-cancer9-classesisic/Skin cancer ISIC The International Skin Imaging Collaboration/Train/actinic keratosis/ISIC_0031993.jpg,AK,HAM_0006887,lesion:HAM_0006887,train
ISIC_0031996,/kaggle/input/datasets/nodoubttome/skin-cancer9-classesisic/Skin cancer ISIC The International Skin Imaging Collaboration/Train/vascular lesion/ISIC_0031996.jpg,VASC,HAM_0003480,lesion:HAM_0003480,train
ISIC_0032057,/kaggle/input/datasets/nodoubttome/skin-cancer9-classesisic/Skin cancer ISIC The International Skin Imaging Collaboration/Train/vascular lesion/ISIC_0032057.jpg,VASC,HAM_0004862,lesion:HAM_0004862,train
ISIC_0032114,/kaggle/input/datasets/nodoubttome/skin-cancer9-classesisic/Skin cancer ISIC The International Skin Imaging Collaboration/Train/dermatofibroma/ISIC_0032114.jpg,DF,HAM_0003110,lesion:HAM_0003110,train
ISIC_0032135,/kaggle/input/datasets/nodoubttome/skin-cancer9-classesisic/Skin cancer ISIC The International Skin Imaging Collaboration/Train/actinic keratosis/ISIC_0032135.jpg,AK,HAM_0003144,lesion:HAM_0003144,train
ISIC_0032138,/kaggle/input/datasets/nodoubttome/skin-cancer9-classesisic/Skin cancer ISIC The International Skin Imaging Collaboration/Train/dermatofibroma/ISIC_0032138.jpg,DF,HAM_0005492,lesion:HAM_0005492,train
ISIC_0032199,/kaggle/input/datasets/nodoubttome/skin-cancer9-classesisic/Skin cancer ISIC The International Skin Imaging Collaboration/Train/actinic keratosis/ISIC_0032199.jpg,AK,HAM_0000361,lesion:HAM_0000361,train
ISIC_0032206,/kaggle/input/datasets/nodoubttome/skin-cancer9-classesisic/Skin cancer ISIC The International Skin Imaging Collaboration/Train/actinic keratosis/ISIC_0032206.jpg,AK,HAM_0001302,lesion:HAM_0001302,train
ISIC_0032238,/kaggle/input/datasets/nodoubttome/skin-cancer9-classesisic/Skin cancer ISIC The International Skin Imaging Collaboration/Train/squamous cell carcinoma/ISIC_0032238.jpg,SCC,HAM_0000688,lesion:HAM_0000688,train
ISIC_0032270,/kaggle/input/datasets/nodoubttome/skin-cancer9-classesisic/Skin cancer ISIC The International Skin Imaging Collaboration/Train/vascular lesion/ISIC_0032270.jpg,VASC,HAM_0005270,lesion:HAM_0005270,train
ISIC_0032349,/kaggle/input/datasets/nodoubttome/skin-cancer9-classesisic/Skin cancer ISIC The International Skin Imaging Collaboration/Train/squamous cell carcinoma/ISIC_0032349.jpg,SCC,HAM_0003086,lesion:HAM_0003086,train
ISIC_0032356,/kaggle/input/datasets/nodoubttome/skin-cancer9-classesisic/Skin cancer ISIC The International Skin Imaging Collaboration/Train/squamous cell carcinoma/ISIC_0032356.jpg,SCC,HAM_0000982,lesion:HAM_0000982,train
ISIC_0032371,/kaggle/input/datasets/nodoubttome/skin-cancer9-classesisic/Skin cancer ISIC The International Skin Imaging Collaboration/Train/squamous cell carcinoma/ISIC_0032371.jpg,SCC,HAM_0006483,lesion:HAM_0006483,train
ISIC_0032397,/kaggle/input/datasets/nodoubttome/skin-cancer9-classesisic/Skin cancer ISIC The International Skin Imaging Collaboration/Train/squamous cell carcinoma/ISIC_0032397.jpg,SCC,HAM_0005459,lesion:HAM_0005459,train
ISIC_0032404,/kaggle/input/datasets/nodoubttome/skin-cancer9-classesisic/Skin cancer ISIC The International Skin Imaging Collaboration/Train/actinic keratosis/ISIC_0032404.jpg,AK,HAM_0007038,lesion:HAM_0007038,train
ISIC_0032409,/kaggle/input/datasets/nodoubttome/skin-cancer9-classesisic/Skin cancer ISIC The International Skin Imaging Collaboration/Train/vascular lesion/ISIC_0032409.jpg,VASC,HAM_0001238,lesion:HAM_0001238,train
ISIC_0032437,/kaggle/input/datasets/nodoubttome/skin-cancer9-classesisic/Skin cancer ISIC The International Skin Imaging Collaboration/Train/actinic keratosis/ISIC_0032437.jpg,AK,HAM_0007601,lesion:HAM_0007601,train
ISIC_0032538,/kaggle/input/datasets/nodoubttome/skin-cancer9-classesisic/Skin cancer ISIC The International Skin Imaging Collaboration/Train/vascular lesion/ISIC_0032538.jpg,VASC,HAM_0004791,lesion:HAM_0004791,train
ISIC_0032614,/kaggle/input/datasets/nodoubttome/skin-cancer9-classesisic/Skin cancer ISIC The International Skin Imaging Collaboration/Train/vascular lesion/ISIC_0032614.jpg,VASC,HAM_0006946,lesion:HAM_0006946,train
ISIC_0032642,/kaggle/input/datasets/nodoubttome/skin-cancer9-classesisic/Skin cancer ISIC The International Skin Imaging Collaboration/Train/dermatofibroma/ISIC_0032642.jpg,DF,HAM_0002909,lesion:HAM_0002909,train
ISIC_0032692,/kaggle/input/datasets/nodoubttome/skin-cancer9-classesisic/Skin cancer ISIC The International Skin Imaging Collaboration/Train/vascular lesion/ISIC_0032692.jpg,VASC,HAM_0000940,lesion:HAM_0000940,train
ISIC_0032715,/kaggle/input/datasets/nodoubttome/skin-cancer9-classesisic/Skin cancer ISIC The International Skin Imaging Collaboration/Train/vascular lesion/ISIC_0032715.jpg,VASC,HAM_0006852,lesion:HAM_0006852,train
ISIC_0032775,/kaggle/input/datasets/nodoubttome/skin-cancer9-classesisic/Skin cancer ISIC The International Skin Imaging Collaboration/Train/vascular lesion/ISIC_0032775.jpg,VASC,HAM_0003862,lesion:HAM_0003862,train
ISIC_0032839,/kaggle/input/datasets/nodoubttome/skin-cancer9-classesisic/Skin cancer ISIC The International Skin Imaging Collaboration/Train/vascular lesion/ISIC_0032839.jpg,VASC,HAM_0002498,lesion:HAM_0002498,train
ISIC_0032866,/kaggle/input/datasets/nodoubttome/skin-cancer9-classesisic/Skin cancer ISIC The International Skin Imaging Collaboration/Train/vascular lesion/ISIC_0032866.jpg,VASC,HAM_0006946,lesion:HAM_0006946,train
ISIC_0032890,/kaggle/input/datasets/nodoubttome/skin-cancer9-classesisic/Skin cancer ISIC The International Skin Imaging Collaboration/Train/vascular lesion/ISIC_0032890.jpg,VASC,HAM_0003480,lesion:HAM_0003480,train
ISIC_0032919,/kaggle/input/datasets/nodoubttome/skin-cancer9-classesisic/Skin cancer ISIC The International Skin Imaging Collaboration/Train/vascular lesion/ISIC_0032919.jpg,VASC,HAM_0006946,lesion:HAM_0006946,train
ISIC_0032932,/kaggle/input/datasets/nodoubttome/skin-cancer9-classesisic/Skin cancer ISIC The International Skin Imaging Collaboration/Train/vascular lesion/ISIC_0032932.jpg,VASC,HAM_0002498,lesion:HAM_0002498,train
ISIC_0033005,/kaggle/input/datasets/nodoubttome/skin-cancer9-classesisic/Skin cancer ISIC The International Skin Imaging Collaboration/Train/dermatofibroma/ISIC_0033005.jpg,DF,HAM_0000349,lesion:HAM_0000349,train
ISIC_0033031,/kaggle/input/datasets/nodoubttome/skin-cancer9-classesisic/Skin cancer ISIC The International Skin Imaging Collaboration/Train/vascular lesion/ISIC_0033031.jpg,VASC,HAM_0003862,lesion:HAM_0003862,train
ISIC_0033084,/kaggle/input/datasets/nodoubttome/skin-cancer9-classesisic/Skin cancer ISIC The International Skin Imaging Collaboration/Train/squamous cell carcinoma/ISIC_0033084.jpg,SCC,HAM_0002867,lesion:HAM_0002867,train
ISIC_0033135,/kaggle/input/datasets/nodoubttome/skin-cancer9-classesisic/Skin cancer ISIC The International Skin Imaging Collaboration/Train/vascular lesion/ISIC_0033135.jpg,VASC,HAM_0004791,lesion:HAM_0004791,train
ISIC_0033151,/kaggle/input/datasets/nodoubttome/skin-cancer9-classesisic/Skin cancer ISIC The International Skin Imaging Collaboration/Train/actinic keratosis/ISIC_0033151.jpg,AK,HAM_0004282,lesion:HAM_0004282,train
ISIC_0033230,/kaggle/input/datasets/nodoubttome/skin-cancer9-classesisic/Skin cancer ISIC The International Skin Imaging Collaboration/Train/vascular lesion/ISIC_0033230.jpg,VASC,HAM_0007097,lesion:HAM_0007097,train
ISIC_0033349,/kaggle/input/datasets/nodoubttome/skin-cancer9-classesisic/Skin cancer ISIC The International Skin Imaging Collaboration/Train/vascular lesion/ISIC_0033349.jpg,VASC,HAM_0006946,lesion:HAM_0006946,train
ISIC_0033358,/kaggle/input/datasets/nodoubttome/skin-cancer9-classesisic/Skin cancer ISIC The International Skin Imaging Collaboration/Train/actinic keratosis/ISIC_0033358.jpg,AK,HAM_0004282,lesion:HAM_0004282,train
ISIC_0033413,/kaggle/input/datasets/nodoubttome/skin-cancer9-classesisic/Skin cancer ISIC The International Skin Imaging Collaboration/Train/actinic keratosis/ISIC_0033413.jpg,AK,HAM_0002615,lesion:HAM_0002615,train
ISIC_0033456,/kaggle/input/datasets/nodoubttome/skin-cancer9-classesisic/Skin cancer ISIC The International Skin Imaging Collaboration/Train/actinic keratosis/ISIC_0033456.jpg,AK,HAM_0002615,lesion:HAM_0002615,train
ISIC_0033458,/kaggle/input/datasets/nodoubttome/skin-cancer9-classesisic/Skin cancer ISIC The International Skin Imaging Collaboration/Train/vascular lesion/ISIC_0033458.jpg,VASC,HAM_0003862,lesion:HAM_0003862,train
ISIC_0033494,/kaggle/input/datasets/nodoubttome/skin-cancer9-classesisic/Skin cancer ISIC The International Skin Imaging Collaboration/Train/actinic keratosis/ISIC_0033494.jpg,AK,HAM_0002615,lesion:HAM_0002615,train
ISIC_0033536,/kaggle/input/datasets/nodoubttome/skin-cancer9-classesisic/Skin cancer ISIC The International Skin Imaging Collaboration/Train/squamous cell carcinoma/ISIC_0033536.jpg,SCC,HAM_0002867,lesion:HAM_0002867,train
ISIC_0033591,/kaggle/input/datasets/nodoubttome/skin-cancer9-classesisic/Skin cancer ISIC The International Skin Imaging Collaboration/Train/vascular lesion/ISIC_0033591.jpg,VASC,HAM_0004791,lesion:HAM_0004791,train
ISIC_0033608,/kaggle/input/datasets/nodoubttome/skin-cancer9-classesisic/Skin cancer ISIC The International Skin Imaging Collaboration/Train/vascular lesion/ISIC_0033608.jpg,VASC,HAM_0000940,lesion:HAM_0000940,train
ISIC_0033675,/kaggle/input/datasets/nodoubttome/skin-cancer9-classesisic/Skin cancer ISIC The International Skin Imaging Collaboration/Train/dermatofibroma/ISIC_0033675.jpg,DF,HAM_0002909,lesion:HAM_0002909,train
ISIC_0033695,/kaggle/input/datasets/nodoubttome/skin-cancer9-classesisic/Skin cancer ISIC The International Skin Imaging Collaboration/Train/dermatofibroma/ISIC_0033695.jpg,DF,HAM_0000349,lesion:HAM_0000349,train
ISIC_0033705,/kaggle/input/datasets/nodoubttome/skin-cancer9-classesisic/Skin cancer ISIC The International Skin Imaging Collaboration/Train/actinic keratosis/ISIC_0033705.jpg,AK,HAM_0001576,lesion:HAM_0001576,train
ISIC_0033762,/kaggle/input/datasets/nodoubttome/skin-cancer9-classesisic/Skin cancer ISIC The International Skin Imaging Collaboration/Train/vascular lesion/ISIC_0033762.jpg,VASC,HAM_0007097,lesion:HAM_0007097,train
ISIC_0033790,/kaggle/input/datasets/nodoubttome/skin-cancer9-classesisic/Skin cancer ISIC The International Skin Imaging Collaboration/Train/dermatofibroma/ISIC_0033790.jpg,DF,HAM_0002909,lesion:HAM_0002909,train
ISIC_0033811,/kaggle/input/datasets/nodoubttome/skin-cancer9-classesisic/Skin cancer ISIC The International Skin Imaging Collaboration/Train/actinic keratosis/ISIC_0033811.jpg,AK,HAM_0004282,lesion:HAM_0004282,train
ISIC_0033844,/kaggle/input/datasets/nodoubttome/skin-cancer9-classesisic/Skin cancer ISIC The International Skin Imaging Collaboration/Train/vascular lesion/ISIC_0033844.jpg,VASC,HAM_0003480,lesion:HAM_0003480,train
ISIC_0033969,/kaggle/input/datasets/nodoubttome/skin-cancer9-classesisic/Skin cancer ISIC The International Skin Imaging Collaboration/Train/vascular lesion/ISIC_0033969.jpg,VASC,HAM_0000940,lesion:HAM_0000940,train
ISIC_0033991,/kaggle/input/datasets/nodoubttome/skin-cancer9-classesisic/Skin cancer ISIC The International Skin Imaging Collaboration/Train/vascular lesion/ISIC_0033991.jpg,VASC,HAM_0006852,lesion:HAM_0006852,train
ISIC_0034214,/kaggle/input/datasets/nodoubttome/skin-cancer9-classesisic/Skin cancer ISIC The International Skin Imaging Collaboration/Train/vascular lesion/ISIC_0034214.jpg,VASC,HAM_0007097,lesion:HAM_0007097,train
ISIC_0000004,/kaggle/input/datasets/nodoubttome/skin-cancer9-classesisic/Skin cancer ISIC The International Skin Imaging Collaboration/Test/melanoma/ISIC_0000004.jpg,MEL,,image:ISIC_0000004,val
ISIC_0000008,/kaggle/input/datasets/nodoubttome/skin-cancer9-classesisic/Skin cancer ISIC The International Skin Imaging Collaboration/Test/nevus/ISIC_0000008.jpg,NV,,image:ISIC_0000008,val
ISIC_0000010,/kaggle/input/datasets/nodoubttome/skin-cancer9-classesisic/Skin cancer ISIC The International Skin Imaging Collaboration/Test/nevus/ISIC_0000010.jpg,NV,,image:ISIC_0000010,val
ISIC_0000015,/kaggle/input/datasets/nodoubttome/skin-cancer9-classesisic/Skin cancer ISIC The International Skin Imaging Collaboration/Test/nevus/ISIC_0000015.jpg,NV,,image:ISIC_0000015,val
ISIC_0000016,/kaggle/input/datasets/nodoubttome/skin-cancer9-classesisic/Skin cancer ISIC The International Skin Imaging Collaboration/Test/nevus/ISIC_0000016.jpg,NV,,image:ISIC_0000016,val
ISIC_0000161,/kaggle/input/datasets/nodoubttome/skin-cancer9-classesisic/Skin cancer ISIC The International Skin Imaging Collaboration/Train/melanoma/ISIC_0000161.jpg,MEL,,image:ISIC_0000161,val
ISIC_0000165,/kaggle/input/datasets/nodoubttome/skin-cancer9-classesisic/Skin cancer ISIC The International Skin Imaging Collaboration/Train/melanoma/ISIC_0000165.jpg,MEL,,image:ISIC_0000165,val
ISIC_0000224,/kaggle/input/datasets/nodoubttome/skin-cancer9-classesisic/Skin cancer ISIC The International Skin Imaging Collaboration/Train/nevus/ISIC_0000224.jpg,NV,,image:ISIC_0000224,val
ISIC_0000229,/kaggle/input/datasets/nodoubttome/skin-cancer9-classesisic/Skin cancer ISIC The International Skin Imaging Collaboration/Train/nevus/ISIC_0000229.jpg,NV,,image:ISIC_0000229,val
ISIC_0000235,/kaggle/input/datasets/nodoubttome/skin-cancer9-classesisic/Skin cancer ISIC The International Skin Imaging Collaboration/Train/nevus/ISIC_0000235.jpg,NV,,image:ISIC_0000235,val
ISIC_0000239,/kaggle/input/datasets/nodoubttome/skin-cancer9-classesisic/Skin cancer ISIC The International Skin Imaging Collaboration/Train/nevus/ISIC_0000239.jpg,NV,,image:ISIC_0000239,val
ISIC_0000259,/kaggle/input/datasets/nodoubttome/skin-cancer9-classesisic/Skin cancer ISIC The International Skin Imaging Collaboration/Train/nevus/ISIC_0000259.jpg,NV,,image:ISIC_0000259,val
ISIC_0000263,/kaggle/input/datasets/nodoubttome/skin-cancer9-classesisic/Skin cancer ISIC The International Skin Imaging Collaboration/Train/nevus/ISIC_0000263.jpg,NV,,image:ISIC_0000263,val
ISIC_0000268,/kaggle/input/datasets/nodoubttome/skin-cancer9-classesisic/Skin cancer ISIC The International Skin Imaging Collaboration/Train/nevus/ISIC_0000268.jpg,NV,,image:ISIC_0000268,val
ISIC_0000292,/kaggle/input/datasets/nodoubttome/skin-cancer9-classesisic/Skin cancer ISIC The International Skin Imaging Collaboration/Train/melanoma/ISIC_0000292.jpg,MEL,,image:ISIC_0000292,val
ISIC_0000297,/kaggle/input/datasets/nodoubttome/skin-cancer9-classesisic/Skin cancer ISIC The International Skin Imaging Collaboration/Train/melanoma/ISIC_0000297.jpg,MEL,,image:ISIC_0000297,val
ISIC_0000307,/kaggle/input/datasets/nodoubttome/skin-cancer9-classesisic/Skin cancer ISIC The International Skin Imaging Collaboration/Train/melanoma/ISIC_0000307.jpg,MEL,,image:ISIC_0000307,val
ISIC_0000314,/kaggle/input/datasets/nodoubttome/skin-cancer9-classesisic/Skin cancer ISIC The International Skin Imaging Collaboration/Train/melanoma/ISIC_0000314.jpg,MEL,,image:ISIC_0000314,val
ISIC_0000323,/kaggle/input/datasets/nodoubttome/skin-cancer9-classesisic/Skin cancer ISIC The International Skin Imaging Collaboration/Train/nevus/ISIC_0000323.jpg,NV,,image:ISIC_0000323,val
ISIC_0000324,/kaggle/input/datasets/nodoubttome/skin-cancer9-classesisic/Skin cancer ISIC The International Skin Imaging Collaboration/Train/nevus/ISIC_0000324.jpg,NV,,image:ISIC_0000324,val
ISIC_0000330,/kaggle/input/datasets/nodoubttome/skin-cancer9-classesisic/Skin cancer ISIC The International Skin Imaging Collaboration/Train/nevus/ISIC_0000330.jpg,NV,,image:ISIC_0000330,val
ISIC_0000336,/kaggle/input/datasets/nodoubttome/skin-cancer9-classesisic/Skin cancer ISIC The International Skin Imaging Collaboration/Train/nevus/ISIC_0000336.jpg,NV,,image:ISIC_0000336,val
ISIC_0000338,/kaggle/input/datasets/nodoubttome/skin-cancer9-classesisic/Skin cancer ISIC The International Skin Imaging Collaboration/Train/nevus/ISIC_0000338.jpg,NV,,image:ISIC_0000338,val
ISIC_0000342,/kaggle/input/datasets/nodoubttome/skin-cancer9-classesisic/Skin cancer ISIC The International Skin Imaging Collaboration/Train/nevus/ISIC_0000342.jpg,NV,,image:ISIC_0000342,val
ISIC_0000350,/kaggle/input/datasets/nodoubttome/skin-cancer9-classesisic/Skin cancer ISIC The International Skin Imaging Collaboration/Train/nevus/ISIC_0000350.jpg,NV,,image:ISIC_0000350,val
ISIC_0000352,/kaggle/input/datasets/nodoubttome/skin-cancer9-classesisic/Skin cancer ISIC The International Skin Imaging Collaboration/Train/nevus/ISIC_0000352.jpg,NV,,image:ISIC_0000352,val
ISIC_0000361,/kaggle/input/datasets/nodoubttome/skin-cancer9-classesisic/Skin cancer ISIC The International Skin Imaging Collaboration/Train/nevus/ISIC_0000361.jpg,NV,,image:ISIC_0000361,val
ISIC_0000363,/kaggle/input/datasets/nodoubttome/skin-cancer9-classesisic/Skin cancer ISIC The International Skin Imaging Collaboration/Train/nevus/ISIC_0000363.jpg,NV,,image:ISIC_0000363,val
ISIC_0000372,/kaggle/input/datasets/nodoubttome/skin-cancer9-classesisic/Skin cancer ISIC The International Skin Imaging Collaboration/Train/nevus/ISIC_0000372.jpg,NV,,image:ISIC_0000372,val
ISIC_0000465,/kaggle/input/datasets/nodoubttome/skin-cancer9-classesisic/Skin cancer ISIC The International Skin Imaging Collaboration/Train/nevus/ISIC_0000465.jpg,NV,,image:ISIC_0000465,val
ISIC_0000471,/kaggle/input/datasets/nodoubttome/skin-cancer9-classesisic/Skin cancer ISIC The International Skin Imaging Collaboration/Train/nevus/ISIC_0000471.jpg,NV,,image:ISIC_0000471,val
ISIC_0000479,/kaggle/input/datasets/nodoubttome/skin-cancer9-classesisic/Skin cancer ISIC The International Skin Imaging Collaboration/Train/nevus/ISIC_0000479.jpg,NV,,image:ISIC_0000479,val
ISIC_0000484,/kaggle/input/datasets/nodoubttome/skin-cancer9-classesisic/Skin cancer ISIC The International Skin Imaging Collaboration/Train/melanoma/ISIC_0000484.jpg,MEL,,image:ISIC_0000484,val
ISIC_0000486,/kaggle/input/datasets/nodoubttome/skin-cancer9-classesisic/Skin cancer ISIC The International Skin Imaging Collaboration/Train/nevus/ISIC_0000486.jpg,NV,,image:ISIC_0000486,val
ISIC_0000490,/kaggle/input/datasets/nodoubttome/skin-cancer9-classesisic/Skin cancer ISIC The International Skin Imaging Collaboration/Train/nevus/ISIC_0000490.jpg,NV,,image:ISIC_0000490,val
ISIC_0000498,/kaggle/input/datasets/nodoubttome/skin-cancer9-classesisic/Skin cancer ISIC The International Skin Imaging Collaboration/Train/nevus/ISIC_0000498.jpg,NV,,image:ISIC_0000498,val
ISIC_0000509,/kaggle/input/datasets/nodoubttome/skin-cancer9-classesisic/Skin cancer ISIC The International Skin Imaging Collaboration/Train/nevus/ISIC_0000509.jpg,NV,,image:ISIC_0000509,val
ISIC_0000511,/kaggle/input/datasets/nodoubttome/skin-cancer9-classesisic/Skin cancer ISIC The International Skin Imaging Collaboration/Train/melanoma/ISIC_0000511.jpg,MEL,,image:ISIC_0000511,val
ISIC_0000518,/kaggle/input/datasets/nodoubttome/skin-cancer9-classesisic/Skin cancer ISIC The International Skin Imaging Collaboration/Train/melanoma/ISIC_0000518.jpg,MEL,,image:ISIC_0000518,val
ISIC_0000523,/kaggle/input/datasets/nodoubttome/skin-cancer9-classesisic/Skin cancer ISIC The International Skin Imaging Collaboration/Train/nevus/ISIC_0000523.jpg,NV,,image:ISIC_0000523,val
ISIC_0000530,/kaggle/input/datasets/nodoubttome/skin-cancer9-classesisic/Skin cancer ISIC The International Skin Imaging Collaboration/Train/nevus/ISIC_0000530.jpg,NV,,image:ISIC_0000530,val
ISIC_0000534,/kaggle/input/datasets/nodoubttome/skin-cancer9-classesisic/Skin cancer ISIC The International Skin Imaging Collaboration/Train/nevus/ISIC_0000534.jpg,NV,,image:ISIC_0000534,val
ISIC_0000537,/kaggle/input/datasets/nodoubttome/skin-cancer9-classesisic/Skin cancer ISIC The International Skin Imaging Collaboration/Train/nevus/ISIC_0000537.jpg,NV,,image:ISIC_0000537,val
ISIC_0000540,/kaggle/input/datasets/nodoubttome/skin-cancer9-classesisic/Skin cancer ISIC The International Skin Imaging Collaboration/Train/nevus/ISIC_0000540.jpg,NV,,image:ISIC_0000540,val
ISIC_0000548,/kaggle/input/datasets/nodoubttome/skin-cancer9-classesisic/Skin cancer ISIC The International Skin Imaging Collaboration/Train/melanoma/ISIC_0000548.jpg,MEL,,image:ISIC_0000548,val
ISIC_0000555,/kaggle/input/datasets/nodoubttome/skin-cancer9-classesisic/Skin cancer ISIC The International Skin Imaging Collaboration/Train/melanoma/ISIC_0000555.jpg,MEL,,image:ISIC_0000555,val
ISIC_0009905,/kaggle/input/datasets/nodoubttome/skin-cancer9-classesisic/Skin cancer ISIC The International Skin Imaging Collaboration/Train/melanoma/ISIC_0009905.jpg,MEL,,image:ISIC_0009905,val
ISIC_0009910,/kaggle/input/datasets/nodoubttome/skin-cancer9-classesisic/Skin cancer ISIC The International Skin Imaging Collaboration/Train/melanoma/ISIC_0009910.jpg,MEL,,image:ISIC_0009910,val
ISIC_0009950,/kaggle/input/datasets/nodoubttome/skin-cancer9-classesisic/Skin cancer ISIC The International Skin Imaging Collaboration/Train/melanoma/ISIC_0009950.jpg,MEL,,image:ISIC_0009950,val
ISIC_0010023,/kaggle/input/datasets/nodoubttome/skin-cancer9-classesisic/Skin cancer ISIC The International Skin Imaging Collaboration/Train/melanoma/ISIC_0010023.jpg,MEL,,image:ISIC_0010023,val
ISIC_0010056,/kaggle/input/datasets/nodoubttome/skin-cancer9-classesisic/Skin cancer ISIC The International Skin Imaging Collaboration/Train/melanoma/ISIC_0010056.jpg,MEL,,image:ISIC_0010056,val
ISIC_0010171,/kaggle/input/datasets/nodoubttome/skin-cancer9-classesisic/Skin cancer ISIC The International Skin Imaging Collaboration/Train/melanoma/ISIC_0010171.jpg,MEL,,image:ISIC_0010171,val
ISIC_0010174,/kaggle/input/datasets/nodoubttome/skin-cancer9-classesisic/Skin cancer ISIC The International Skin Imaging Collaboration/Train/melanoma/ISIC_0010174.jpg,MEL,,image:ISIC_0010174,val
ISIC_0010231,/kaggle/input/datasets/nodoubttome/skin-cancer9-classesisic/Skin cancer ISIC The International Skin Imaging Collaboration/Train/melanoma/ISIC_0010231.jpg,MEL,,image:ISIC_0010231,val
ISIC_0010267,/kaggle/input/datasets/nodoubttome/skin-cancer9-classesisic/Skin cancer ISIC The International Skin Imaging Collaboration/Train/melanoma/ISIC_0010267.jpg,MEL,,image:ISIC_0010267,val
ISIC_0010322,/kaggle/input/datasets/nodoubttome/skin-cancer9-classesisic/Skin cancer ISIC The International Skin Imaging Collaboration/Train/melanoma/ISIC_0010322.jpg,MEL,,image:ISIC_0010322,val
ISIC_0010380,/kaggle/input/datasets/nodoubttome/skin-cancer9-classesisic/Skin cancer ISIC The International Skin Imaging Collaboration/Train/melanoma/ISIC_0010380.jpg,MEL,,image:ISIC_0010380,val
ISIC_0010476,/kaggle/input/datasets/nodoubttome/skin-cancer9-classesisic/Skin cancer ISIC The International Skin Imaging Collaboration/Train/melanoma/ISIC_0010476.jpg,MEL,,image:ISIC_0010476,val
ISIC_0011099,/kaggle/input/datasets/nodoubttome/skin-cancer9-classesisic/Skin cancer ISIC The International Skin Imaging Collaboration/Train/melanoma/ISIC_0011099.jpg,MEL,,image:ISIC_0011099,val
ISIC_0011125,/kaggle/input/datasets/nodoubttome/skin-cancer9-classesisic/Skin cancer ISIC The International Skin Imaging Collaboration/Train/melanoma/ISIC_0011125.jpg,MEL,,image:ISIC_0011125,val
ISIC_0011130,/kaggle/input/datasets/nodoubttome/skin-cancer9-classesisic/Skin cancer ISIC The International Skin Imaging Collaboration/Train/melanoma/ISIC_0011130.jpg,MEL,,image:ISIC_0011130,val
ISIC_0011163,/kaggle/input/datasets/nodoubttome/skin-cancer9-classesisic/Skin cancer ISIC The International Skin Imaging Collaboration/Train/melanoma/ISIC_0011163.jpg,MEL,,image:ISIC_0011163,val
ISIC_0024312,/kaggle/input/datasets/nodoubttome/skin-cancer9-classesisic/Skin cancer ISIC The International Skin Imaging Collaboration/Test/pigmented benign keratosis/ISIC_0024312.jpg,BKL,HAM_0001359,lesion:HAM_0001359,val
ISIC_0024338,/kaggle/input/datasets/nodoubttome/skin-cancer9-classesisic/Skin cancer ISIC The International Skin Imaging Collaboration/Test/pigmented benign keratosis/ISIC_0024338.jpg,BKL,HAM_0002809,lesion:HAM_0002809,val
ISIC_0024358,/kaggle/input/datasets/nodoubttome/skin-cancer9-classesisic/Skin cancer ISIC The International Skin Imaging Collaboration/Test/pigmented benign keratosis/ISIC_0024358.jpg,BKL,HAM_0000933,lesion:HAM_0000933,val
ISIC_0024372,/kaggle/input/datasets/nodoubttome/skin-cancer9-classesisic/Skin cancer ISIC The International Skin Imaging Collaboration/Test/squamous cell carcinoma/ISIC_0024372.jpg,SCC,HAM_0005389,lesion:HAM_0005389,val
ISIC_0024375,/kaggle/input/datasets/nodoubttome/skin-cancer9-classesisic/Skin cancer ISIC The International Skin Imaging Collaboration/Test/vascular lesion/ISIC_0024375.jpg,VASC,HAM_0005245,lesion:HAM_0005245,val
ISIC_0024381,/kaggle/input/datasets/nodoubttome/skin-cancer9-classesisic/Skin cancer ISIC The International Skin Imaging Collaboration/Test/pigmented benign keratosis/ISIC_0024381.jpg,BKL,HAM_0001057,lesion:HAM_0001057,val
ISIC_0024383,/kaggle/input/datasets/nodoubttome/skin-cancer9-classesisic/Skin cancer ISIC The International Skin Imaging Collaboration/Test/pigmented benign keratosis/ISIC_0024383.jpg,BKL,HAM_0003668,lesion:HAM_0003668,val
ISIC_0024418,/kaggle/input/datasets/nodoubttome/skin-cancer9-classesisic/Skin cancer ISIC The International Skin Imaging Collaboration/Test/squamous cell carcinoma/ISIC_0024418.jpg,SCC,HAM_0003380,lesion:HAM_0003380,val
ISIC_0024435,/kaggle/input/datasets/nodoubttome/skin-cancer9-classesisic/Skin cancer ISIC The International Skin Imaging Collaboration/Train/pigmented benign keratosis/ISIC_0024435.jpg,BKL,HAM_0003317,lesion:HAM_0003317,val
ISIC_0024471,/kaggle/input/datasets/nodoubttome/skin-cancer9-classesisic/Skin cancer ISIC The International Skin Imaging Collaboration/Train/pigmented benign keratosis/ISIC_0024471.jpg,BKL,HAM_0000299,lesion:HAM_0000299,val
ISIC_0024494,/kaggle/input/datasets/nodoubttome/skin-cancer9-classesisic/Skin cancer ISIC The International Skin Imaging Collaboration/Train/pigmented benign keratosis/ISIC_0024494.jpg,BKL,HAM_0002933,lesion:HAM_0002933,val
ISIC_0024504,/kaggle/input/datasets/nodoubttome/skin-cancer9-classesisic/Skin cancer ISIC The International Skin Imaging Collaboration/Train/basal cell carcinoma/ISIC_0024504.jpg,BCC,HAM_0000189,lesion:HAM_0000189,val
ISIC_0024517,/kaggle/input/datasets/nodoubttome/skin-cancer9-classesisic/Skin cancer ISIC The International Skin Imaging Collaboration/Test/squamous cell carcinoma/ISIC_0024517.jpg,SCC,HAM_0001894,lesion:HAM_0001894,val
ISIC_0024592,/kaggle/input/datasets/nodoubttome/skin-cancer9-classesisic/Skin cancer ISIC The International Skin Imaging Collaboration/Train/pigmented benign keratosis/ISIC_0024592.jpg,BKL,HAM_0000236,lesion:HAM_0000236,val
ISIC_0024632,/kaggle/input/datasets/nodoubttome/skin-cancer9-classesisic/Skin cancer ISIC The International Skin Imaging Collaboration/Train/basal cell carcinoma/ISIC_0024632.jpg,BCC,HAM_0001666,lesion:HAM_0001666,val
ISIC_0024673,/kaggle/input/datasets/nodoubttome/skin-cancer9-classesisic/Skin cancer ISIC The International Skin Imaging Collaboration/Train/basal cell carcinoma/ISIC_0024673.jpg,BCC,HAM_0003429,lesion:HAM_0003429,val
ISIC_0024705,/kaggle/input/datasets/nodoubttome/skin-cancer9-classesisic/Skin cancer ISIC The International Skin Imaging Collaboration/Train/pigmented benign keratosis/ISIC_0024705.jpg,BKL,HAM_0007355,lesion:HAM_0007355,val
ISIC_0024706,/kaggle/input/datasets/nodoubttome/skin-cancer9-classesisic/Skin cancer ISIC The International Skin Imaging Collaboration/Train/vascular lesion/ISIC_0024706.jpg,VASC,HAM_0001038,lesion:HAM_0001038,val
ISIC_0024708,/kaggle/input/datasets/nodoubttome/skin-cancer9-classesisic/Skin cancer ISIC The International Skin Imaging Collaboration/Train/pigmented benign keratosis/ISIC_0024708.jpg,BKL,HAM_0003868,lesion:HAM_0003868,val
ISIC_0024710,/kaggle/input/datasets/nodoubttome/skin-cancer9-classesisic/Skin cancer ISIC The International Skin Imaging Collaboration/Train/squamous cell carcinoma/ISIC_0024710.jpg,SCC,HAM_0004609,lesion:HAM_0004609,val
ISIC_0024761,/kaggle/input/datasets/nodoubttome/skin-cancer9-classesisic/Skin cancer ISIC The International Skin Imaging Collaboration/Train/pigmented benign keratosis/ISIC_0024761.jpg,BKL,HAM_0005053,lesion:HAM_0005053,val
ISIC_0024770,/kaggle/input/datasets/nodoubttome/skin-cancer9-classesisic/Skin cancer ISIC The International Skin Imaging Collaboration/Train/pigmented benign keratosis/ISIC_0024770.jpg,BKL,HAM_0000106,lesion:HAM_0000106,val
ISIC_0024782,/kaggle/input/datasets/nodoubttome/skin-cancer9-classesisic/Skin cancer ISIC The International Skin Imaging Collaboration/Train/pigmented benign keratosis/ISIC_0024782.jpg,BKL,HAM_0004004,lesion:HAM_0004004,val
ISIC_0024787,/kaggle/input/datasets/nodoubttome/skin-cancer9-classesisic/Skin cancer ISIC The International Skin Imaging Collaboration/Train/basal cell carcinoma/ISIC_0024787.jpg,BCC,HAM_0005379,lesion:HAM_0005379,val
ISIC_0024799,/kaggle/input/datasets/nodoubttome/skin-cancer9-classesisic/Skin cancer ISIC The International Skin Imaging Collaboration/Train/basal cell carcinoma/ISIC_0024799.jpg,BCC,HAM_0001573,lesion:HAM_0001573,val
ISIC_0024825,/kaggle/input/datasets/nodoubttome/skin-cancer9-classesisic/Skin cancer ISIC The International Skin Imaging Collaboration/Train/pigmented benign keratosis/ISIC_0024825.jpg,BKL,HAM_0000893,lesion:HAM_0000893,val
ISIC_0024833,/kaggle/input/datasets/nodoubttome/skin-cancer9-classesisic/Skin cancer ISIC The International Skin Imaging Collaboration/Train/basal cell carcinoma/ISIC_0024833.jpg,BCC,HAM_0005617,lesion:HAM_0005617,val
ISIC_0024871,/kaggle/input/datasets/nodoubttome/skin-cancer9-classesisic/Skin cancer ISIC The International Skin Imaging Collaboration/Train/pigmented benign keratosis/ISIC_0024871.jpg,BKL,HAM_0001312,lesion:HAM_0001312,val
ISIC_0024881,/kaggle/input/datasets/nodoubttome/skin-cancer9-classesisic/Skin cancer ISIC The International Skin Imaging Collaboration/Train/pigmented benign keratosis/ISIC_0024881.jpg,BKL,HAM_0004696,lesion:HAM_0004696,val
ISIC_0024890,/kaggle/input/datasets/nodoubttome/skin-cancer9-classesisic/Skin cancer ISIC The International Skin Imaging Collaboration/Train/pigmented benign keratosis/ISIC_0024890.jpg,BKL,HAM_0007439,lesion:HAM_0007439,val
ISIC_0024897,/kaggle/input/datasets/nodoubttome/skin-cancer9-classesisic/Skin cancer ISIC The International Skin Imaging Collaboration/Train/basal cell carcinoma/ISIC_0024897.jpg,BCC,HAM_0003716,lesion:HAM_0003716,val
ISIC_0024923,/kaggle/input/datasets/nodoubttome/skin-cancer9-classesisic/Skin cancer ISIC The International Skin Imaging Collaboration/Train/squamous cell carcinoma/ISIC_0024923.jpg,SCC,HAM_0001004,lesion:HAM_0001004,val
ISIC_0024925,/kaggle/input/datasets/nodoubttome/skin-cancer9-classesisic/Skin cancer ISIC The International Skin Imaging Collaboration/Train/squamous cell carcinoma/ISIC_0024925.jpg,SCC,HAM_0006592,lesion:HAM_0006592,val
ISIC_0025016,/kaggle/input/datasets/nodoubttome/skin-cancer9-classesisic/Skin cancer ISIC The International Skin Imaging Collaboration/Train/pigmented benign keratosis/ISIC_0025016.jpg,BKL,HAM_0007125,lesion:HAM_0007125,val
ISIC_0025019,/kaggle/input/datasets/nodoubttome/skin-cancer9-classesisic/Skin cancer ISIC The International Skin Imaging Collaboration/Train/basal cell carcinoma/ISIC_0025019.jpg,BCC,HAM_0001415,lesion:HAM_0001415,val
ISIC_0025030,/kaggle/input/datasets/nodoubttome/skin-cancer9-classesisic/Skin cancer ISIC The International Skin Imaging Collaboration/Train/pigmented benign keratosis/ISIC_0025030.jpg,BKL,HAM_0000118,lesion:HAM_0000118,val
ISIC_0025032,/kaggle/input/datasets/nodoubttome/skin-cancer9-classesisic/Skin cancer ISIC The International Skin Imaging Collaboration/Train/pigmented benign keratosis/ISIC_0025032.jpg,BKL,HAM_0004500,lesion:HAM_0004500,val
ISIC_0025038,/kaggle/input/datasets/nodoubttome/skin-cancer9-classesisic/Skin cancer ISIC The International Skin Imaging Collaboration/Train/pigmented benign keratosis/ISIC_0025038.jpg,BKL,HAM_0005743,lesion:HAM_0005743,val
ISIC_0025197,/kaggle/input/datasets/nodoubttome/skin-cancer9-classesisic/Skin cancer ISIC The International Skin Imaging Collaboration/Train/vascular lesion/ISIC_0025197.jpg,VASC,HAM_0000460,lesion:HAM_0000460,val
ISIC_0025209,/kaggle/input/datasets/nodoubttome/skin-cancer9-classesisic/Skin cancer ISIC The International Skin Imaging Collaboration/Train/pigmented benign keratosis/ISIC_0025209.jpg,BKL,HAM_0005132,lesion:HAM_0005132,val
ISIC_0025301,/kaggle/input/datasets/nodoubttome/skin-cancer9-classesisic/Skin cancer ISIC The International Skin Imaging Collaboration/Train/basal cell carcinoma/ISIC_0025301.jpg,BCC,HAM_0000987,lesion:HAM_0000987,val
ISIC_0025326,/kaggle/input/datasets/nodoubttome/skin-cancer9-classesisic/Skin cancer ISIC The International Skin Imaging Collaboration/Train/pigmented benign keratosis/ISIC_0025326.jpg,BKL,HAM_0003000,lesion:HAM_0003000,val
ISIC_0025345,/kaggle/input/datasets/nodoubttome/skin-cancer9-classesisic/Skin cancer ISIC The International Skin Imaging Collaboration/Train/pigmented benign keratosis/ISIC_0025345.jpg,BKL,HAM_0000893,lesion:HAM_0000893,val
ISIC_0025351,/kaggle/input/datasets/nodoubttome/skin-cancer9-classesisic/Skin cancer ISIC The International Skin Imaging Collaboration/Train/pigmented benign keratosis/ISIC_0025351.jpg,BKL,HAM_0007591,lesion:HAM_0007591,val
ISIC_0025433,/kaggle/input/datasets/nodoubttome/skin-cancer9-classesisic/Skin cancer ISIC The International Skin Imaging Collaboration/Train/basal cell carcinoma/ISIC_0025433.jpg,BCC,HAM_0005410,lesion:HAM_0005410,val
ISIC_0025452,/kaggle/input/datasets/nodoubttome/skin-cancer9-classesisic/Skin cancer ISIC The International Skin Imaging Collaboration/Train/vascular lesion/ISIC_0025452.jpg,VASC,HAM_0004257,lesion:HAM_0004257,val
ISIC_0025454,/kaggle/input/datasets/nodoubttome/skin-cancer9-classesisic/Skin cancer ISIC The International Skin Imaging Collaboration/Train/pigmented benign keratosis/ISIC_0025454.jpg,BKL,HAM_0001423,lesion:HAM_0001423,val
ISIC_0025504,/kaggle/input/datasets/nodoubttome/skin-cancer9-classesisic/Skin cancer ISIC The International Skin Imaging Collaboration/Train/dermatofibroma/ISIC_0025504.jpg,DF,HAM_0004317,lesion:HAM_0004317,val
ISIC_0025567,/kaggle/input/datasets/nodoubttome/skin-cancer9-classesisic/Skin cancer ISIC The International Skin Imaging Collaboration/Train/pigmented benign keratosis/ISIC_0025567.jpg,BKL,HAM_0006574,lesion:HAM_0006574,val
ISIC_0025578,/kaggle/input/datasets/nodoubttome/skin-cancer9-classesisic/Skin cancer ISIC The International Skin Imaging Collaboration/Train/vascular lesion/ISIC_0025578.jpg,VASC,HAM_0002218,lesion:HAM_0002218,val
ISIC_0025594,/kaggle/input/datasets/nodoubttome/skin-cancer9-classesisic/Skin cancer ISIC The International Skin Imaging Collaboration/Train/dermatofibroma/ISIC_0025594.jpg,DF,HAM_0005983,lesion:HAM_0005983,val
ISIC_0025599,/kaggle/input/datasets/nodoubttome/skin-cancer9-classesisic/Skin cancer ISIC The International Skin Imaging Collaboration/Train/vascular lesion/ISIC_0025599.jpg,VASC,HAM_0004765,lesion:HAM_0004765,val
ISIC_0025605,/kaggle/input/datasets/nodoubttome/skin-cancer9-classesisic/Skin cancer ISIC The International Skin Imaging Collaboration/Test/actinic keratosis/ISIC_0025605.jpg,AK,HAM_0007047,lesion:HAM_0007047,val
ISIC_0025612,/kaggle/input/datasets/nodoubttome/skin-cancer9-classesisic/Skin cancer ISIC The International Skin Imaging Collaboration/Train/vascular lesion/ISIC_0025612.jpg,VASC,HAM_0002177,lesion:HAM_0002177,val
ISIC_0025623,/kaggle/input/datasets/nodoubttome/skin-cancer9-classesisic/Skin cancer ISIC The International Skin Imaging Collaboration/Train/pigmented benign keratosis/ISIC_0025623.jpg,BKL,HAM_0000821,lesion:HAM_0000821,val
ISIC_0025630,/kaggle/input/datasets/nodoubttome/skin-cancer9-classesisic/Skin cancer ISIC The International Skin Imaging Collaboration/Train/basal cell carcinoma/ISIC_0025630.jpg,BCC,HAM_0002017,lesion:HAM_0002017,val
ISIC_0025637,/kaggle/input/datasets/nodoubttome/skin-cancer9-classesisic/Skin cancer ISIC The International Skin Imaging Collaboration/Train/squamous cell carcinoma/ISIC_0025637.jpg,SCC,HAM_0001460,lesion:HAM_0001460,val
ISIC_0025644,/kaggle/input/datasets/nodoubttome/skin-cancer9-classesisic/Skin cancer ISIC The International Skin Imaging Collaboration/Train/basal cell carcinoma/ISIC_0025644.jpg,BCC,HAM_0004536,lesion:HAM_0004536,val
ISIC_0025691,/kaggle/input/datasets/nodoubttome/skin-cancer9-classesisic/Skin cancer ISIC The International Skin Imaging Collaboration/Train/basal cell carcinoma/ISIC_0025691.jpg,BCC,HAM_0000065,lesion:HAM_0000065,val
ISIC_0025707,/kaggle/input/datasets/nodoubttome/skin-cancer9-classesisic/Skin cancer ISIC The International Skin Imaging Collaboration/Train/vascular lesion/ISIC_0025707.jpg,VASC,HAM_0006796,lesion:HAM_0006796,val
ISIC_0025716,/kaggle/input/datasets/nodoubttome/skin-cancer9-classesisic/Skin cancer ISIC The International Skin Imaging Collaboration/Train/pigmented benign keratosis/ISIC_0025716.jpg,BKL,HAM_0001200,lesion:HAM_0001200,val
ISIC_0025718,/kaggle/input/datasets/nodoubttome/skin-cancer9-classesisic/Skin cancer ISIC The International Skin Imaging Collaboration/Train/basal cell carcinoma/ISIC_0025718.jpg,BCC,HAM_0001884,lesion:HAM_0001884,val
ISIC_0025777,/kaggle/input/datasets/nodoubttome/skin-cancer9-classesisic/Skin cancer ISIC The International Skin Imaging Collaboration/Train/pigmented benign keratosis/ISIC_0025777.jpg,BKL,HAM_0002827,lesion:HAM_0002827,val
ISIC_0025790,/kaggle/input/datasets/nodoubttome/skin-cancer9-classesisic/Skin cancer ISIC The International Skin Imaging Collaboration/Train/squamous cell carcinoma/ISIC_0025790.jpg,SCC,HAM_0001004,lesion:HAM_0001004,val
ISIC_0025808,/kaggle/input/datasets/nodoubttome/skin-cancer9-classesisic/Skin cancer ISIC The International Skin Imaging Collaboration/Train/squamous cell carcinoma/ISIC_0025808.jpg,SCC,HAM_0002261,lesion:HAM_0002261,val
ISIC_0025837,/kaggle/input/datasets/nodoubttome/skin-cancer9-classesisic/Skin cancer ISIC The International Skin Imaging Collaboration/Train/pigmented benign keratosis/ISIC_0025837.jpg,BKL,HAM_0005132,lesion:HAM_0005132,val
ISIC_0025883,/kaggle/input/datasets/nodoubttome/skin-cancer9-classesisic/Skin cancer ISIC The International Skin Imaging Collaboration/Train/pigmented benign keratosis/ISIC_0025883.jpg,BKL,HAM_0007607,lesion:HAM_0007607,val
ISIC_0025937,/kaggle/input/datasets/nodoubttome/skin-cancer9-classesisic/Skin cancer ISIC The International Skin Imaging Collaboration/Train/pigmented benign keratosis/ISIC_0025937.jpg,BKL,HAM_0004884,lesion:HAM_0004884,val
ISIC_0025939,/kaggle/input/datasets/nodoubttome/skin-cancer9-classesisic/Skin cancer ISIC The International Skin Imaging Collaboration/Train/pigmented benign keratosis/ISIC_0025939.jpg,BKL,HAM_0006622,lesion:HAM_0006622,val
ISIC_0025948,/kaggle/input/datasets/nodoubttome/skin-cancer9-classesisic/Skin cancer ISIC The International Skin Imaging Collaboration/Train/squamous cell carcinoma/ISIC_0025948.jpg,SCC,HAM_0002672,lesion:HAM_0002672,val
ISIC_0025957,/kaggle/input/datasets/nodoubttome/skin-cancer9-classesisic/Skin cancer ISIC The International Skin Imaging Collaboration/Train/actinic keratosis/ISIC_0025957.jpg,AK,HAM_0007047,lesion:HAM_0007047,val
ISIC_0025971,/kaggle/input/datasets/nodoubttome/skin-cancer9-classesisic/Skin cancer ISIC The International Skin Imaging Collaboration/Train/basal cell carcinoma/ISIC_0025971.jpg,BCC,HAM_0000504,lesion:HAM_0000504,val
ISIC_0025973,/kaggle/input/datasets/nodoubttome/skin-cancer9-classesisic/Skin cancer ISIC The International Skin Imaging Collaboration/Train/pigmented benign keratosis/ISIC_0025973.jpg,BKL,HAM_0003943,lesion:HAM_0003943,val
ISIC_0025975,/kaggle/input/datasets/nodoubttome/skin-cancer9-classesisic/Skin cancer ISIC The International Skin Imaging Collaboration/Train/basal cell carcinoma/ISIC_0025975.jpg,BCC,HAM_0005835,lesion:HAM_0005835,val
ISIC_0026018,/kaggle/input/datasets/nodoubttome/skin-cancer9-classesisic/Skin cancer ISIC The International Skin Imaging Collaboration/Train/pigmented benign keratosis/ISIC_0026018.jpg,BKL,HAM_0005883,lesion:HAM_0005883,val
ISIC_0026060,/kaggle/input/datasets/nodoubttome/skin-cancer9-classesisic/Skin cancer ISIC The International Skin Imaging Collaboration/Train/pigmented benign keratosis/ISIC_0026060.jpg,BKL,HAM_0005891,lesion:HAM_0005891,val
ISIC_0026072,/kaggle/input/datasets/nodoubttome/skin-cancer9-classesisic/Skin cancer ISIC The International Skin Imaging Collaboration/Train/pigmented benign keratosis/ISIC_0026072.jpg,BKL,HAM_0006622,lesion:HAM_0006622,val
ISIC_0026083,/kaggle/input/datasets/nodoubttome/skin-cancer9-classesisic/Skin cancer ISIC The International Skin Imaging Collaboration/Train/squamous cell carcinoma/ISIC_0026083.jpg,SCC,HAM_0000552,lesion:HAM_0000552,val
ISIC_0026138,/kaggle/input/datasets/nodoubttome/skin-cancer9-classesisic/Skin cancer ISIC The International Skin Imaging Collaboration/Train/squamous cell carcinoma/ISIC_0026138.jpg,SCC,HAM_0005027,lesion:HAM_0005027,val
ISIC_0026139,/kaggle/input/datasets/nodoubttome/skin-cancer9-classesisic/Skin cancer ISIC The International Skin Imaging Collaboration/Train/pigmented benign keratosis/ISIC_0026139.jpg,BKL,HAM_0002809,lesion:HAM_0002809,val
ISIC_0026178,/kaggle/input/datasets/nodoubttome/skin-cancer9-classesisic/Skin cancer ISIC The International Skin Imaging Collaboration/Train/squamous cell carcinoma/ISIC_0026178.jpg,SCC,HAM_0007349,lesion:HAM_0007349,val
ISIC_0026212,/kaggle/input/datasets/nodoubttome/skin-cancer9-classesisic/Skin cancer ISIC The International Skin Imaging Collaboration/Train/actinic keratosis/ISIC_0026212.jpg,AK,HAM_0003262,lesion:HAM_0003262,val
ISIC_0026219,/kaggle/input/datasets/nodoubttome/skin-cancer9-classesisic/Skin cancer ISIC The International Skin Imaging Collaboration/Train/pigmented benign keratosis/ISIC_0026219.jpg,BKL,HAM_0006399,lesion:HAM_0006399,val
ISIC_0026263,/kaggle/input/datasets/nodoubttome/skin-cancer9-classesisic/Skin cancer ISIC The International Skin Imaging Collaboration/Train/pigmented benign keratosis/ISIC_0026263.jpg,BKL,HAM_0002042,lesion:HAM_0002042,val
ISIC_0026298,/kaggle/input/datasets/nodoubttome/skin-cancer9-classesisic/Skin cancer ISIC The International Skin Imaging Collaboration/Train/pigmented benign keratosis/ISIC_0026298.jpg,BKL,HAM_0002529,lesion:HAM_0002529,val
ISIC_0026313,/kaggle/input/datasets/nodoubttome/skin-cancer9-classesisic/Skin cancer ISIC The International Skin Imaging Collaboration/Train/dermatofibroma/ISIC_0026313.jpg,DF,HAM_0007418,lesion:HAM_0007418,val
ISIC_0026337,/kaggle/input/datasets/nodoubttome/skin-cancer9-classesisic/Skin cancer ISIC The International Skin Imaging Collaboration/Train/basal cell carcinoma/ISIC_0026337.jpg,BCC,HAM_0000719,lesion:HAM_0000719,val
ISIC_0026343,/kaggle/input/datasets/nodoubttome/skin-cancer9-classesisic/Skin cancer ISIC The International Skin Imaging Collaboration/Train/basal cell carcinoma/ISIC_0026343.jpg,BCC,HAM_0002346,lesion:HAM_0002346,val
ISIC_0026409,/kaggle/input/datasets/nodoubttome/skin-cancer9-classesisic/Skin cancer ISIC The International Skin Imaging Collaboration/Train/pigmented benign keratosis/ISIC_0026409.jpg,BKL,HAM_0000893,lesion:HAM_0000893,val
ISIC_0026446,/kaggle/input/datasets/nodoubttome/skin-cancer9-classesisic/Skin cancer ISIC The International Skin Imaging Collaboration/Train/pigmented benign keratosis/ISIC_0026446.jpg,BKL,HAM_0002965,lesion:HAM_0002965,val
ISIC_0026456,/kaggle/input/datasets/nodoubttome/skin-cancer9-classesisic/Skin cancer ISIC The International Skin Imaging Collaboration/Train/vascular lesion/ISIC_0026456.jpg,VASC,HAM_0006203,lesion:HAM_0006203,val
ISIC_0026471,/kaggle/input/datasets/nodoubttome/skin-cancer9-classesisic/Skin cancer ISIC The International Skin Imaging Collaboration/Train/dermatofibroma/ISIC_0026471.jpg,DF,HAM_0006787,lesion:HAM_0006787,val
ISIC_0026492,/kaggle/input/datasets/nodoubttome/skin-cancer9-classesisic/Skin cancer ISIC The International Skin Imaging Collaboration/Train/squamous cell carcinoma/ISIC_0026492.jpg,SCC,HAM_0006481,lesion:HAM_0006481,val
ISIC_0026526,/kaggle/input/datasets/nodoubttome/skin-cancer9-classesisic/Skin cancer ISIC The International Skin Imaging Collaboration/Train/pigmented benign keratosis/ISIC_0026526.jpg,BKL,HAM_0005146,lesion:HAM_0005146,val
ISIC_0026528,/kaggle/input/datasets/nodoubttome/skin-cancer9-classesisic/Skin cancer ISIC The International Skin Imaging Collaboration/Train/basal cell carcinoma/ISIC_0026528.jpg,BCC,HAM_0007550,lesion:HAM_0007550,val
ISIC_0026532,/kaggle/input/datasets/nodoubttome/skin-cancer9-classesisic/Skin cancer ISIC The International Skin Imaging Collaboration/Train/pigmented benign keratosis/ISIC_0026532.jpg,BKL,HAM_0000959,lesion:HAM_0000959,val
ISIC_0026539,/kaggle/input/datasets/nodoubttome/skin-cancer9-classesisic/Skin cancer ISIC The International Skin Imaging Collaboration/Train/pigmented benign keratosis/ISIC_0026539.jpg,BKL,HAM_0004696,lesion:HAM_0004696,val
ISIC_0026549,/kaggle/input/datasets/nodoubttome/skin-cancer9-classesisic/Skin cancer ISIC The International Skin Imaging Collaboration/Train/squamous cell carcinoma/ISIC_0026549.jpg,SCC,HAM_0002307,lesion:HAM_0002307,val
ISIC_0026590,/kaggle/input/datasets/nodoubttome/skin-cancer9-classesisic/Skin cancer ISIC The International Skin Imaging Collaboration/Train/pigmented benign keratosis/ISIC_0026590.jpg,BKL,HAM_0003317,lesion:HAM_0003317,val
ISIC_0026626,/kaggle/input/datasets/nodoubttome/skin-cancer9-classesisic/Skin cancer ISIC The International Skin Imaging Collaboration/Train/actinic keratosis/ISIC_0026626.jpg,AK,HAM_0005020,lesion:HAM_0005020,val
ISIC_0026634,/kaggle/input/datasets/nodoubttome/skin-cancer9-classesisic/Skin cancer ISIC The International Skin Imaging Collaboration/Train/pigmented benign keratosis/ISIC_0026634.jpg,BKL,HAM_0003768,lesion:HAM_0003768,val
ISIC_0026643,/kaggle/input/datasets/nodoubttome/skin-cancer9-classesisic/Skin cancer ISIC The International Skin Imaging Collaboration/Train/basal cell carcinoma/ISIC_0026643.jpg,BCC,HAM_0005469,lesion:HAM_0005469,val
ISIC_0026668,/kaggle/input/datasets/nodoubttome/skin-cancer9-classesisic/Skin cancer ISIC The International Skin Imaging Collaboration/Train/basal cell carcinoma/ISIC_0026668.jpg,BCC,HAM_0001666,lesion:HAM_0001666,val
ISIC_0026675,/kaggle/input/datasets/nodoubttome/skin-cancer9-classesisic/Skin cancer ISIC The International Skin Imaging Collaboration/Train/pigmented benign keratosis/ISIC_0026675.jpg,BKL,HAM_0003739,lesion:HAM_0003739,val
ISIC_0026687,/kaggle/input/datasets/nodoubttome/skin-cancer9-classesisic/Skin cancer ISIC The International Skin Imaging Collaboration/Train/basal cell carcinoma/ISIC_0026687.jpg,BCC,HAM_0002689,lesion:HAM_0002689,val
ISIC_0026709,/kaggle/input/datasets/nodoubttome/skin-cancer9-classesisic/Skin cancer ISIC The International Skin Imaging Collaboration/Train/actinic keratosis/ISIC_0026709.jpg,AK,HAM_0001565,lesion:HAM_0001565,val
ISIC_0026716,/kaggle/input/datasets/nodoubttome/skin-cancer9-classesisic/Skin cancer ISIC The International Skin Imaging Collaboration/Train/basal cell carcinoma/ISIC_0026716.jpg,BCC,HAM_0000504,lesion:HAM_0000504,val
ISIC_0026744,/kaggle/input/datasets/nodoubttome/skin-cancer9-classesisic/Skin cancer ISIC The International Skin Imaging Collaboration/Train/pigmented benign keratosis/ISIC_0026744.jpg,BKL,HAM_0001820,lesion:HAM_0001820,val
ISIC_0026760,/kaggle/input/datasets/nodoubttome/skin-cancer9-classesisic/Skin cancer ISIC The International Skin Imaging Collaboration/Train/basal cell carcinoma/ISIC_0026760.jpg,BCC,HAM_0001884,lesion:HAM_0001884,val
ISIC_0026787,/kaggle/input/datasets/nodoubttome/skin-cancer9-classesisic/Skin cancer ISIC The International Skin Imaging Collaboration/Train/pigmented benign keratosis/ISIC_0026787.jpg,BKL,HAM_0000386,lesion:HAM_0000386,val
ISIC_0026794,/kaggle/input/datasets/nodoubttome/skin-cancer9-classesisic/Skin cancer ISIC The International Skin Imaging Collaboration/Train/pigmented benign keratosis/ISIC_0026794.jpg,BKL,HAM_0000566,lesion:HAM_0000566,val
ISIC_0026803,/kaggle/input/datasets/nodoubttome/skin-cancer9-classesisic/Skin cancer ISIC The International Skin Imaging Collaboration/Train/pigmented benign keratosis/ISIC_0026803.jpg,BKL,HAM_0007355,lesion:HAM_0007355,val
ISIC_0026835,/kaggle/input/datasets/nodoubttome/skin-cancer9-classesisic/Skin cancer ISIC The International Skin Imaging Collaboration/Train/pigmented benign keratosis/ISIC_0026835.jpg,BKL,HAM_0001480,lesion:HAM_0001480,val
ISIC_0026842,/kaggle/input/datasets/nodoubttome/skin-cancer9-classesisic/Skin cancer ISIC The International Skin Imaging Collaboration/Train/pigmented benign keratosis/ISIC_0026842.jpg,BKL,HAM_0001536,lesion:HAM_0001536,val
ISIC_0026857,/kaggle/input/datasets/nodoubttome/skin-cancer9-classesisic/Skin cancer ISIC The International Skin Imaging Collaboration/Train/actinic keratosis/ISIC_0026857.jpg,AK,HAM_0004363,lesion:HAM_0004363,val
ISIC_0026861,/kaggle/input/datasets/nodoubttome/skin-cancer9-classesisic/Skin cancer ISIC The International Skin Imaging Collaboration/Train/pigmented benign keratosis/ISIC_0026861.jpg,BKL,HAM_0007110,lesion:HAM_0007110,val
ISIC_0026867,/kaggle/input/datasets/nodoubttome/skin-cancer9-classesisic/Skin cancer ISIC The International Skin Imaging Collaboration/Train/pigmented benign keratosis/ISIC_0026867.jpg,BKL,HAM_0003973,lesion:HAM_0003973,val
ISIC_0026872,/kaggle/input/datasets/nodoubttome/skin-cancer9-classesisic/Skin cancer ISIC The International Skin Imaging Collaboration/Train/squamous cell carcinoma/ISIC_0026872.jpg,SCC,HAM_0006746,lesion:HAM_0006746,val
ISIC_0026902,/kaggle/input/datasets/nodoubttome/skin-cancer9-classesisic/Skin cancer ISIC The International Skin Imaging Collaboration/Train/basal cell carcinoma/ISIC_0026902.jpg,BCC,HAM_0000719,lesion:HAM_0000719,val
ISIC_0026961,/kaggle/input/datasets/nodoubttome/skin-cancer9-classesisic/Skin cancer ISIC The International Skin Imaging Collaboration/Train/pigmented benign keratosis/ISIC_0026961.jpg,BKL,HAM_0006181,lesion:HAM_0006181,val
ISIC_0026981,/kaggle/input/datasets/nodoubttome/skin-cancer9-classesisic/Skin cancer ISIC The International Skin Imaging Collaboration/Train/squamous cell carcinoma/ISIC_0026981.jpg,SCC,HAM_0000909,lesion:HAM_0000909,val
ISIC_0027008,/kaggle/input/datasets/nodoubttome/skin-cancer9-classesisic/Skin cancer ISIC The International Skin Imaging Collaboration/Train/dermatofibroma/ISIC_0027008.jpg,DF,HAM_0005276,lesion:HAM_0005276,val
ISIC_0027023,/kaggle/input/datasets/nodoubttome/skin-cancer9-classesisic/Skin cancer ISIC The International Skin Imaging Collaboration/Train/pigmented benign keratosis/ISIC_0027023.jpg,BKL,HAM_0000746,lesion:HAM_0000746,val
ISIC_0027041,/kaggle/input/datasets/nodoubttome/skin-cancer9-classesisic/Skin cancer ISIC The International Skin Imaging Collaboration/Train/pigmented benign keratosis/ISIC_0027041.jpg,BKL,HAM_0003049,lesion:HAM_0003049,val
ISIC_0027058,/kaggle/input/datasets/nodoubttome/skin-cancer9-classesisic/Skin cancer ISIC The International Skin Imaging Collaboration/Train/basal cell carcinoma/ISIC_0027058.jpg,BCC,HAM_0005998,lesion:HAM_0005998,val
ISIC_0027084,/kaggle/input/datasets/nodoubttome/skin-cancer9-classesisic/Skin cancer ISIC The International Skin Imaging Collaboration/Train/squamous cell carcinoma/ISIC_0027084.jpg,SCC,HAM_0006893,lesion:HAM_0006893,val
ISIC_0027154,/kaggle/input/datasets/nodoubttome/skin-cancer9-classesisic/Skin cancer ISIC The International Skin Imaging Collaboration/Train/pigmented benign keratosis/ISIC_0027154.jpg,BKL,HAM_0005415,lesion:HAM_0005415,val
ISIC_0027162,/kaggle/input/datasets/nodoubttome/skin-cancer9-classesisic/Skin cancer ISIC The International Skin Imaging Collaboration/Train/pigmented benign keratosis/ISIC_0027162.jpg,BKL,HAM_0004905,lesion:HAM_0004905,val
ISIC_0027184,/kaggle/input/datasets/nodoubttome/skin-cancer9-classesisic/Skin cancer ISIC The International Skin Imaging Collaboration/Train/squamous cell carcinoma/ISIC_0027184.jpg,SCC,HAM_0007349,lesion:HAM_0007349,val
ISIC_0027218,/kaggle/input/datasets/nodoubttome/skin-cancer9-classesisic/Skin cancer ISIC The International Skin Imaging Collaboration/Train/pigmented benign keratosis/ISIC_0027218.jpg,BKL,HAM_0001738,lesion:HAM_0001738,val
ISIC_0027281,/kaggle/input/datasets/nodoubttome/skin-cancer9-classesisic/Skin cancer ISIC The International Skin Imaging Collaboration/Train/basal cell carcinoma/ISIC_0027281.jpg,BCC,HAM_0006904,lesion:HAM_0006904,val
ISIC_0027287,/kaggle/input/datasets/nodoubttome/skin-cancer9-classesisic/Skin cancer ISIC The International Skin Imaging Collaboration/Train/pigmented benign keratosis/ISIC_0027287.jpg,BKL,HAM_0002933,lesion:HAM_0002933,val
ISIC_0027291,/kaggle/input/datasets/nodoubttome/skin-cancer9-classesisic/Skin cancer ISIC The International Skin Imaging Collaboration/Train/basal cell carcinoma/ISIC_0027291.jpg,BCC,HAM_0006904,lesion:HAM_0006904,val
ISIC_0027343,/kaggle/input/datasets/nodoubttome/skin-cancer9-classesisic/Skin cancer ISIC The International Skin Imaging Collaboration/Train/squamous cell carcinoma/ISIC_0027343.jpg,SCC,HAM_0003380,lesion:HAM_0003380,val
ISIC_0027354,/kaggle/input/datasets/nodoubttome/skin-cancer9-classesisic/Skin cancer ISIC The International Skin Imaging Collaboration/Train/pigmented benign keratosis/ISIC_0027354.jpg,BKL,HAM_0007359,lesion:HAM_0007359,val
ISIC_0027419,/kaggle/input/datasets/nodoubttome/skin-cancer9-classesisic/Skin cancer ISIC The International Skin Imaging Collaboration/Train/pigmented benign keratosis/ISIC_0027419.jpg,BKL,HAM_0000118,lesion:HAM_0000118,val
ISIC_0027425,/kaggle/input/datasets/nodoubttome/skin-cancer9-classesisic/Skin cancer ISIC The International Skin Imaging Collaboration/Train/basal cell carcinoma/ISIC_0027425.jpg,BCC,HAM_0007346,lesion:HAM_0007346,val
ISIC_0027454,/kaggle/input/datasets/nodoubttome/skin-cancer9-classesisic/Skin cancer ISIC The International Skin Imaging Collaboration/Train/pigmented benign keratosis/ISIC_0027454.jpg,BKL,HAM_0000245,lesion:HAM_0000245,val
ISIC_0027470,/kaggle/input/datasets/nodoubttome/skin-cancer9-classesisic/Skin cancer ISIC The International Skin Imaging Collaboration/Train/pigmented benign keratosis/ISIC_0027470.jpg,BKL,HAM_0002548,lesion:HAM_0002548,val
ISIC_0027488,/kaggle/input/datasets/nodoubttome/skin-cancer9-classesisic/Skin cancer ISIC The International Skin Imaging Collaboration/Train/dermatofibroma/ISIC_0027488.jpg,DF,HAM_0003597,lesion:HAM_0003597,val
ISIC_0027546,/kaggle/input/datasets/nodoubttome/skin-cancer9-classesisic/Skin cancer ISIC The International Skin Imaging Collaboration/Train/basal cell carcinoma/ISIC_0027546.jpg,BCC,HAM_0005617,lesion:HAM_0005617,val
ISIC_0027613,/kaggle/input/datasets/nodoubttome/skin-cancer9-classesisic/Skin cancer ISIC The International Skin Imaging Collaboration/Train/dermatofibroma/ISIC_0027613.jpg,DF,HAM_0005684,lesion:HAM_0005684,val
ISIC_0027631,/kaggle/input/datasets/nodoubttome/skin-cancer9-classesisic/Skin cancer ISIC The International Skin Imaging Collaboration/Train/basal cell carcinoma/ISIC_0027631.jpg,BCC,HAM_0004440,lesion:HAM_0004440,val
ISIC_0027649,/kaggle/input/datasets/nodoubttome/skin-cancer9-classesisic/Skin cancer ISIC The International Skin Imaging Collaboration/Train/pigmented benign keratosis/ISIC_0027649.jpg,BKL,HAM_0006987,lesion:HAM_0006987,val
ISIC_0027668,/kaggle/input/datasets/nodoubttome/skin-cancer9-classesisic/Skin cancer ISIC The International Skin Imaging Collaboration/Train/actinic keratosis/ISIC_0027668.jpg,AK,HAM_0001386,lesion:HAM_0001386,val
ISIC_0027677,/kaggle/input/datasets/nodoubttome/skin-cancer9-classesisic/Skin cancer ISIC The International Skin Imaging Collaboration/Train/basal cell carcinoma/ISIC_0027677.jpg,BCC,HAM_0005617,lesion:HAM_0005617,val
ISIC_0027678,/kaggle/input/datasets/nodoubttome/skin-cancer9-classesisic/Skin cancer ISIC The International Skin Imaging Collaboration/Train/squamous cell carcinoma/ISIC_0027678.jpg,SCC,HAM_0003586,lesion:HAM_0003586,val
ISIC_0027706,/kaggle/input/datasets/nodoubttome/skin-cancer9-classesisic/Skin cancer ISIC The International Skin Imaging Collaboration/Train/pigmented benign keratosis/ISIC_0027706.jpg,BKL,HAM_0005596,lesion:HAM_0005596,val
ISIC_0027708,/kaggle/input/datasets/nodoubttome/skin-cancer9-classesisic/Skin cancer ISIC The International Skin Imaging Collaboration/Train/squamous cell carcinoma/ISIC_0027708.jpg,SCC,HAM_0005438,lesion:HAM_0005438,val
ISIC_0027722,/kaggle/input/datasets/nodoubttome/skin-cancer9-classesisic/Skin cancer ISIC The International Skin Imaging Collaboration/Train/basal cell carcinoma/ISIC_0027722.jpg,BCC,HAM_0000987,lesion:HAM_0000987,val
ISIC_0027739,/kaggle/input/datasets/nodoubttome/skin-cancer9-classesisic/Skin cancer ISIC The International Skin Imaging Collaboration/Train/pigmented benign keratosis/ISIC_0027739.jpg,BKL,HAM_0006325,lesion:HAM_0006325,val
ISIC_0027747,/kaggle/input/datasets/nodoubttome/skin-cancer9-classesisic/Skin cancer ISIC The International Skin Imaging Collaboration/Train/pigmented benign keratosis/ISIC_0027747.jpg,BKL,HAM_0005932,lesion:HAM_0005932,val
ISIC_0027753,/kaggle/input/datasets/nodoubttome/skin-cancer9-classesisic/Skin cancer ISIC The International Skin Imaging Collaboration/Train/squamous cell carcinoma/ISIC_0027753.jpg,SCC,HAM_0006481,lesion:HAM_0006481,val
ISIC_0027759,/kaggle/input/datasets/nodoubttome/skin-cancer9-classesisic/Skin cancer ISIC The International Skin Imaging Collaboration/Train/basal cell carcinoma/ISIC_0027759.jpg,BCC,HAM_0003198,lesion:HAM_0003198,val
ISIC_0027771,/kaggle/input/datasets/nodoubttome/skin-cancer9-classesisic/Skin cancer ISIC The International Skin Imaging Collaboration/Train/pigmented benign keratosis/ISIC_0027771.jpg,BKL,HAM_0000933,lesion:HAM_0000933,val
ISIC_0027781,/kaggle/input/datasets/nodoubttome/skin-cancer9-classesisic/Skin cancer ISIC The International Skin Imaging Collaboration/Train/pigmented benign keratosis/ISIC_0027781.jpg,BKL,HAM_0005693,lesion:HAM_0005693,val
ISIC_0027790,/kaggle/input/datasets/nodoubttome/skin-cancer9-classesisic/Skin cancer ISIC The International Skin Imaging Collaboration/Train/vascular lesion/ISIC_0027790.jpg,VASC,HAM_0004943,lesion:HAM_0004943,val
ISIC_0027814,/kaggle/input/datasets/nodoubttome/skin-cancer9-classesisic/Skin cancer ISIC The International Skin Imaging Collaboration/Train/basal cell carcinoma/ISIC_0027814.jpg,BCC,HAM_0006631,lesion:HAM_0006631,val
ISIC_0027819,/kaggle/input/datasets/nodoubttome/skin-cancer9-classesisic/Skin cancer ISIC The International Skin Imaging Collaboration/Train/basal cell carcinoma/ISIC_0027819.jpg,BCC,HAM_0004827,lesion:HAM_0004827,val
ISIC_0027831,/kaggle/input/datasets/nodoubttome/skin-cancer9-classesisic/Skin cancer ISIC The International Skin Imaging Collaboration/Train/pigmented benign keratosis/ISIC_0027831.jpg,BKL,HAM_0001678,lesion:HAM_0001678,val
ISIC_0027859,/kaggle/input/datasets/nodoubttome/skin-cancer9-classesisic/Skin cancer ISIC The International Skin Imaging Collaboration/Train/pigmented benign keratosis/ISIC_0027859.jpg,BKL,HAM_0000001,lesion:HAM_0000001,val
ISIC_0027884,/kaggle/input/datasets/nodoubttome/skin-cancer9-classesisic/Skin cancer ISIC The International Skin Imaging Collaboration/Train/actinic keratosis/ISIC_0027884.jpg,AK,HAM_0006024,lesion:HAM_0006024,val
ISIC_0027888,/kaggle/input/datasets/nodoubttome/skin-cancer9-classesisic/Skin cancer ISIC The International Skin Imaging Collaboration/Train/vascular lesion/ISIC_0027888.jpg,VASC,HAM_0004409,lesion:HAM_0004409,val
ISIC_0027896,/kaggle/input/datasets/nodoubttome/skin-cancer9-classesisic/Skin cancer ISIC The International Skin Imaging Collaboration/Train/actinic keratosis/ISIC_0027896.jpg,AK,HAM_0003455,lesion:HAM_0003455,val
ISIC_0027903,/kaggle/input/datasets/nodoubttome/skin-cancer9-classesisic/Skin cancer ISIC The International Skin Imaging Collaboration/Train/vascular lesion/ISIC_0027903.jpg,VASC,HAM_0006156,lesion:HAM_0006156,val
ISIC_0027915,/kaggle/input/datasets/nodoubttome/skin-cancer9-classesisic/Skin cancer ISIC The International Skin Imaging Collaboration/Train/basal cell carcinoma/ISIC_0027915.jpg,BCC,HAM_0000719,lesion:HAM_0000719,val
ISIC_0027937,/kaggle/input/datasets/nodoubttome/skin-cancer9-classesisic/Skin cancer ISIC The International Skin Imaging Collaboration/Train/vascular lesion/ISIC_0027937.jpg,VASC,HAM_0006280,lesion:HAM_0006280,val
ISIC_0027958,/kaggle/input/datasets/nodoubttome/skin-cancer9-classesisic/Skin cancer ISIC The International Skin Imaging Collaboration/Train/actinic keratosis/ISIC_0027958.jpg,AK,HAM_0003455,lesion:HAM_0003455,val
ISIC_0027967,/kaggle/input/datasets/nodoubttome/skin-cancer9-classesisic/Skin cancer ISIC The International Skin Imaging Collaboration/Train/pigmented benign keratosis/ISIC_0027967.jpg,BKL,HAM_0002809,lesion:HAM_0002809,val
ISIC_0027973,/kaggle/input/datasets/nodoubttome/skin-cancer9-classesisic/Skin cancer ISIC The International Skin Imaging Collaboration/Train/pigmented benign keratosis/ISIC_0027973.jpg,BKL,HAM_0002358,lesion:HAM_0002358,val
ISIC_0028020,/kaggle/input/datasets/nodoubttome/skin-cancer9-classesisic/Skin cancer ISIC The International Skin Imaging Collaboration/Train/pigmented benign keratosis/ISIC_0028020.jpg,BKL,HAM_0003090,lesion:HAM_0003090,val
ISIC_0028059,/kaggle/input/datasets/nodoubttome/skin-cancer9-classesisic/Skin cancer ISIC The International Skin Imaging Collaboration/Train/basal cell carcinoma/ISIC_0028059.jpg,BCC,HAM_0004273,lesion:HAM_0004273,val
ISIC_0028085,/kaggle/input/datasets/nodoubttome/skin-cancer9-classesisic/Skin cancer ISIC The International Skin Imaging Collaboration/Train/basal cell carcinoma/ISIC_0028085.jpg,BCC,HAM_0000065,lesion:HAM_0000065,val
ISIC_0028121,/kaggle/input/datasets/nodoubttome/skin-cancer9-classesisic/Skin cancer ISIC The International Skin Imaging Collaboration/Train/pigmented benign keratosis/ISIC_0028121.jpg,BKL,HAM_0004389,lesion:HAM_0004389,val
ISIC_0028190,/kaggle/input/datasets/nodoubttome/skin-cancer9-classesisic/Skin cancer ISIC The International Skin Imaging Collaboration/Train/actinic keratosis/ISIC_0028190.jpg,AK,HAM_0002734,lesion:HAM_0002734,val
ISIC_0028236,/kaggle/input/datasets/nodoubttome/skin-cancer9-classesisic/Skin cancer ISIC The International Skin Imaging Collaboration/Train/pigmented benign keratosis/ISIC_0028236.jpg,BKL,HAM_0002731,lesion:HAM_0002731,val
ISIC_0028294,/kaggle/input/datasets/nodoubttome/skin-cancer9-classesisic/Skin cancer ISIC The International Skin Imaging Collaboration/Train/pigmented benign keratosis/ISIC_0028294.jpg,BKL,HAM_0002042,lesion:HAM_0002042,val
ISIC_0028329,/kaggle/input/datasets/nodoubttome/skin-cancer9-classesisic/Skin cancer ISIC The International Skin Imaging Collaboration/Train/basal cell carcinoma/ISIC_0028329.jpg,BCC,HAM_0004624,lesion:HAM_0004624,val
ISIC_0028336,/kaggle/input/datasets/nodoubttome/skin-cancer9-classesisic/Skin cancer ISIC The International Skin Imaging Collaboration/Train/pigmented benign keratosis/ISIC_0028336.jpg,BKL,HAM_0007260,lesion:HAM_0007260,val
ISIC_0028347,/kaggle/input/datasets/nodoubttome/skin-cancer9-classesisic/Skin cancer ISIC The International Skin Imaging Collaboration/Train/pigmented benign keratosis/ISIC_0028347.jpg,BKL,HAM_0001991,lesion:HAM_0001991,val
ISIC_0028350,/kaggle/input/datasets/nodoubttome/skin-cancer9-classesisic/Skin cancer ISIC The International Skin Imaging Collaboration/Train/basal cell carcinoma/ISIC_0028350.jpg,BCC,HAM_0003827,lesion:HAM_0003827,val
ISIC_0028370,/kaggle/input/datasets/nodoubttome/skin-cancer9-classesisic/Skin cancer ISIC The International Skin Imaging Collaboration/Train/actinic keratosis/ISIC_0028370.jpg,AK,HAM_0005668,lesion:HAM_0005668,val
ISIC_0028386,/kaggle/input/datasets/nodoubttome/skin-cancer9-classesisic/Skin cancer ISIC The International Skin Imaging Collaboration/Train/pigmented benign keratosis/ISIC_0028386.jpg,BKL,HAM_0005751,lesion:HAM_0005751,val
ISIC_0028406,/kaggle/input/datasets/nodoubttome/skin-cancer9-classesisic/Skin cancer ISIC The International Skin Imaging Collaboration/Train/vascular lesion/ISIC_0028406.jpg,VASC,HAM_0005215,lesion:HAM_0005215,val
ISIC_0028479,/kaggle/input/datasets/nodoubttome/skin-cancer9-classesisic/Skin cancer ISIC The International Skin Imaging Collaboration/Train/pigmented benign keratosis/ISIC_0028479.jpg,BKL,HAM_0002821,lesion:HAM_0002821,val
ISIC_0028490,/kaggle/input/datasets/nodoubttome/skin-cancer9-classesisic/Skin cancer ISIC The International Skin Imaging Collaboration/Train/pigmented benign keratosis/ISIC_0028490.jpg,BKL,HAM_0001642,lesion:HAM_0001642,val
ISIC_0028497,/kaggle/input/datasets/nodoubttome/skin-cancer9-classesisic/Skin cancer ISIC The International Skin Imaging Collaboration/Train/pigmented benign keratosis/ISIC_0028497.jpg,BKL,HAM_0006533,lesion:HAM_0006533,val
ISIC_0028542,/kaggle/input/datasets/nodoubttome/skin-cancer9-classesisic/Skin cancer ISIC The International Skin Imaging Collaboration/Train/basal cell carcinoma/ISIC_0028542.jpg,BCC,HAM_0001573,lesion:HAM_0001573,val
ISIC_0028558,/kaggle/input/datasets/nodoubttome/skin-cancer9-classesisic/Skin cancer ISIC The International Skin Imaging Collaboration/Train/actinic keratosis/ISIC_0028558.jpg,AK,HAM_0002646,lesion:HAM_0002646,val
ISIC_0028619,/kaggle/input/datasets/nodoubttome/skin-cancer9-classesisic/Skin cancer ISIC The International Skin Imaging Collaboration/Train/nevus/ISIC_0028619.jpg,AK,HAM_0001565,lesion:HAM_0001565,val
ISIC_0028628,/kaggle/input/datasets/nodoubttome/skin-cancer9-classesisic/Skin cancer ISIC The International Skin Imaging Collaboration/Train/pigmented benign keratosis/ISIC_0028628.jpg,BKL,HAM_0001359,lesion:HAM_0001359,val
ISIC_0028644,/kaggle/input/datasets/nodoubttome/skin-cancer9-classesisic/Skin cancer ISIC The International Skin Imaging Collaboration/Train/squamous cell carcinoma/ISIC_0028644.jpg,SCC,HAM_0001176,lesion:HAM_0001176,val
ISIC_0028650,/kaggle/input/datasets/nodoubttome/skin-cancer9-classesisic/Skin cancer ISIC The International Skin Imaging Collaboration/Train/pigmented benign keratosis/ISIC_0028650.jpg,BKL,HAM_0002358,lesion:HAM_0002358,val
ISIC_0028656,/kaggle/input/datasets/nodoubttome/skin-cancer9-classesisic/Skin cancer ISIC The International Skin Imaging Collaboration/Train/pigmented benign keratosis/ISIC_0028656.jpg,BKL,HAM_0002548,lesion:HAM_0002548,val
ISIC_0028662,/kaggle/input/datasets/nodoubttome/skin-cancer9-classesisic/Skin cancer ISIC The International Skin Imaging Collaboration/Train/pigmented benign keratosis/ISIC_0028662.jpg,BKL,HAM_0002042,lesion:HAM_0002042,val
ISIC_0028728,/kaggle/input/datasets/nodoubttome/skin-cancer9-classesisic/Skin cancer ISIC The International Skin Imaging Collaboration/Train/basal cell carcinoma/ISIC_0028728.jpg,BCC,HAM_0005026,lesion:HAM_0005026,val
ISIC_0028790,/kaggle/input/datasets/nodoubttome/skin-cancer9-classesisic/Skin cancer ISIC The International Skin Imaging Collaboration/Train/dermatofibroma/ISIC_0028790.jpg,DF,HAM_0005276,lesion:HAM_0005276,val
ISIC_0028807,/kaggle/input/datasets/nodoubttome/skin-cancer9-classesisic/Skin cancer ISIC The International Skin Imaging Collaboration/Train/basal cell carcinoma/ISIC_0028807.jpg,BCC,HAM_0003429,lesion:HAM_0003429,val
ISIC_0028872,/kaggle/input/datasets/nodoubttome/skin-cancer9-classesisic/Skin cancer ISIC The International Skin Imaging Collaboration/Train/squamous cell carcinoma/ISIC_0028872.jpg,SCC,HAM_0000552,lesion:HAM_0000552,val
ISIC_0028928,/kaggle/input/datasets/nodoubttome/skin-cancer9-classesisic/Skin cancer ISIC The International Skin Imaging Collaboration/Train/basal cell carcinoma/ISIC_0028928.jpg,BCC,HAM_0002998,lesion:HAM_0002998,val
ISIC_0028978,/kaggle/input/datasets/nodoubttome/skin-cancer9-classesisic/Skin cancer ISIC The International Skin Imaging Collaboration/Train/basal cell carcinoma/ISIC_0028978.jpg,BCC,HAM_0005026,lesion:HAM_0005026,val
ISIC_0028980,/kaggle/input/datasets/nodoubttome/skin-cancer9-classesisic/Skin cancer ISIC The International Skin Imaging Collaboration/Train/basal cell carcinoma/ISIC_0028980.jpg,BCC,HAM_0003741,lesion:HAM_0003741,val
ISIC_0028994,/kaggle/input/datasets/nodoubttome/skin-cancer9-classesisic/Skin cancer ISIC The International Skin Imaging Collaboration/Train/basal cell carcinoma/ISIC_0028994.jpg,BCC,HAM_0000687,lesion:HAM_0000687,val
ISIC_0029025,/kaggle/input/datasets/nodoubttome/skin-cancer9-classesisic/Skin cancer ISIC The International Skin Imaging Collaboration/Train/actinic keratosis/ISIC_0029025.jpg,AK,HAM_0004384,lesion:HAM_0004384,val
ISIC_0029039,/kaggle/input/datasets/nodoubttome/skin-cancer9-classesisic/Skin cancer ISIC The International Skin Imaging Collaboration/Train/dermatofibroma/ISIC_0029039.jpg,DF,HAM_0004317,lesion:HAM_0004317,val
ISIC_0029052,/kaggle/input/datasets/nodoubttome/skin-cancer9-classesisic/Skin cancer ISIC The International Skin Imaging Collaboration/Train/dermatofibroma/ISIC_0029052.jpg,DF,HAM_0002463,lesion:HAM_0002463,val
ISIC_0029059,/kaggle/input/datasets/nodoubttome/skin-cancer9-classesisic/Skin cancer ISIC The International Skin Imaging Collaboration/Train/squamous cell carcinoma/ISIC_0029059.jpg,SCC,HAM_0002771,lesion:HAM_0002771,val
ISIC_0029129,/kaggle/input/datasets/nodoubttome/skin-cancer9-classesisic/Skin cancer ISIC The International Skin Imaging Collaboration/Train/basal cell carcinoma/ISIC_0029129.jpg,BCC,HAM_0004285,lesion:HAM_0004285,val
ISIC_0029210,/kaggle/input/datasets/nodoubttome/skin-cancer9-classesisic/Skin cancer ISIC The International Skin Imaging Collaboration/Train/actinic keratosis/ISIC_0029210.jpg,AK,HAM_0004060,lesion:HAM_0004060,val
ISIC_0029220,/kaggle/input/datasets/nodoubttome/skin-cancer9-classesisic/Skin cancer ISIC The International Skin Imaging Collaboration/Train/basal cell carcinoma/ISIC_0029220.jpg,BCC,HAM_0002258,lesion:HAM_0002258,val
ISIC_0029263,/kaggle/input/datasets/nodoubttome/skin-cancer9-classesisic/Skin cancer ISIC The International Skin Imaging Collaboration/Train/basal cell carcinoma/ISIC_0029263.jpg,BCC,HAM_0002689,lesion:HAM_0002689,val
ISIC_0029323,/kaggle/input/datasets/nodoubttome/skin-cancer9-classesisic/Skin cancer ISIC The International Skin Imaging Collaboration/Train/basal cell carcinoma/ISIC_0029323.jpg,BCC,HAM_0000872,lesion:HAM_0000872,val
ISIC_0029341,/kaggle/input/datasets/nodoubttome/skin-cancer9-classesisic/Skin cancer ISIC The International Skin Imaging Collaboration/Train/basal cell carcinoma/ISIC_0029341.jpg,BCC,HAM_0002346,lesion:HAM_0002346,val
ISIC_0029448,/kaggle/input/datasets/nodoubttome/skin-cancer9-classesisic/Skin cancer ISIC The International Skin Imaging Collaboration/Train/vascular lesion/ISIC_0029448.jpg,VASC,HAM_0002218,lesion:HAM_0002218,val
ISIC_0029462,/kaggle/input/datasets/nodoubttome/skin-cancer9-classesisic/Skin cancer ISIC The International Skin Imaging Collaboration/Train/squamous cell carcinoma/ISIC_0029462.jpg,SCC,HAM_0007349,lesion:HAM_0007349,val
ISIC_0029533,/kaggle/input/datasets/nodoubttome/skin-cancer9-classesisic/Skin cancer ISIC The International Skin Imaging Collaboration/Train/squamous cell carcinoma/ISIC_0029533.jpg,SCC,HAM_0005389,lesion:HAM_0005389,val
ISIC_0029541,/kaggle/input/datasets/nodoubttome/skin-cancer9-classesisic/Skin cancer ISIC The International Skin Imaging Collaboration/Train/squamous cell carcinoma/ISIC_0029541.jpg,SCC,HAM_0004636,lesion:HAM_0004636,val
ISIC_0029546,/kaggle/input/datasets/nodoubttome/skin-cancer9-classesisic/Skin cancer ISIC The International Skin Imaging Collaboration/Train/basal cell carcinoma/ISIC_0029546.jpg,BCC,HAM_0005482,lesion:HAM_0005482,val
ISIC_0029573,/kaggle/input/datasets/nodoubttome/skin-cancer9-classesisic/Skin cancer ISIC The International Skin Imaging Collaboration/Train/squamous cell carcinoma/ISIC_0029573.jpg,SCC,HAM_0006879,lesion:HAM_0006879,val
ISIC_0029578,/kaggle/input/datasets/nodoubttome/skin-cancer9-classesisic/Skin cancer ISIC The International Skin Imaging Collaboration/Train/dermatofibroma/ISIC_0029578.jpg,DF,HAM_0002895,lesion:HAM_0002895,val
ISIC_0029669,/kaggle/input/datasets/nodoubttome/skin-cancer9-classesisic/Skin cancer ISIC The International Skin Imaging Collaboration/Train/basal cell carcinoma/ISIC_0029669.jpg,BCC,HAM_0001616,lesion:HAM_0001616,val
ISIC_0029781,/kaggle/input/datasets/nodoubttome/skin-cancer9-classesisic/Skin cancer ISIC The International Skin Imaging Collaboration/Train/actinic keratosis/ISIC_0029781.jpg,AK,HAM_0002646,lesion:HAM_0002646,val
ISIC_0029811,/kaggle/input/datasets/nodoubttome/skin-cancer9-classesisic/Skin cancer ISIC The International Skin Imaging Collaboration/Train/squamous cell carcinoma/ISIC_0029811.jpg,SCC,HAM_0003157,lesion:HAM_0003157,val
ISIC_0029830,/kaggle/input/datasets/nodoubttome/skin-cancer9-classesisic/Skin cancer ISIC The International Skin Imaging Collaboration/Train/actinic keratosis/ISIC_0029830.jpg,AK,HAM_0006024,lesion:HAM_0006024,val
ISIC_0029856,/kaggle/input/datasets/nodoubttome/skin-cancer9-classesisic/Skin cancer ISIC The International Skin Imaging Collaboration/Train/basal cell carcinoma/ISIC_0029856.jpg,BCC,HAM_0001457,lesion:HAM_0001457,val
ISIC_0029900,/kaggle/input/datasets/nodoubttome/skin-cancer9-classesisic/Skin cancer ISIC The International Skin Imaging Collaboration/Train/actinic keratosis/ISIC_0029900.jpg,AK,HAM_0005551,lesion:HAM_0005551,val
ISIC_0029962,/kaggle/input/datasets/nodoubttome/skin-cancer9-classesisic/Skin cancer ISIC The International Skin Imaging Collaboration/Train/dermatofibroma/ISIC_0029962.jpg,DF,HAM_0007410,lesion:HAM_0007410,val
ISIC_0030010,/kaggle/input/datasets/nodoubttome/skin-cancer9-classesisic/Skin cancer ISIC The International Skin Imaging Collaboration/Train/basal cell carcinoma/ISIC_0030010.jpg,BCC,HAM_0006548,lesion:HAM_0006548,val
ISIC_0030070,/kaggle/input/datasets/nodoubttome/skin-cancer9-classesisic/Skin cancer ISIC The International Skin Imaging Collaboration/Train/vascular lesion/ISIC_0030070.jpg,VASC,HAM_0007020,lesion:HAM_0007020,val
ISIC_0030094,/kaggle/input/datasets/nodoubttome/skin-cancer9-classesisic/Skin cancer ISIC The International Skin Imaging Collaboration/Train/basal cell carcinoma/ISIC_0030094.jpg,BCC,HAM_0003101,lesion:HAM_0003101,val
ISIC_0030114,/kaggle/input/datasets/nodoubttome/skin-cancer9-classesisic/Skin cancer ISIC The International Skin Imaging Collaboration/Train/basal cell carcinoma/ISIC_0030114.jpg,BCC,HAM_0005998,lesion:HAM_0005998,val
ISIC_0030261,/kaggle/input/datasets/nodoubttome/skin-cancer9-classesisic/Skin cancer ISIC The International Skin Imaging Collaboration/Train/basal cell carcinoma/ISIC_0030261.jpg,BCC,HAM_0004871,lesion:HAM_0004871,val
ISIC_0030271,/kaggle/input/datasets/nodoubttome/skin-cancer9-classesisic/Skin cancer ISIC The International Skin Imaging Collaboration/Train/basal cell carcinoma/ISIC_0030271.jpg,BCC,HAM_0005469,lesion:HAM_0005469,val
ISIC_0030314,/kaggle/input/datasets/nodoubttome/skin-cancer9-classesisic/Skin cancer ISIC The International Skin Imaging Collaboration/Train/basal cell carcinoma/ISIC_0030314.jpg,BCC,HAM_0004536,lesion:HAM_0004536,val
ISIC_0030344,/kaggle/input/datasets/nodoubttome/skin-cancer9-classesisic/Skin cancer ISIC The International Skin Imaging Collaboration/Train/actinic keratosis/ISIC_0030344.jpg,AK,HAM_0007199,lesion:HAM_0007199,val
ISIC_0030408,/kaggle/input/datasets/nodoubttome/skin-cancer9-classesisic/Skin cancer ISIC The International Skin Imaging Collaboration/Train/actinic keratosis/ISIC_0030408.jpg,AK,HAM_0002061,lesion:HAM_0002061,val
ISIC_0030528,/kaggle/input/datasets/nodoubttome/skin-cancer9-classesisic/Skin cancer ISIC The International Skin Imaging Collaboration/Train/basal cell carcinoma/ISIC_0030528.jpg,BCC,HAM_0000512,lesion:HAM_0000512,val
ISIC_0030644,/kaggle/input/datasets/nodoubttome/skin-cancer9-classesisic/Skin cancer ISIC The International Skin Imaging Collaboration/Train/basal cell carcinoma/ISIC_0030644.jpg,BCC,HAM_0003853,lesion:HAM_0003853,val
ISIC_0030665,/kaggle/input/datasets/nodoubttome/skin-cancer9-classesisic/Skin cancer ISIC The International Skin Imaging Collaboration/Train/dermatofibroma/ISIC_0030665.jpg,DF,HAM_0005359,lesion:HAM_0005359,val
ISIC_0030707,/kaggle/input/datasets/nodoubttome/skin-cancer9-classesisic/Skin cancer ISIC The International Skin Imaging Collaboration/Train/squamous cell carcinoma/ISIC_0030707.jpg,SCC,HAM_0001890,lesion:HAM_0001890,val
ISIC_0030714,/kaggle/input/datasets/nodoubttome/skin-cancer9-classesisic/Skin cancer ISIC The International Skin Imaging Collaboration/Train/squamous cell carcinoma/ISIC_0030714.jpg,SCC,HAM_0003989,lesion:HAM_0003989,val
ISIC_0030767,/kaggle/input/datasets/nodoubttome/skin-cancer9-classesisic/Skin cancer ISIC The International Skin Imaging Collaboration/Train/basal cell carcinoma/ISIC_0030767.jpg,BCC,HAM_0004685,lesion:HAM_0004685,val
ISIC_0030785,/kaggle/input/datasets/nodoubttome/skin-cancer9-classesisic/Skin cancer ISIC The International Skin Imaging Collaboration/Train/squamous cell carcinoma/ISIC_0030785.jpg,SCC,HAM_0004609,lesion:HAM_0004609,val
ISIC_0030794,/kaggle/input/datasets/nodoubttome/skin-cancer9-classesisic/Skin cancer ISIC The International Skin Imaging Collaboration/Train/squamous cell carcinoma/ISIC_0030794.jpg,SCC,HAM_0002185,lesion:HAM_0002185,val
ISIC_0030825,/kaggle/input/datasets/nodoubttome/skin-cancer9-classesisic/Skin cancer ISIC The International Skin Imaging Collaboration/Train/actinic keratosis/ISIC_0030825.jpg,AK,HAM_0004060,lesion:HAM_0004060,val
ISIC_0030826,/kaggle/input/datasets/nodoubttome/skin-cancer9-classesisic/Skin cancer ISIC The International Skin Imaging Collaboration/Train/actinic keratosis/ISIC_0030826.jpg,AK,HAM_0004384,lesion:HAM_0004384,val
ISIC_0030827,/kaggle/input/datasets/nodoubttome/skin-cancer9-classesisic/Skin cancer ISIC The International Skin Imaging Collaboration/Train/squamous cell carcinoma/ISIC_0030827.jpg,SCC,HAM_0001173,lesion:HAM_0001173,val
ISIC_0030870,/kaggle/input/datasets/nodoubttome/skin-cancer9-classesisic/Skin cancer ISIC The International Skin Imaging Collaboration/Train/dermatofibroma/ISIC_0030870.jpg,DF,HAM_0006707,lesion:HAM_0006707,val
ISIC_0031012,/kaggle/input/datasets/nodoubttome/skin-cancer9-classesisic/Skin cancer ISIC The International Skin Imaging Collaboration/Train/squamous cell carcinoma/ISIC_0031012.jpg,SCC,HAM_0005389,lesion:HAM_0005389,val
ISIC_0031044,/kaggle/input/datasets/nodoubttome/skin-cancer9-classesisic/Skin cancer ISIC The International Skin Imaging Collaboration/Train/squamous cell carcinoma/ISIC_0031044.jpg,SCC,HAM_0006135,lesion:HAM_0006135,val
ISIC_0031122,/kaggle/input/datasets/nodoubttome/skin-cancer9-classesisic/Skin cancer ISIC The International Skin Imaging Collaboration/Train/basal cell carcinoma/ISIC_0031122.jpg,BCC,HAM_0003389,lesion:HAM_0003389,val
ISIC_0031169,/kaggle/input/datasets/nodoubttome/skin-cancer9-classesisic/Skin cancer ISIC The International Skin Imaging Collaboration/Train/basal cell carcinoma/ISIC_0031169.jpg,BCC,HAM_0001616,lesion:HAM_0001616,val
ISIC_0031171,/kaggle/input/datasets/nodoubttome/skin-cancer9-classesisic/Skin cancer ISIC The International Skin Imaging Collaboration/Train/basal cell carcinoma/ISIC_0031171.jpg,BCC,HAM_0000872,lesion:HAM_0000872,val
ISIC_0031211,/kaggle/input/datasets/nodoubttome/skin-cancer9-classesisic/Skin cancer ISIC The International Skin Imaging Collaboration/Train/squamous cell carcinoma/ISIC_0031211.jpg,SCC,HAM_0004563,lesion:HAM_0004563,val
ISIC_0031217,/kaggle/input/datasets/nodoubttome/skin-cancer9-classesisic/Skin cancer ISIC The International Skin Imaging Collaboration/Train/vascular lesion/ISIC_0031217.jpg,VASC,HAM_0004765,lesion:HAM_0004765,val
ISIC_0031245,/kaggle/input/datasets/nodoubttome/skin-cancer9-classesisic/Skin cancer ISIC The International Skin Imaging Collaboration/Train/basal cell carcinoma/ISIC_0031245.jpg,BCC,HAM_0005901,lesion:HAM_0005901,val
ISIC_0031271,/kaggle/input/datasets/nodoubttome/skin-cancer9-classesisic/Skin cancer ISIC The International Skin Imaging Collaboration/Train/dermatofibroma/ISIC_0031271.jpg,DF,HAM_0004090,lesion:HAM_0004090,val
ISIC_0031286,/kaggle/input/datasets/nodoubttome/skin-cancer9-classesisic/Skin cancer ISIC The International Skin Imaging Collaboration/Train/squamous cell carcinoma/ISIC_0031286.jpg,SCC,HAM_0000909,lesion:HAM_0000909,val
ISIC_0031298,/kaggle/input/datasets/nodoubttome/skin-cancer9-classesisic/Skin cancer ISIC The International Skin Imaging Collaboration/Train/basal cell carcinoma/ISIC_0031298.jpg,BCC,HAM_0005334,lesion:HAM_0005334,val
ISIC_0031372,/kaggle/input/datasets/nodoubttome/skin-cancer9-classesisic/Skin cancer ISIC The International Skin Imaging Collaboration/Train/dermatofibroma/ISIC_0031372.jpg,DF,HAM_0007418,lesion:HAM_0007418,val
ISIC_0031378,/kaggle/input/datasets/nodoubttome/skin-cancer9-classesisic/Skin cancer ISIC The International Skin Imaging Collaboration/Train/basal cell carcinoma/ISIC_0031378.jpg,BCC,HAM_0002998,lesion:HAM_0002998,val
ISIC_0031457,/kaggle/input/datasets/nodoubttome/skin-cancer9-classesisic/Skin cancer ISIC The International Skin Imaging Collaboration/Train/dermatofibroma/ISIC_0031457.jpg,DF,HAM_0007410,lesion:HAM_0007410,val
ISIC_0031520,/kaggle/input/datasets/nodoubttome/skin-cancer9-classesisic/Skin cancer ISIC The International Skin Imaging Collaboration/Train/basal cell carcinoma/ISIC_0031520.jpg,BCC,HAM_0000872,lesion:HAM_0000872,val
ISIC_0031578,/kaggle/input/datasets/nodoubttome/skin-cancer9-classesisic/Skin cancer ISIC The International Skin Imaging Collaboration/Train/squamous cell carcinoma/ISIC_0031578.jpg,SCC,HAM_0003157,lesion:HAM_0003157,val
ISIC_0031609,/kaggle/input/datasets/nodoubttome/skin-cancer9-classesisic/Skin cancer ISIC The International Skin Imaging Collaboration/Train/actinic keratosis/ISIC_0031609.jpg,AK,HAM_0004363,lesion:HAM_0004363,val
ISIC_0031706,/kaggle/input/datasets/nodoubttome/skin-cancer9-classesisic/Skin cancer ISIC The International Skin Imaging Collaboration/Train/vascular lesion/ISIC_0031706.jpg,VASC,HAM_0000934,lesion:HAM_0000934,val
ISIC_0031719,/kaggle/input/datasets/nodoubttome/skin-cancer9-classesisic/Skin cancer ISIC The International Skin Imaging Collaboration/Train/vascular lesion/ISIC_0031719.jpg,VASC,HAM_0007020,lesion:HAM_0007020,val
ISIC_0031759,/kaggle/input/datasets/nodoubttome/skin-cancer9-classesisic/Skin cancer ISIC The International Skin Imaging Collaboration/Train/vascular lesion/ISIC_0031759.jpg,VASC,HAM_0003925,lesion:HAM_0003925,val
ISIC_0031827,/kaggle/input/datasets/nodoubttome/skin-cancer9-classesisic/Skin cancer ISIC The International Skin Imaging Collaboration/Train/dermatofibroma/ISIC_0031827.jpg,DF,HAM_0007526,lesion:HAM_0007526,val
ISIC_0031922,/kaggle/input/datasets/nodoubttome/skin-cancer9-classesisic/Skin cancer ISIC The International Skin Imaging Collaboration/Train/actinic keratosis/ISIC_0031922.jpg,AK,HAM_0000020,lesion:HAM_0000020,val
ISIC_0031927,/kaggle/input/datasets/nodoubttome/skin-cancer9-classesisic/Skin cancer ISIC The International Skin Imaging Collaboration/Train/squamous cell carcinoma/ISIC_0031927.jpg,SCC,HAM_0001277,lesion:HAM_0001277,val
ISIC_0032014,/kaggle/input/datasets/nodoubttome/skin-cancer9-classesisic/Skin cancer ISIC The International Skin Imaging Collaboration/Train/squamous cell carcinoma/ISIC_0032014.jpg,SCC,HAM_0007349,lesion:HAM_0007349,val
ISIC_0032154,/kaggle/input/datasets/nodoubttome/skin-cancer9-classesisic/Skin cancer ISIC The International Skin Imaging Collaboration/Train/squamous cell carcinoma/ISIC_0032154.jpg,SCC,HAM_0002307,lesion:HAM_0002307,val
ISIC_0032203,/kaggle/input/datasets/nodoubttome/skin-cancer9-classesisic/Skin cancer ISIC The International Skin Imaging Collaboration/Train/squamous cell carcinoma/ISIC_0032203.jpg,SCC,HAM_0005954,lesion:HAM_0005954,val
ISIC_0032277,/kaggle/input/datasets/nodoubttome/skin-cancer9-classesisic/Skin cancer ISIC The International Skin Imaging Collaboration/Train/squamous cell carcinoma/ISIC_0032277.jpg,SCC,HAM_0001624,lesion:HAM_0001624,val
ISIC_0032329,/kaggle/input/datasets/nodoubttome/skin-cancer9-classesisic/Skin cancer ISIC The International Skin Imaging Collaboration/Train/squamous cell carcinoma/ISIC_0032329.jpg,SCC,HAM_0005027,lesion:HAM_0005027,val
ISIC_0032422,/kaggle/input/datasets/nodoubttome/skin-cancer9-classesisic/Skin cancer ISIC The International Skin Imaging Collaboration/Train/actinic keratosis/ISIC_0032422.jpg,AK,HAM_0004384,lesion:HAM_0004384,val
ISIC_0032468,/kaggle/input/datasets/nodoubttome/skin-cancer9-classesisic/Skin cancer ISIC The International Skin Imaging Collaboration/Train/dermatofibroma/ISIC_0032468.jpg,DF,HAM_0005684,lesion:HAM_0005684,val
ISIC_0032545,/kaggle/input/datasets/nodoubttome/skin-cancer9-classesisic/Skin cancer ISIC The International Skin Imaging Collaboration/Train/vascular lesion/ISIC_0032545.jpg,VASC,HAM_0004776,lesion:HAM_0004776,val
ISIC_0032557,/kaggle/input/datasets/nodoubttome/skin-cancer9-classesisic/Skin cancer ISIC The International Skin Imaging Collaboration/Train/vascular lesion/ISIC_0032557.jpg,VASC,HAM_0000494,lesion:HAM_0000494,val
ISIC_0032745,/kaggle/input/datasets/nodoubttome/skin-cancer9-classesisic/Skin cancer ISIC The International Skin Imaging Collaboration/Train/vascular lesion/ISIC_0032745.jpg,VASC,HAM_0000494,lesion:HAM_0000494,val
ISIC_0032867,/kaggle/input/datasets/nodoubttome/skin-cancer9-classesisic/Skin cancer ISIC The International Skin Imaging Collaboration/Train/vascular lesion/ISIC_0032867.jpg,VASC,HAM_0004776,lesion:HAM_0004776,val
ISIC_0032947,/kaggle/input/datasets/nodoubttome/skin-cancer9-classesisic/Skin cancer ISIC The International Skin Imaging Collaboration/Train/squamous cell carcinoma/ISIC_0032947.jpg,SCC,HAM_0006442,lesion:HAM_0006442,val
ISIC_0033000,/kaggle/input/datasets/nodoubttome/skin-cancer9-classesisic/Skin cancer ISIC The International Skin Imaging Collaboration/Train/squamous cell carcinoma/ISIC_0033000.jpg,SCC,HAM_0006442,lesion:HAM_0006442,val
ISIC_0033092,/kaggle/input/datasets/nodoubttome/skin-cancer9-classesisic/Skin cancer ISIC The International Skin Imaging Collaboration/Train/vascular lesion/ISIC_0033092.jpg,VASC,HAM_0000494,lesion:HAM_0000494,val
ISIC_0033158,/kaggle/input/datasets/nodoubttome/skin-cancer9-classesisic/Skin cancer ISIC The International Skin Imaging Collaboration/Train/vascular lesion/ISIC_0033158.jpg,VASC,HAM_0004776,lesion:HAM_0004776,val
ISIC_0033254,/kaggle/input/datasets/nodoubttome/skin-cancer9-classesisic/Skin cancer ISIC The International Skin Imaging Collaboration/Train/vascular lesion/ISIC_0033254.jpg,VASC,HAM_0005878,lesion:HAM_0005878,val
ISIC_0033295,/kaggle/input/datasets/nodoubttome/skin-cancer9-classesisic/Skin cancer ISIC The International Skin Imaging Collaboration/Train/squamous cell carcinoma/ISIC_0033295.jpg,SCC,HAM_0006442,lesion:HAM_0006442,val
ISIC_0033450,/kaggle/input/datasets/nodoubttome/skin-cancer9-classesisic/Skin cancer ISIC The International Skin Imaging Collaboration/Train/vascular lesion/ISIC_0033450.jpg,VASC,HAM_0005878,lesion:HAM_0005878,val
ISIC_0033808,/kaggle/input/datasets/nodoubttome/skin-cancer9-classesisic/Skin cancer ISIC The International Skin Imaging Collaboration/Train/dermatofibroma/ISIC_0033808.jpg,DF,HAM_0003081,lesion:HAM_0003081,val
ISIC_0033817,/kaggle/input/datasets/nodoubttome/skin-cancer9-classesisic/Skin cancer ISIC The International Skin Imaging Collaboration/Train/vascular lesion/ISIC_0033817.jpg,VASC,HAM_0001249,lesion:HAM_0001249,val
ISIC_0033847,/kaggle/input/datasets/nodoubttome/skin-cancer9-classesisic/Skin cancer ISIC The International Skin Imaging Collaboration/Train/dermatofibroma/ISIC_0033847.jpg,DF,HAM_0003081,lesion:HAM_0003081,val
ISIC_0033860,/kaggle/input/datasets/nodoubttome/skin-cancer9-classesisic/Skin cancer ISIC The International Skin Imaging Collaboration/Train/dermatofibroma/ISIC_0033860.jpg,DF,HAM_0003081,lesion:HAM_0003081,val
ISIC_0000001,/kaggle/input/datasets/nodoubttome/skin-cancer9-classesisic/Skin cancer ISIC The International Skin Imaging Collaboration/Test/nevus/ISIC_0000001.jpg,NV,,image:ISIC_0000001,test
ISIC_0000002,/kaggle/input/datasets/nodoubttome/skin-cancer9-classesisic/Skin cancer ISIC The International Skin Imaging Collaboration/Test/melanoma/ISIC_0000002.jpg,MEL,,image:ISIC_0000002,test
ISIC_0000003,/kaggle/input/datasets/nodoubttome/skin-cancer9-classesisic/Skin cancer ISIC The International Skin Imaging Collaboration/Test/nevus/ISIC_0000003.jpg,NV,,image:ISIC_0000003,test
ISIC_0000012,/kaggle/input/datasets/nodoubttome/skin-cancer9-classesisic/Skin cancer ISIC The International Skin Imaging Collaboration/Test/nevus/ISIC_0000012.jpg,NV,,image:ISIC_0000012,test
ISIC_0000013,/kaggle/input/datasets/nodoubttome/skin-cancer9-classesisic/Skin cancer ISIC The International Skin Imaging Collaboration/Test/melanoma/ISIC_0000013.jpg,MEL,,image:ISIC_0000013,test
ISIC_0000066,/kaggle/input/datasets/nodoubttome/skin-cancer9-classesisic/Skin cancer ISIC The International Skin Imaging Collaboration/Train/nevus/ISIC_0000066.jpg,NV,,image:ISIC_0000066,test
ISIC_0000068,/kaggle/input/datasets/nodoubttome/skin-cancer9-classesisic/Skin cancer ISIC The International Skin Imaging Collaboration/Train/nevus/ISIC_0000068.jpg,NV,,image:ISIC_0000068,test
ISIC_0000163,/kaggle/input/datasets/nodoubttome/skin-cancer9-classesisic/Skin cancer ISIC The International Skin Imaging Collaboration/Train/melanoma/ISIC_0000163.jpg,MEL,,image:ISIC_0000163,test
ISIC_0000170,/kaggle/input/datasets/nodoubttome/skin-cancer9-classesisic/Skin cancer ISIC The International Skin Imaging Collaboration/Train/melanoma/ISIC_0000170.jpg,MEL,,image:ISIC_0000170,test
ISIC_0000173,/kaggle/input/datasets/nodoubttome/skin-cancer9-classesisic/Skin cancer ISIC The International Skin Imaging Collaboration/Train/melanoma/ISIC_0000173.jpg,MEL,,image:ISIC_0000173,test
ISIC_0000174,/kaggle/input/datasets/nodoubttome/skin-cancer9-classesisic/Skin cancer ISIC The International Skin Imaging Collaboration/Train/melanoma/ISIC_0000174.jpg,MEL,,image:ISIC_0000174,test
ISIC_0000222,/kaggle/input/datasets/nodoubttome/skin-cancer9-classesisic/Skin cancer ISIC The International Skin Imaging Collaboration/Train/nevus/ISIC_0000222.jpg,NV,,image:ISIC_0000222,test
ISIC_0000227,/kaggle/input/datasets/nodoubttome/skin-cancer9-classesisic/Skin cancer ISIC The International Skin Imaging Collaboration/Train/nevus/ISIC_0000227.jpg,NV,,image:ISIC_0000227,test
ISIC_0000236,/kaggle/input/datasets/nodoubttome/skin-cancer9-classesisic/Skin cancer ISIC The International Skin Imaging Collaboration/Train/nevus/ISIC_0000236.jpg,NV,,image:ISIC_0000236,test
ISIC_0000243,/kaggle/input/datasets/nodoubttome/skin-cancer9-classesisic/Skin cancer ISIC The International Skin Imaging Collaboration/Train/nevus/ISIC_0000243.jpg,NV,,image:ISIC_0000243,test
ISIC_0000244,/kaggle/input/datasets/nodoubttome/skin-cancer9-classesisic/Skin cancer ISIC The International Skin Imaging Collaboration/Train/nevus/ISIC_0000244.jpg,NV,,image:ISIC_0000244,test
ISIC_0000262,/kaggle/input/datasets/nodoubttome/skin-cancer9-classesisic/Skin cancer ISIC The International Skin Imaging Collaboration/Train/nevus/ISIC_0000262.jpg,NV,,image:ISIC_0000262,test
ISIC_0000271,/kaggle/input/datasets/nodoubttome/skin-cancer9-classesisic/Skin cancer ISIC The International Skin Imaging Collaboration/Train/nevus/ISIC_0000271.jpg,NV,,image:ISIC_0000271,test
ISIC_0000278,/kaggle/input/datasets/nodoubttome/skin-cancer9-classesisic/Skin cancer ISIC The International Skin Imaging Collaboration/Train/melanoma/ISIC_0000278.jpg,MEL,,image:ISIC_0000278,test
ISIC_0000298,/kaggle/input/datasets/nodoubttome/skin-cancer9-classesisic/Skin cancer ISIC The International Skin Imaging Collaboration/Train/melanoma/ISIC_0000298.jpg,MEL,,image:ISIC_0000298,test
ISIC_0000302,/kaggle/input/datasets/nodoubttome/skin-cancer9-classesisic/Skin cancer ISIC The International Skin Imaging Collaboration/Train/melanoma/ISIC_0000302.jpg,MEL,,image:ISIC_0000302,test
ISIC_0000310,/kaggle/input/datasets/nodoubttome/skin-cancer9-classesisic/Skin cancer ISIC The International Skin Imaging Collaboration/Train/melanoma/ISIC_0000310.jpg,MEL,,image:ISIC_0000310,test
ISIC_0000316,/kaggle/input/datasets/nodoubttome/skin-cancer9-classesisic/Skin cancer ISIC The International Skin Imaging Collaboration/Train/nevus/ISIC_0000316.jpg,NV,,image:ISIC_0000316,test
ISIC_0000327,/kaggle/input/datasets/nodoubttome/skin-cancer9-classesisic/Skin cancer ISIC The International Skin Imaging Collaboration/Train/nevus/ISIC_0000327.jpg,NV,,image:ISIC_0000327,test
ISIC_0000331,/kaggle/input/datasets/nodoubttome/skin-cancer9-classesisic/Skin cancer ISIC The International Skin Imaging Collaboration/Train/nevus/ISIC_0000331.jpg,NV,,image:ISIC_0000331,test
ISIC_0000333,/kaggle/input/datasets/nodoubttome/skin-cancer9-classesisic/Skin cancer ISIC The International Skin Imaging Collaboration/Train/nevus/ISIC_0000333.jpg,NV,,image:ISIC_0000333,test
ISIC_0000341,/kaggle/input/datasets/nodoubttome/skin-cancer9-classesisic/Skin cancer ISIC The International Skin Imaging Collaboration/Train/nevus/ISIC_0000341.jpg,NV,,image:ISIC_0000341,test
ISIC_0000343,/kaggle/input/datasets/nodoubttome/skin-cancer9-classesisic/Skin cancer ISIC The International Skin Imaging Collaboration/Train/nevus/ISIC_0000343.jpg,NV,,image:ISIC_0000343,test
ISIC_0000346,/kaggle/input/datasets/nodoubttome/skin-cancer9-classesisic/Skin cancer ISIC The International Skin Imaging Collaboration/Train/nevus/ISIC_0000346.jpg,NV,,image:ISIC_0000346,test
ISIC_0000348,/kaggle/input/datasets/nodoubttome/skin-cancer9-classesisic/Skin cancer ISIC The International Skin Imaging Collaboration/Train/nevus/ISIC_0000348.jpg,NV,,image:ISIC_0000348,test
ISIC_0000353,/kaggle/input/datasets/nodoubttome/skin-cancer9-classesisic/Skin cancer ISIC The International Skin Imaging Collaboration/Train/nevus/ISIC_0000353.jpg,NV,,image:ISIC_0000353,test
ISIC_0000364,/kaggle/input/datasets/nodoubttome/skin-cancer9-classesisic/Skin cancer ISIC The International Skin Imaging Collaboration/Train/nevus/ISIC_0000364.jpg,NV,,image:ISIC_0000364,test
ISIC_0000369,/kaggle/input/datasets/nodoubttome/skin-cancer9-classesisic/Skin cancer ISIC The International Skin Imaging Collaboration/Train/nevus/ISIC_0000369.jpg,NV,,image:ISIC_0000369,test
ISIC_0000374,/kaggle/input/datasets/nodoubttome/skin-cancer9-classesisic/Skin cancer ISIC The International Skin Imaging Collaboration/Train/nevus/ISIC_0000374.jpg,NV,,image:ISIC_0000374,test
ISIC_0000468,/kaggle/input/datasets/nodoubttome/skin-cancer9-classesisic/Skin cancer ISIC The International Skin Imaging Collaboration/Train/nevus/ISIC_0000468.jpg,NV,,image:ISIC_0000468,test
ISIC_0000478,/kaggle/input/datasets/nodoubttome/skin-cancer9-classesisic/Skin cancer ISIC The International Skin Imaging Collaboration/Train/nevus/ISIC_0000478.jpg,NV,,image:ISIC_0000478,test
ISIC_0000487,/kaggle/input/datasets/nodoubttome/skin-cancer9-classesisic/Skin cancer ISIC The International Skin Imaging Collaboration/Train/melanoma/ISIC_0000487.jpg,MEL,,image:ISIC_0000487,test
ISIC_0000489,/kaggle/input/datasets/nodoubttome/skin-cancer9-classesisic/Skin cancer ISIC The International Skin Imaging Collaboration/Train/nevus/ISIC_0000489.jpg,NV,,image:ISIC_0000489,test
ISIC_0000492,/kaggle/input/datasets/nodoubttome/skin-cancer9-classesisic/Skin cancer ISIC The International Skin Imaging Collaboration/Train/nevus/ISIC_0000492.jpg,NV,,image:ISIC_0000492,test
ISIC_0000495,/kaggle/input/datasets/nodoubttome/skin-cancer9-classesisic/Skin cancer ISIC The International Skin Imaging Collaboration/Train/nevus/ISIC_0000495.jpg,NV,,image:ISIC_0000495,test
ISIC_0000503,/kaggle/input/datasets/nodoubttome/skin-cancer9-classesisic/Skin cancer ISIC The International Skin Imaging Collaboration/Train/nevus/ISIC_0000503.jpg,NV,,image:ISIC_0000503,test
ISIC_0000506,/kaggle/input/datasets/nodoubttome/skin-cancer9-classesisic/Skin cancer ISIC The International Skin Imaging Collaboration/Train/nevus/ISIC_0000506.jpg,NV,,image:ISIC_0000506,test
ISIC_0000515,/kaggle/input/datasets/nodoubttome/skin-cancer9-classesisic/Skin cancer ISIC The International Skin Imaging Collaboration/Train/nevus/ISIC_0000515.jpg,NV,,image:ISIC_0000515,test
ISIC_0000524,/kaggle/input/datasets/nodoubttome/skin-cancer9-classesisic/Skin cancer ISIC The International Skin Imaging Collaboration/Train/nevus/ISIC_0000524.jpg,NV,,image:ISIC_0000524,test
ISIC_0000531,/kaggle/input/datasets/nodoubttome/skin-cancer9-classesisic/Skin cancer ISIC The International Skin Imaging Collaboration/Train/melanoma/ISIC_0000531.jpg,MEL,,image:ISIC_0000531,test
ISIC_0000538,/kaggle/input/datasets/nodoubttome/skin-cancer9-classesisic/Skin cancer ISIC The International Skin Imaging Collaboration/Train/nevus/ISIC_0000538.jpg,NV,,image:ISIC_0000538,test
ISIC_0000541,/kaggle/input/datasets/nodoubttome/skin-cancer9-classesisic/Skin cancer ISIC The International Skin Imaging Collaboration/Train/nevus/ISIC_0000541.jpg,NV,,image:ISIC_0000541,test
ISIC_0000546,/kaggle/input/datasets/nodoubttome/skin-cancer9-classesisic/Skin cancer ISIC The International Skin Imaging Collaboration/Train/nevus/ISIC_0000546.jpg,NV,,image:ISIC_0000546,test
ISIC_0000556,/kaggle/input/datasets/nodoubttome/skin-cancer9-classesisic/Skin cancer ISIC The International Skin Imaging Collaboration/Train/nevus/ISIC_0000556.jpg,NV,,image:ISIC_0000556,test
ISIC_0009918,/kaggle/input/datasets/nodoubttome/skin-cancer9-classesisic/Skin cancer ISIC The International Skin Imaging Collaboration/Train/melanoma/ISIC_0009918.jpg,MEL,,image:ISIC_0009918,test
ISIC_0009960,/kaggle/input/datasets/nodoubttome/skin-cancer9-classesisic/Skin cancer ISIC The International Skin Imaging Collaboration/Train/melanoma/ISIC_0009960.jpg,MEL,,image:ISIC_0009960,test
ISIC_0010000,/kaggle/input/datasets/nodoubttome/skin-cancer9-classesisic/Skin cancer ISIC The International Skin Imaging Collaboration/Train/melanoma/ISIC_0010000.jpg,MEL,,image:ISIC_0010000,test
ISIC_0010016,/kaggle/input/datasets/nodoubttome/skin-cancer9-classesisic/Skin cancer ISIC The International Skin Imaging Collaboration/Train/melanoma/ISIC_0010016.jpg,MEL,,image:ISIC_0010016,test
ISIC_0010036,/kaggle/input/datasets/nodoubttome/skin-cancer9-classesisic/Skin cancer ISIC The International Skin Imaging Collaboration/Train/melanoma/ISIC_0010036.jpg,MEL,,image:ISIC_0010036,test
ISIC_0010080,/kaggle/input/datasets/nodoubttome/skin-cancer9-classesisic/Skin cancer ISIC The International Skin Imaging Collaboration/Train/melanoma/ISIC_0010080.jpg,MEL,,image:ISIC_0010080,test
ISIC_0010094,/kaggle/input/datasets/nodoubttome/skin-cancer9-classesisic/Skin cancer ISIC The International Skin Imaging Collaboration/Train/melanoma/ISIC_0010094.jpg,MEL,,image:ISIC_0010094,test
ISIC_0010175,/kaggle/input/datasets/nodoubttome/skin-cancer9-classesisic/Skin cancer ISIC The International Skin Imaging Collaboration/Train/melanoma/ISIC_0010175.jpg,MEL,,image:ISIC_0010175,test
ISIC_0010207,/kaggle/input/datasets/nodoubttome/skin-cancer9-classesisic/Skin cancer ISIC The International Skin Imaging Collaboration/Train/melanoma/ISIC_0010207.jpg,MEL,,image:ISIC_0010207,test
ISIC_0010349,/kaggle/input/datasets/nodoubttome/skin-cancer9-classesisic/Skin cancer ISIC The International Skin Imaging Collaboration/Train/melanoma/ISIC_0010349.jpg,MEL,,image:ISIC_0010349,test
ISIC_0010360,/kaggle/input/datasets/nodoubttome/skin-cancer9-classesisic/Skin cancer ISIC The International Skin Imaging Collaboration/Train/melanoma/ISIC_0010360.jpg,MEL,,image:ISIC_0010360,test
ISIC_0010468,/kaggle/input/datasets/nodoubttome/skin-cancer9-classesisic/Skin cancer ISIC The International Skin Imaging Collaboration/Train/melanoma/ISIC_0010468.jpg,MEL,,image:ISIC_0010468,test
ISIC_0010576,/kaggle/input/datasets/nodoubttome/skin-cancer9-classesisic/Skin cancer ISIC The International Skin Imaging Collaboration/Train/melanoma/ISIC_0010576.jpg,MEL,,image:ISIC_0010576,test
ISIC_0010596,/kaggle/input/datasets/nodoubttome/skin-cancer9-classesisic/Skin cancer ISIC The International Skin Imaging Collaboration/Train/melanoma/ISIC_0010596.jpg,MEL,,image:ISIC_0010596,test
ISIC_0010852,/kaggle/input/datasets/nodoubttome/skin-cancer9-classesisic/Skin cancer ISIC The International Skin Imaging Collaboration/Train/melanoma/ISIC_0010852.jpg,MEL,,image:ISIC_0010852,test
ISIC_0011118,/kaggle/input/datasets/nodoubttome/skin-cancer9-classesisic/Skin cancer ISIC The International Skin Imaging Collaboration/Train/seborrheic keratosis/ISIC_0011118.jpg,MEL,,image:ISIC_0011118,test
ISIC_0011137,/kaggle/input/datasets/nodoubttome/skin-cancer9-classesisic/Skin cancer ISIC The International Skin Imaging Collaboration/Train/melanoma/ISIC_0011137.jpg,MEL,,image:ISIC_0011137,test
ISIC_0011151,/kaggle/input/datasets/nodoubttome/skin-cancer9-classesisic/Skin cancer ISIC The International Skin Imaging Collaboration/Train/melanoma/ISIC_0011151.jpg,MEL,,image:ISIC_0011151,test
ISIC_0024318,/kaggle/input/datasets/nodoubttome/skin-cancer9-classesisic/Skin cancer ISIC The International Skin Imaging Collaboration/Test/dermatofibroma/ISIC_0024318.jpg,DF,HAM_0002450,lesion:HAM_0002450,test
ISIC_0024324,/kaggle/input/datasets/nodoubttome/skin-cancer9-classesisic/Skin cancer ISIC The International Skin Imaging Collaboration/Test/pigmented benign keratosis/ISIC_0024324.jpg,BKL,HAM_0000351,lesion:HAM_0000351,test
ISIC_0024336,/kaggle/input/datasets/nodoubttome/skin-cancer9-classesisic/Skin cancer ISIC The International Skin Imaging Collaboration/Test/pigmented benign keratosis/ISIC_0024336.jpg,BKL,HAM_0006732,lesion:HAM_0006732,test
ISIC_0024371,/kaggle/input/datasets/nodoubttome/skin-cancer9-classesisic/Skin cancer ISIC The International Skin Imaging Collaboration/Test/pigmented benign keratosis/ISIC_0024371.jpg,BKL,HAM_0000806,lesion:HAM_0000806,test
ISIC_0024396,/kaggle/input/datasets/nodoubttome/skin-cancer9-classesisic/Skin cancer ISIC The International Skin Imaging Collaboration/Test/dermatofibroma/ISIC_0024396.jpg,DF,HAM_0002450,lesion:HAM_0002450,test
ISIC_0024402,/kaggle/input/datasets/nodoubttome/skin-cancer9-classesisic/Skin cancer ISIC The International Skin Imaging Collaboration/Test/vascular lesion/ISIC_0024402.jpg,VASC,HAM_0004542,lesion:HAM_0004542,test
ISIC_0024412,/kaggle/input/datasets/nodoubttome/skin-cancer9-classesisic/Skin cancer ISIC The International Skin Imaging Collaboration/Test/pigmented benign keratosis/ISIC_0024412.jpg,BKL,HAM_0003835,lesion:HAM_0003835,test
ISIC_0024422,/kaggle/input/datasets/nodoubttome/skin-cancer9-classesisic/Skin cancer ISIC The International Skin Imaging Collaboration/Test/pigmented benign keratosis/ISIC_0024422.jpg,BKL,HAM_0001605,lesion:HAM_0001605,test
ISIC_0024426,/kaggle/input/datasets/nodoubttome/skin-cancer9-classesisic/Skin cancer ISIC The International Skin Imaging Collaboration/Test/pigmented benign keratosis/ISIC_0024426.jpg,BKL,HAM_0001597,lesion:HAM_0001597,test
ISIC_0024431,/kaggle/input/datasets/nodoubttome/skin-cancer9-classesisic/Skin cancer ISIC The International Skin Imaging Collaboration/Test/basal cell carcinoma/ISIC_0024431.jpg,BCC,HAM_0002134,lesion:HAM_0002134,test
ISIC_0024453,/kaggle/input/datasets/nodoubttome/skin-cancer9-classesisic/Skin cancer ISIC The International Skin Imaging Collaboration/Train/pigmented benign keratosis/ISIC_0024453.jpg,BKL,HAM_0005514,lesion:HAM_0005514,test
ISIC_0024457,/kaggle/input/datasets/nodoubttome/skin-cancer9-classesisic/Skin cancer ISIC The International Skin Imaging Collaboration/Test/basal cell carcinoma/ISIC_0024457.jpg,BCC,HAM_0006843,lesion:HAM_0006843,test
ISIC_0024489,/kaggle/input/datasets/nodoubttome/skin-cancer9-classesisic/Skin cancer ISIC The International Skin Imaging Collaboration/Train/pigmented benign keratosis/ISIC_0024489.jpg,BKL,HAM_0000710,lesion:HAM_0000710,test
ISIC_0024511,/kaggle/input/datasets/nodoubttome/skin-cancer9-classesisic/Skin cancer ISIC The International Skin Imaging Collaboration/Test/actinic keratosis/ISIC_0024511.jpg,AK,HAM_0001505,lesion:HAM_0001505,test
ISIC_0024550,/kaggle/input/datasets/nodoubttome/skin-cancer9-classesisic/Skin cancer ISIC The International Skin Imaging Collaboration/Train/basal cell carcinoma/ISIC_0024550.jpg,BCC,HAM_0005721,lesion:HAM_0005721,test
ISIC_0024562,/kaggle/input/datasets/nodoubttome/skin-cancer9-classesisic/Skin cancer ISIC The International Skin Imaging Collaboration/Test/squamous cell carcinoma/ISIC_0024562.jpg,SCC,HAM_0002745,lesion:HAM_0002745,test
ISIC_0024590,/kaggle/input/datasets/nodoubttome/skin-cancer9-classesisic/Skin cancer ISIC The International Skin Imaging Collaboration/Train/basal cell carcinoma/ISIC_0024590.jpg,BCC,HAM_0004511,lesion:HAM_0004511,test
ISIC_0024612,/kaggle/input/datasets/nodoubttome/skin-cancer9-classesisic/Skin cancer ISIC The International Skin Imaging Collaboration/Train/pigmented benign keratosis/ISIC_0024612.jpg,BKL,HAM_0000383,lesion:HAM_0000383,test
ISIC_0024626,/kaggle/input/datasets/nodoubttome/skin-cancer9-classesisic/Skin cancer ISIC The International Skin Imaging Collaboration/Train/pigmented benign keratosis/ISIC_0024626.jpg,BKL,HAM_0007621,lesion:HAM_0007621,test
ISIC_0024696,/kaggle/input/datasets/nodoubttome/skin-cancer9-classesisic/Skin cancer ISIC The International Skin Imaging Collaboration/Train/pigmented benign keratosis/ISIC_0024696.jpg,BKL,HAM_0001082,lesion:HAM_0001082,test
ISIC_0024707,/kaggle/input/datasets/nodoubttome/skin-cancer9-classesisic/Skin cancer ISIC The International Skin Imaging Collaboration/Test/actinic keratosis/ISIC_0024707.jpg,AK,HAM_0005448,lesion:HAM_0005448,test
ISIC_0024747,/kaggle/input/datasets/nodoubttome/skin-cancer9-classesisic/Skin cancer ISIC The International Skin Imaging Collaboration/Train/vascular lesion/ISIC_0024747.jpg,VASC,HAM_0001566,lesion:HAM_0001566,test
ISIC_0024758,/kaggle/input/datasets/nodoubttome/skin-cancer9-classesisic/Skin cancer ISIC The International Skin Imaging Collaboration/Train/pigmented benign keratosis/ISIC_0024758.jpg,BKL,HAM_0005968,lesion:HAM_0005968,test
ISIC_0024763,/kaggle/input/datasets/nodoubttome/skin-cancer9-classesisic/Skin cancer ISIC The International Skin Imaging Collaboration/Test/actinic keratosis/ISIC_0024763.jpg,AK,HAM_0006524,lesion:HAM_0006524,test
ISIC_0024774,/kaggle/input/datasets/nodoubttome/skin-cancer9-classesisic/Skin cancer ISIC The International Skin Imaging Collaboration/Train/pigmented benign keratosis/ISIC_0024774.jpg,BKL,HAM_0002903,lesion:HAM_0002903,test
ISIC_0024814,/kaggle/input/datasets/nodoubttome/skin-cancer9-classesisic/Skin cancer ISIC The International Skin Imaging Collaboration/Train/pigmented benign keratosis/ISIC_0024814.jpg,BKL,HAM_0005896,lesion:HAM_0005896,test
ISIC_0024843,/kaggle/input/datasets/nodoubttome/skin-cancer9-classesisic/Skin cancer ISIC The International Skin Imaging Collaboration/Train/squamous cell carcinoma/ISIC_0024843.jpg,SCC,HAM_0004376,lesion:HAM_0004376,test
ISIC_0024845,/kaggle/input/datasets/nodoubttome/skin-cancer9-classesisic/Skin cancer ISIC The International Skin Imaging Collaboration/Test/dermatofibroma/ISIC_0024845.jpg,DF,HAM_0003487,lesion:HAM_0003487,test
ISIC_0024909,/kaggle/input/datasets/nodoubttome/skin-cancer9-classesisic/Skin cancer ISIC The International Skin Imaging Collaboration/Train/pigmented benign keratosis/ISIC_0024909.jpg,BKL,HAM_0002757,lesion:HAM_0002757,test
ISIC_0024931,/kaggle/input/datasets/nodoubttome/skin-cancer9-classesisic/Skin cancer ISIC The International Skin Imaging Collaboration/Train/basal cell carcinoma/ISIC_0024931.jpg,BCC,HAM_0005488,lesion:HAM_0005488,test
ISIC_0024943,/kaggle/input/datasets/nodoubttome/skin-cancer9-classesisic/Skin cancer ISIC The International Skin Imaging Collaboration/Train/pigmented benign keratosis/ISIC_0024943.jpg,BKL,HAM_0006988,lesion:HAM_0006988,test
ISIC_0024982,/kaggle/input/datasets/nodoubttome/skin-cancer9-classesisic/Skin cancer ISIC The International Skin Imaging Collaboration/Train/pigmented benign keratosis/ISIC_0024982.jpg,BKL,HAM_0005199,lesion:HAM_0005199,test
ISIC_0024994,/kaggle/input/datasets/nodoubttome/skin-cancer9-classesisic/Skin cancer ISIC The International Skin Imaging Collaboration/Test/dermatofibroma/ISIC_0024994.jpg,DF,HAM_0002960,lesion:HAM_0002960,test
ISIC_0025068,/kaggle/input/datasets/nodoubttome/skin-cancer9-classesisic/Skin cancer ISIC The International Skin Imaging Collaboration/Train/pigmented benign keratosis/ISIC_0025068.jpg,BKL,HAM_0000542,lesion:HAM_0000542,test
ISIC_0025083,/kaggle/input/datasets/nodoubttome/skin-cancer9-classesisic/Skin cancer ISIC The International Skin Imaging Collaboration/Train/pigmented benign keratosis/ISIC_0025083.jpg,BKL,HAM_0003015,lesion:HAM_0003015,test
ISIC_0025178,/kaggle/input/datasets/nodoubttome/skin-cancer9-classesisic/Skin cancer ISIC The International Skin Imaging Collaboration/Train/squamous cell carcinoma/ISIC_0025178.jpg,SCC,HAM_0005282,lesion:HAM_0005282,test
ISIC_0025180,/kaggle/input/datasets/nodoubttome/skin-cancer9-classesisic/Skin cancer ISIC The International Skin Imaging Collaboration/Train/pigmented benign keratosis/ISIC_0025180.jpg,BKL,HAM_0003265,lesion:HAM_0003265,test
ISIC_0025244,/kaggle/input/datasets/nodoubttome/skin-cancer9-classesisic/Skin cancer ISIC The International Skin Imaging Collaboration/Train/vascular lesion/ISIC_0025244.jpg,VASC,HAM_0000845,lesion:HAM_0000845,test
ISIC_0025249,/kaggle/input/datasets/nodoubttome/skin-cancer9-classesisic/Skin cancer ISIC The International Skin Imaging Collaboration/Train/vascular lesion/ISIC_0025249.jpg,VASC,HAM_0002639,lesion:HAM_0002639,test
ISIC_0025260,/kaggle/input/datasets/nodoubttome/skin-cancer9-classesisic/Skin cancer ISIC The International Skin Imaging Collaboration/Train/basal cell carcinoma/ISIC_0025260.jpg,BCC,HAM_0001215,lesion:HAM_0001215,test
ISIC_0025276,/kaggle/input/datasets/nodoubttome/skin-cancer9-classesisic/Skin cancer ISIC The International Skin Imaging Collaboration/Train/pigmented benign keratosis/ISIC_0025276.jpg,BKL,HAM_0001396,lesion:HAM_0001396,test
ISIC_0025321,/kaggle/input/datasets/nodoubttome/skin-cancer9-classesisic/Skin cancer ISIC The International Skin Imaging Collaboration/Train/vascular lesion/ISIC_0025321.jpg,VASC,HAM_0005155,lesion:HAM_0005155,test
ISIC_0025331,/kaggle/input/datasets/nodoubttome/skin-cancer9-classesisic/Skin cancer ISIC The International Skin Imaging Collaboration/Train/squamous cell carcinoma/ISIC_0025331.jpg,SCC,HAM_0001258,lesion:HAM_0001258,test
ISIC_0025366,/kaggle/input/datasets/nodoubttome/skin-cancer9-classesisic/Skin cancer ISIC The International Skin Imaging Collaboration/Train/pigmented benign keratosis/ISIC_0025366.jpg,BKL,HAM_0002276,lesion:HAM_0002276,test
ISIC_0025383,/kaggle/input/datasets/nodoubttome/skin-cancer9-classesisic/Skin cancer ISIC The International Skin Imaging Collaboration/Train/basal cell carcinoma/ISIC_0025383.jpg,BCC,HAM_0001907,lesion:HAM_0001907,test
ISIC_0025389,/kaggle/input/datasets/nodoubttome/skin-cancer9-classesisic/Skin cancer ISIC The International Skin Imaging Collaboration/Train/pigmented benign keratosis/ISIC_0025389.jpg,BKL,HAM_0004921,lesion:HAM_0004921,test
ISIC_0025419,/kaggle/input/datasets/nodoubttome/skin-cancer9-classesisic/Skin cancer ISIC The International Skin Imaging Collaboration/Train/pigmented benign keratosis/ISIC_0025419.jpg,BKL,HAM_0007010,lesion:HAM_0007010,test
ISIC_0025467,/kaggle/input/datasets/nodoubttome/skin-cancer9-classesisic/Skin cancer ISIC The International Skin Imaging Collaboration/Train/basal cell carcinoma/ISIC_0025467.jpg,BCC,HAM_0006047,lesion:HAM_0006047,test
ISIC_0025470,/kaggle/input/datasets/nodoubttome/skin-cancer9-classesisic/Skin cancer ISIC The International Skin Imaging Collaboration/Train/pigmented benign keratosis/ISIC_0025470.jpg,BKL,HAM_0005632,lesion:HAM_0005632,test
ISIC_0025484,/kaggle/input/datasets/nodoubttome/skin-cancer9-classesisic/Skin cancer ISIC The International Skin Imaging Collaboration/Train/pigmented benign keratosis/ISIC_0025484.jpg,BKL,HAM_0000215,lesion:HAM_0000215,test
ISIC_0025485,/kaggle/input/datasets/nodoubttome/skin-cancer9-classesisic/Skin cancer ISIC The International Skin Imaging Collaboration/Train/pigmented benign keratosis/ISIC_0025485.jpg,BKL,HAM_0005260,lesion:HAM_0005260,test
ISIC_0025507,/kaggle/input/datasets/nodoubttome/skin-cancer9-classesisic/Skin cancer ISIC The International Skin Imaging Collaboration/Train/pigmented benign keratosis/ISIC_0025507.jpg,BKL,HAM_0006190,lesion:HAM_0006190,test
ISIC_0025513,/kaggle/input/datasets/nodoubttome/skin-cancer9-classesisic/Skin cancer ISIC The International Skin Imaging Collaboration/Train/basal cell carcinoma/ISIC_0025513.jpg,BCC,HAM_0001907,lesion:HAM_0001907,test
ISIC_0025519,/kaggle/input/datasets/nodoubttome/skin-cancer9-classesisic/Skin cancer ISIC The International Skin Imaging Collaboration/Train/pigmented benign keratosis/ISIC_0025519.jpg,BKL,HAM_0006211,lesion:HAM_0006211,test
ISIC_0025539,/kaggle/input/datasets/nodoubttome/skin-cancer9-classesisic/Skin cancer ISIC The International Skin Imaging Collaboration/Train/squamous cell carcinoma/ISIC_0025539.jpg,SCC,HAM_0000967,lesion:HAM_0000967,test
ISIC_0025583,/kaggle/input/datasets/nodoubttome/skin-cancer9-classesisic/Skin cancer ISIC The International Skin Imaging Collaboration/Train/pigmented benign keratosis/ISIC_0025583.jpg,BKL,HAM_0004131,lesion:HAM_0004131,test
ISIC_0025596,/kaggle/input/datasets/nodoubttome/skin-cancer9-classesisic/Skin cancer ISIC The International Skin Imaging Collaboration/Train/vascular lesion/ISIC_0025596.jpg,VASC,HAM_0005938,lesion:HAM_0005938,test
ISIC_0025601,/kaggle/input/datasets/nodoubttome/skin-cancer9-classesisic/Skin cancer ISIC The International Skin Imaging Collaboration/Train/basal cell carcinoma/ISIC_0025601.jpg,BCC,HAM_0001528,lesion:HAM_0001528,test
ISIC_0025659,/kaggle/input/datasets/nodoubttome/skin-cancer9-classesisic/Skin cancer ISIC The International Skin Imaging Collaboration/Train/pigmented benign keratosis/ISIC_0025659.jpg,BKL,HAM_0004988,lesion:HAM_0004988,test
ISIC_0025693,/kaggle/input/datasets/nodoubttome/skin-cancer9-classesisic/Skin cancer ISIC The International Skin Imaging Collaboration/Train/pigmented benign keratosis/ISIC_0025693.jpg,BKL,HAM_0002879,lesion:HAM_0002879,test
ISIC_0025700,/kaggle/input/datasets/nodoubttome/skin-cancer9-classesisic/Skin cancer ISIC The International Skin Imaging Collaboration/Train/basal cell carcinoma/ISIC_0025700.jpg,BCC,HAM_0005058,lesion:HAM_0005058,test
ISIC_0025712,/kaggle/input/datasets/nodoubttome/skin-cancer9-classesisic/Skin cancer ISIC The International Skin Imaging Collaboration/Train/squamous cell carcinoma/ISIC_0025712.jpg,SCC,HAM_0005117,lesion:HAM_0005117,test
ISIC_0025758,/kaggle/input/datasets/nodoubttome/skin-cancer9-classesisic/Skin cancer ISIC The International Skin Imaging Collaboration/Train/pigmented benign keratosis/ISIC_0025758.jpg,BKL,HAM_0005443,lesion:HAM_0005443,test
ISIC_0025799,/kaggle/input/datasets/nodoubttome/skin-cancer9-classesisic/Skin cancer ISIC The International Skin Imaging Collaboration/Train/pigmented benign keratosis/ISIC_0025799.jpg,BKL,HAM_0004531,lesion:HAM_0004531,test
ISIC_0025805,/kaggle/input/datasets/nodoubttome/skin-cancer9-classesisic/Skin cancer ISIC The International Skin Imaging Collaboration/Train/pigmented benign keratosis/ISIC_0025805.jpg,BKL,HAM_0004691,lesion:HAM_0004691,test
ISIC_0025811,/kaggle/input/datasets/nodoubttome/skin-cancer9-classesisic/Skin cancer ISIC The International Skin Imaging Collaboration/Train/squamous cell carcinoma/ISIC_0025811.jpg,SCC,HAM_0005255,lesion:HAM_0005255,test
ISIC_0025818,/kaggle/input/datasets/nodoubttome/skin-cancer9-classesisic/Skin cancer ISIC The International Skin Imaging Collaboration/Train/basal cell carcinoma/ISIC_0025818.jpg,BCC,HAM_0004621,lesion:HAM_0004621,test
ISIC_0025825,/kaggle/input/datasets/nodoubttome/skin-cancer9-classesisic/Skin cancer ISIC The International Skin Imaging Collaboration/Train/actinic keratosis/ISIC_0025825.jpg,AK,HAM_0002232,lesion:HAM_0002232,test
ISIC_0025830,/kaggle/input/datasets/nodoubttome/skin-cancer9-classesisic/Skin cancer ISIC The International Skin Imaging Collaboration/Train/pigmented benign keratosis/ISIC_0025830.jpg,BKL,HAM_0007232,lesion:HAM_0007232,test
ISIC_0025842,/kaggle/input/datasets/nodoubttome/skin-cancer9-classesisic/Skin cancer ISIC The International Skin Imaging Collaboration/Train/pigmented benign keratosis/ISIC_0025842.jpg,BKL,HAM_0004274,lesion:HAM_0004274,test
ISIC_0025873,/kaggle/input/datasets/nodoubttome/skin-cancer9-classesisic/Skin cancer ISIC The International Skin Imaging Collaboration/Train/vascular lesion/ISIC_0025873.jpg,VASC,HAM_0006501,lesion:HAM_0006501,test
ISIC_0025874,/kaggle/input/datasets/nodoubttome/skin-cancer9-classesisic/Skin cancer ISIC The International Skin Imaging Collaboration/Train/pigmented benign keratosis/ISIC_0025874.jpg,BKL,HAM_0003689,lesion:HAM_0003689,test
ISIC_0025928,/kaggle/input/datasets/nodoubttome/skin-cancer9-classesisic/Skin cancer ISIC The International Skin Imaging Collaboration/Train/pigmented benign keratosis/ISIC_0025928.jpg,BKL,HAM_0005606,lesion:HAM_0005606,test
ISIC_0025953,/kaggle/input/datasets/nodoubttome/skin-cancer9-classesisic/Skin cancer ISIC The International Skin Imaging Collaboration/Train/actinic keratosis/ISIC_0025953.jpg,AK,HAM_0002461,lesion:HAM_0002461,test
ISIC_0025980,/kaggle/input/datasets/nodoubttome/skin-cancer9-classesisic/Skin cancer ISIC The International Skin Imaging Collaboration/Train/dermatofibroma/ISIC_0025980.jpg,DF,HAM_0005529,lesion:HAM_0005529,test
ISIC_0026068,/kaggle/input/datasets/nodoubttome/skin-cancer9-classesisic/Skin cancer ISIC The International Skin Imaging Collaboration/Train/vascular lesion/ISIC_0026068.jpg,VASC,HAM_0004413,lesion:HAM_0004413,test
ISIC_0026091,/kaggle/input/datasets/nodoubttome/skin-cancer9-classesisic/Skin cancer ISIC The International Skin Imaging Collaboration/Train/basal cell carcinoma/ISIC_0026091.jpg,BCC,HAM_0006572,lesion:HAM_0006572,test
ISIC_0026100,/kaggle/input/datasets/nodoubttome/skin-cancer9-classesisic/Skin cancer ISIC The International Skin Imaging Collaboration/Train/squamous cell carcinoma/ISIC_0026100.jpg,SCC,HAM_0000954,lesion:HAM_0000954,test
ISIC_0026104,/kaggle/input/datasets/nodoubttome/skin-cancer9-classesisic/Skin cancer ISIC The International Skin Imaging Collaboration/Train/pigmented benign keratosis/ISIC_0026104.jpg,BKL,HAM_0004569,lesion:HAM_0004569,test
ISIC_0026107,/kaggle/input/datasets/nodoubttome/skin-cancer9-classesisic/Skin cancer ISIC The International Skin Imaging Collaboration/Train/pigmented benign keratosis/ISIC_0026107.jpg,BKL,HAM_0003265,lesion:HAM_0003265,test
ISIC_0026174,/kaggle/input/datasets/nodoubttome/skin-cancer9-classesisic/Skin cancer ISIC The International Skin Imaging Collaboration/Train/pigmented benign keratosis/ISIC_0026174.jpg,BKL,HAM_0006009,lesion:HAM_0006009,test
ISIC_0026194,/kaggle/input/datasets/nodoubttome/skin-cancer9-classesisic/Skin cancer ISIC The International Skin Imaging Collaboration/Train/actinic keratosis/ISIC_0026194.jpg,AK,HAM_0003910,lesion:HAM_0003910,test
ISIC_0026213,/kaggle/input/datasets/nodoubttome/skin-cancer9-classesisic/Skin cancer ISIC The International Skin Imaging Collaboration/Train/basal cell carcinoma/ISIC_0026213.jpg,BCC,HAM_0000953,lesion:HAM_0000953,test
ISIC_0026245,/kaggle/input/datasets/nodoubttome/skin-cancer9-classesisic/Skin cancer ISIC The International Skin Imaging Collaboration/Train/pigmented benign keratosis/ISIC_0026245.jpg,BKL,HAM_0001938,lesion:HAM_0001938,test
ISIC_0026262,/kaggle/input/datasets/nodoubttome/skin-cancer9-classesisic/Skin cancer ISIC The International Skin Imaging Collaboration/Train/pigmented benign keratosis/ISIC_0026262.jpg,BKL,HAM_0000974,lesion:HAM_0000974,test
ISIC_0026265,/kaggle/input/datasets/nodoubttome/skin-cancer9-classesisic/Skin cancer ISIC The International Skin Imaging Collaboration/Train/pigmented benign keratosis/ISIC_0026265.jpg,BKL,HAM_0001597,lesion:HAM_0001597,test
ISIC_0026273,/kaggle/input/datasets/nodoubttome/skin-cancer9-classesisic/Skin cancer ISIC The International Skin Imaging Collaboration/Train/pigmented benign keratosis/ISIC_0026273.jpg,BKL,HAM_0000164,lesion:HAM_0000164,test
ISIC_0026276,/kaggle/input/datasets/nodoubttome/skin-cancer9-classesisic/Skin cancer ISIC The International Skin Imaging Collaboration/Train/pigmented benign keratosis/ISIC_0026276.jpg,BKL,HAM_0000710,lesion:HAM_0000710,test
ISIC_0026280,/kaggle/input/datasets/nodoubttome/skin-cancer9-classesisic/Skin cancer ISIC The International Skin Imaging Collaboration/Train/pigmented benign keratosis/ISIC_0026280.jpg,BKL,HAM_0006346,lesion:HAM_0006346,test
ISIC_0026291,/kaggle/input/datasets/nodoubttome/skin-cancer9-classesisic/Skin cancer ISIC The International Skin Imaging Collaboration/Train/pigmented benign keratosis/ISIC_0026291.jpg,BKL,HAM_0000685,lesion:HAM_0000685,test
ISIC_0026321,/kaggle/input/datasets/nodoubttome/skin-cancer9-classesisic/Skin cancer ISIC The International Skin Imaging Collaboration/Train/basal cell carcinoma/ISIC_0026321.jpg,BCC,HAM_0006047,lesion:HAM_0006047,test
ISIC_0026324,/kaggle/input/datasets/nodoubttome/skin-cancer9-classesisic/Skin cancer ISIC The International Skin Imaging Collaboration/Train/basal cell carcinoma/ISIC_0026324.jpg,BCC,HAM_0005058,lesion:HAM_0005058,test
ISIC_0026327,/kaggle/input/datasets/nodoubttome/skin-cancer9-classesisic/Skin cancer ISIC The International Skin Imaging Collaboration/Train/squamous cell carcinoma/ISIC_0026327.jpg,SCC,HAM_0002012,lesion:HAM_0002012,test
ISIC_0026417,/kaggle/input/datasets/nodoubttome/skin-cancer9-classesisic/Skin cancer ISIC The International Skin Imaging Collaboration/Train/dermatofibroma/ISIC_0026417.jpg,DF,HAM_0005663,lesion:HAM_0005663,test
ISIC_0026442,/kaggle/input/datasets/nodoubttome/skin-cancer9-classesisic/Skin cancer ISIC The International Skin Imaging Collaboration/Train/basal cell carcinoma/ISIC_0026442.jpg,BCC,HAM_0000953,lesion:HAM_0000953,test
ISIC_0026457,/kaggle/input/datasets/nodoubttome/skin-cancer9-classesisic/Skin cancer ISIC The International Skin Imaging Collaboration/Train/actinic keratosis/ISIC_0026457.jpg,AK,HAM_0007303,lesion:HAM_0007303,test
ISIC_0026511,/kaggle/input/datasets/nodoubttome/skin-cancer9-classesisic/Skin cancer ISIC The International Skin Imaging Collaboration/Train/pigmented benign keratosis/ISIC_0026511.jpg,BKL,HAM_0002242,lesion:HAM_0002242,test
ISIC_0026523,/kaggle/input/datasets/nodoubttome/skin-cancer9-classesisic/Skin cancer ISIC The International Skin Imaging Collaboration/Train/pigmented benign keratosis/ISIC_0026523.jpg,BKL,HAM_0004338,lesion:HAM_0004338,test
ISIC_0026575,/kaggle/input/datasets/nodoubttome/skin-cancer9-classesisic/Skin cancer ISIC The International Skin Imaging Collaboration/Train/actinic keratosis/ISIC_0026575.jpg,AK,HAM_0006875,lesion:HAM_0006875,test
ISIC_0026623,/kaggle/input/datasets/nodoubttome/skin-cancer9-classesisic/Skin cancer ISIC The International Skin Imaging Collaboration/Train/pigmented benign keratosis/ISIC_0026623.jpg,BKL,HAM_0003800,lesion:HAM_0003800,test
ISIC_0026644,/kaggle/input/datasets/nodoubttome/skin-cancer9-classesisic/Skin cancer ISIC The International Skin Imaging Collaboration/Train/pigmented benign keratosis/ISIC_0026644.jpg,BKL,HAM_0004259,lesion:HAM_0004259,test
ISIC_0026645,/kaggle/input/datasets/nodoubttome/skin-cancer9-classesisic/Skin cancer ISIC The International Skin Imaging Collaboration/Train/squamous cell carcinoma/ISIC_0026645.jpg,SCC,HAM_0003136,lesion:HAM_0003136,test
ISIC_0026650,/kaggle/input/datasets/nodoubttome/skin-cancer9-classesisic/Skin cancer ISIC The International Skin Imaging Collaboration/Train/actinic keratosis/ISIC_0026650.jpg,AK,HAM_0000545,lesion:HAM_0000545,test
ISIC_0026656,/kaggle/input/datasets/nodoubttome/skin-cancer9-classesisic/Skin cancer ISIC The International Skin Imaging Collaboration/Train/basal cell carcinoma/ISIC_0026656.jpg,BCC,HAM_0002134,lesion:HAM_0002134,test
ISIC_0026693,/kaggle/input/datasets/nodoubttome/skin-cancer9-classesisic/Skin cancer ISIC The International Skin Imaging Collaboration/Train/vascular lesion/ISIC_0026693.jpg,VASC,HAM_0003839,lesion:HAM_0003839,test
ISIC_0026704,/kaggle/input/datasets/nodoubttome/skin-cancer9-classesisic/Skin cancer ISIC The International Skin Imaging Collaboration/Train/pigmented benign keratosis/ISIC_0026704.jpg,BKL,HAM_0004338,lesion:HAM_0004338,test
ISIC_0026783,/kaggle/input/datasets/nodoubttome/skin-cancer9-classesisic/Skin cancer ISIC The International Skin Imaging Collaboration/Train/pigmented benign keratosis/ISIC_0026783.jpg,BKL,HAM_0000089,lesion:HAM_0000089,test
ISIC_0026790,/kaggle/input/datasets/nodoubttome/skin-cancer9-classesisic/Skin cancer ISIC The International Skin Imaging Collaboration/Train/pigmented benign keratosis/ISIC_0026790.jpg,BKL,HAM_0005779,lesion:HAM_0005779,test
ISIC_0026871,/kaggle/input/datasets/nodoubttome/skin-cancer9-classesisic/Skin cancer ISIC The International Skin Imaging Collaboration/Train/pigmented benign keratosis/ISIC_0026871.jpg,BKL,HAM_0001240,lesion:HAM_0001240,test
ISIC_0026876,/kaggle/input/datasets/nodoubttome/skin-cancer9-classesisic/Skin cancer ISIC The International Skin Imaging Collaboration/Train/vascular lesion/ISIC_0026876.jpg,VASC,HAM_0002610,lesion:HAM_0002610,test
ISIC_0026923,/kaggle/input/datasets/nodoubttome/skin-cancer9-classesisic/Skin cancer ISIC The International Skin Imaging Collaboration/Train/pigmented benign keratosis/ISIC_0026923.jpg,BKL,HAM_0000198,lesion:HAM_0000198,test
ISIC_0026967,/kaggle/input/datasets/nodoubttome/skin-cancer9-classesisic/Skin cancer ISIC The International Skin Imaging Collaboration/Train/pigmented benign keratosis/ISIC_0026967.jpg,BKL,HAM_0007027,lesion:HAM_0007027,test
ISIC_0026978,/kaggle/input/datasets/nodoubttome/skin-cancer9-classesisic/Skin cancer ISIC The International Skin Imaging Collaboration/Train/basal cell carcinoma/ISIC_0026978.jpg,BCC,HAM_0004042,lesion:HAM_0004042,test
ISIC_0026984,/kaggle/input/datasets/nodoubttome/skin-cancer9-classesisic/Skin cancer ISIC The International Skin Imaging Collaboration/Train/actinic keratosis/ISIC_0026984.jpg,AK,HAM_0001903,lesion:HAM_0001903,test
ISIC_0026988,/kaggle/input/datasets/nodoubttome/skin-cancer9-classesisic/Skin cancer ISIC The International Skin Imaging Collaboration/Train/basal cell carcinoma/ISIC_0026988.jpg,BCC,HAM_0004937,lesion:HAM_0004937,test
ISIC_0027046,/kaggle/input/datasets/nodoubttome/skin-cancer9-classesisic/Skin cancer ISIC The International Skin Imaging Collaboration/Train/basal cell carcinoma/ISIC_0027046.jpg,BCC,HAM_0005371,lesion:HAM_0005371,test
ISIC_0027083,/kaggle/input/datasets/nodoubttome/skin-cancer9-classesisic/Skin cancer ISIC The International Skin Imaging Collaboration/Train/pigmented benign keratosis/ISIC_0027083.jpg,BKL,HAM_0007381,lesion:HAM_0007381,test
ISIC_0027117,/kaggle/input/datasets/nodoubttome/skin-cancer9-classesisic/Skin cancer ISIC The International Skin Imaging Collaboration/Train/basal cell carcinoma/ISIC_0027117.jpg,BCC,HAM_0006351,lesion:HAM_0006351,test
ISIC_0027120,/kaggle/input/datasets/nodoubttome/skin-cancer9-classesisic/Skin cancer ISIC The International Skin Imaging Collaboration/Train/basal cell carcinoma/ISIC_0027120.jpg,BCC,HAM_0003444,lesion:HAM_0003444,test
ISIC_0027141,/kaggle/input/datasets/nodoubttome/skin-cancer9-classesisic/Skin cancer ISIC The International Skin Imaging Collaboration/Train/dermatofibroma/ISIC_0027141.jpg,DF,HAM_0000024,lesion:HAM_0000024,test
ISIC_0027159,/kaggle/input/datasets/nodoubttome/skin-cancer9-classesisic/Skin cancer ISIC The International Skin Imaging Collaboration/Train/vascular lesion/ISIC_0027159.jpg,VASC,HAM_0004877,lesion:HAM_0004877,test
ISIC_0027189,/kaggle/input/datasets/nodoubttome/skin-cancer9-classesisic/Skin cancer ISIC The International Skin Imaging Collaboration/Train/basal cell carcinoma/ISIC_0027189.jpg,BCC,HAM_0006708,lesion:HAM_0006708,test
ISIC_0027254,/kaggle/input/datasets/nodoubttome/skin-cancer9-classesisic/Skin cancer ISIC The International Skin Imaging Collaboration/Train/actinic keratosis/ISIC_0027254.jpg,AK,HAM_0003949,lesion:HAM_0003949,test
ISIC_0027256,/kaggle/input/datasets/nodoubttome/skin-cancer9-classesisic/Skin cancer ISIC The International Skin Imaging Collaboration/Train/vascular lesion/ISIC_0027256.jpg,VASC,HAM_0004542,lesion:HAM_0004542,test
ISIC_0027279,/kaggle/input/datasets/nodoubttome/skin-cancer9-classesisic/Skin cancer ISIC The International Skin Imaging Collaboration/Train/pigmented benign keratosis/ISIC_0027279.jpg,BKL,HAM_0006009,lesion:HAM_0006009,test
ISIC_0027294,/kaggle/input/datasets/nodoubttome/skin-cancer9-classesisic/Skin cancer ISIC The International Skin Imaging Collaboration/Train/squamous cell carcinoma/ISIC_0027294.jpg,SCC,HAM_0001520,lesion:HAM_0001520,test
ISIC_0027297,/kaggle/input/datasets/nodoubttome/skin-cancer9-classesisic/Skin cancer ISIC The International Skin Imaging Collaboration/Train/basal cell carcinoma/ISIC_0027297.jpg,BCC,HAM_0003186,lesion:HAM_0003186,test
ISIC_0027334,/kaggle/input/datasets/nodoubttome/skin-cancer9-classesisic/Skin cancer ISIC The International Skin Imaging Collaboration/Train/actinic keratosis/ISIC_0027334.jpg,AK,HAM_0004462,lesion:HAM_0004462,test
ISIC_0027355,/kaggle/input/datasets/nodoubttome/skin-cancer9-classesisic/Skin cancer ISIC The International Skin Imaging Collaboration/Train/pigmented benign keratosis/ISIC_0027355.jpg,BKL,HAM_0005968,lesion:HAM_0005968,test
ISIC_0027367,/kaggle/input/datasets/nodoubttome/skin-cancer9-classesisic/Skin cancer ISIC The International Skin Imaging Collaboration/Train/pigmented benign keratosis/ISIC_0027367.jpg,BKL,HAM_0005022,lesion:HAM_0005022,test
ISIC_0027388,/kaggle/input/datasets/nodoubttome/skin-cancer9-classesisic/Skin cancer ISIC The International Skin Imaging Collaboration/Train/pigmented benign keratosis/ISIC_0027388.jpg,BKL,HAM_0002192,lesion:HAM_0002192,test
ISIC_0027435,/kaggle/input/datasets/nodoubttome/skin-cancer9-classesisic/Skin cancer ISIC The International Skin Imaging Collaboration/Train/pigmented benign keratosis/ISIC_0027435.jpg,BKL,HAM_0007500,lesion:HAM_0007500,test
ISIC_0027452,/kaggle/input/datasets/nodoubttome/skin-cancer9-classesisic/Skin cancer ISIC The International Skin Imaging Collaboration/Train/actinic keratosis/ISIC_0027452.jpg,AK,HAM_0004033,lesion:HAM_0004033,test
ISIC_0027478,/kaggle/input/datasets/nodoubttome/skin-cancer9-classesisic/Skin cancer ISIC The International Skin Imaging Collaboration/Train/basal cell carcinoma/ISIC_0027478.jpg,BCC,HAM_0003593,lesion:HAM_0003593,test
ISIC_0027525,/kaggle/input/datasets/nodoubttome/skin-cancer9-classesisic/Skin cancer ISIC The International Skin Imaging Collaboration/Train/basal cell carcinoma/ISIC_0027525.jpg,BCC,HAM_0005721,lesion:HAM_0005721,test
ISIC_0027544,/kaggle/input/datasets/nodoubttome/skin-cancer9-classesisic/Skin cancer ISIC The International Skin Imaging Collaboration/Train/basal cell carcinoma/ISIC_0027544.jpg,BCC,HAM_0000998,lesion:HAM_0000998,test
ISIC_0027595,/kaggle/input/datasets/nodoubttome/skin-cancer9-classesisic/Skin cancer ISIC The International Skin Imaging Collaboration/Train/basal cell carcinoma/ISIC_0027595.jpg,BCC,HAM_0006624,lesion:HAM_0006624,test
ISIC_0027612,/kaggle/input/datasets/nodoubttome/skin-cancer9-classesisic/Skin cancer ISIC The International Skin Imaging Collaboration/Train/pigmented benign keratosis/ISIC_0027612.jpg,BKL,HAM_0001990,lesion:HAM_0001990,test
ISIC_0027675,/kaggle/input/datasets/nodoubttome/skin-cancer9-classesisic/Skin cancer ISIC The International Skin Imaging Collaboration/Train/basal cell carcinoma/ISIC_0027675.jpg,BCC,HAM_0004621,lesion:HAM_0004621,test
ISIC_0027735,/kaggle/input/datasets/nodoubttome/skin-cancer9-classesisic/Skin cancer ISIC The International Skin Imaging Collaboration/Train/pigmented benign keratosis/ISIC_0027735.jpg,BKL,HAM_0005896,lesion:HAM_0005896,test
ISIC_0027737,/kaggle/input/datasets/nodoubttome/skin-cancer9-classesisic/Skin cancer ISIC The International Skin Imaging Collaboration/Train/pigmented benign keratosis/ISIC_0027737.jpg,BKL,HAM_0002903,lesion:HAM_0002903,test
ISIC_0027767,/kaggle/input/datasets/nodoubttome/skin-cancer9-classesisic/Skin cancer ISIC The International Skin Imaging Collaboration/Train/squamous cell carcinoma/ISIC_0027767.jpg,SCC,HAM_0003934,lesion:HAM_0003934,test
ISIC_0027788,/kaggle/input/datasets/nodoubttome/skin-cancer9-classesisic/Skin cancer ISIC The International Skin Imaging Collaboration/Train/basal cell carcinoma/ISIC_0027788.jpg,BCC,HAM_0002812,lesion:HAM_0002812,test
ISIC_0027796,/kaggle/input/datasets/nodoubttome/skin-cancer9-classesisic/Skin cancer ISIC The International Skin Imaging Collaboration/Train/pigmented benign keratosis/ISIC_0027796.jpg,BKL,HAM_0000745,lesion:HAM_0000745,test
ISIC_0027801,/kaggle/input/datasets/nodoubttome/skin-cancer9-classesisic/Skin cancer ISIC The International Skin Imaging Collaboration/Train/pigmented benign keratosis/ISIC_0027801.jpg,BKL,HAM_0003840,lesion:HAM_0003840,test
ISIC_0027811,/kaggle/input/datasets/nodoubttome/skin-cancer9-classesisic/Skin cancer ISIC The International Skin Imaging Collaboration/Train/pigmented benign keratosis/ISIC_0027811.jpg,BKL,HAM_0006346,lesion:HAM_0006346,test
ISIC_0027820,/kaggle/input/datasets/nodoubttome/skin-cancer9-classesisic/Skin cancer ISIC The International Skin Imaging Collaboration/Train/pigmented benign keratosis/ISIC_0027820.jpg,BKL,HAM_0001310,lesion:HAM_0001310,test
ISIC_0027825,/kaggle/input/datasets/nodoubttome/skin-cancer9-classesisic/Skin cancer ISIC The International Skin Imaging Collaboration/Train/basal cell carcinoma/ISIC_0027825.jpg,BCC,HAM_0005268,lesion:HAM_0005268,test
ISIC_0027846,/kaggle/input/datasets/nodoubttome/skin-cancer9-classesisic/Skin cancer ISIC The International Skin Imaging Collaboration/Train/basal cell carcinoma/ISIC_0027846.jpg,BCC,HAM_0001183,lesion:HAM_0001183,test
ISIC_0027856,/kaggle/input/datasets/nodoubttome/skin-cancer9-classesisic/Skin cancer ISIC The International Skin Imaging Collaboration/Train/vascular lesion/ISIC_0027856.jpg,VASC,HAM_0007118,lesion:HAM_0007118,test
ISIC_0027858,/kaggle/input/datasets/nodoubttome/skin-cancer9-classesisic/Skin cancer ISIC The International Skin Imaging Collaboration/Train/basal cell carcinoma/ISIC_0027858.jpg,BCC,HAM_0003094,lesion:HAM_0003094,test
ISIC_0027875,/kaggle/input/datasets/nodoubttome/skin-cancer9-classesisic/Skin cancer ISIC The International Skin Imaging Collaboration/Train/pigmented benign keratosis/ISIC_0027875.jpg,BKL,HAM_0001429,lesion:HAM_0001429,test
ISIC_0027905,/kaggle/input/datasets/nodoubttome/skin-cancer9-classesisic/Skin cancer ISIC The International Skin Imaging Collaboration/Train/pigmented benign keratosis/ISIC_0027905.jpg,BKL,HAM_0006770,lesion:HAM_0006770,test
ISIC_0027950,/kaggle/input/datasets/nodoubttome/skin-cancer9-classesisic/Skin cancer ISIC The International Skin Imaging Collaboration/Train/actinic keratosis/ISIC_0027950.jpg,AK,HAM_0000193,lesion:HAM_0000193,test
ISIC_0027954,/kaggle/input/datasets/nodoubttome/skin-cancer9-classesisic/Skin cancer ISIC The International Skin Imaging Collaboration/Train/pigmented benign keratosis/ISIC_0027954.jpg,BKL,HAM_0002034,lesion:HAM_0002034,test
ISIC_0027969,/kaggle/input/datasets/nodoubttome/skin-cancer9-classesisic/Skin cancer ISIC The International Skin Imaging Collaboration/Train/pigmented benign keratosis/ISIC_0027969.jpg,BKL,HAM_0006170,lesion:HAM_0006170,test
ISIC_0027983,/kaggle/input/datasets/nodoubttome/skin-cancer9-classesisic/Skin cancer ISIC The International Skin Imaging Collaboration/Train/vascular lesion/ISIC_0027983.jpg,VASC,HAM_0003839,lesion:HAM_0003839,test
ISIC_0027991,/kaggle/input/datasets/nodoubttome/skin-cancer9-classesisic/Skin cancer ISIC The International Skin Imaging Collaboration/Train/pigmented benign keratosis/ISIC_0027991.jpg,BKL,HAM_0002722,lesion:HAM_0002722,test
ISIC_0028050,/kaggle/input/datasets/nodoubttome/skin-cancer9-classesisic/Skin cancer ISIC The International Skin Imaging Collaboration/Train/basal cell carcinoma/ISIC_0028050.jpg,BCC,HAM_0003191,lesion:HAM_0003191,test
ISIC_0028094,/kaggle/input/datasets/nodoubttome/skin-cancer9-classesisic/Skin cancer ISIC The International Skin Imaging Collaboration/Train/pigmented benign keratosis/ISIC_0028094.jpg,BKL,HAM_0005404,lesion:HAM_0005404,test
ISIC_0028106,/kaggle/input/datasets/nodoubttome/skin-cancer9-classesisic/Skin cancer ISIC The International Skin Imaging Collaboration/Train/basal cell carcinoma/ISIC_0028106.jpg,BCC,HAM_0007428,lesion:HAM_0007428,test
ISIC_0028120,/kaggle/input/datasets/nodoubttome/skin-cancer9-classesisic/Skin cancer ISIC The International Skin Imaging Collaboration/Train/pigmented benign keratosis/ISIC_0028120.jpg,BKL,HAM_0001055,lesion:HAM_0001055,test
ISIC_0028122,/kaggle/input/datasets/nodoubttome/skin-cancer9-classesisic/Skin cancer ISIC The International Skin Imaging Collaboration/Train/basal cell carcinoma/ISIC_0028122.jpg,BCC,HAM_0004621,lesion:HAM_0004621,test
ISIC_0028132,/kaggle/input/datasets/nodoubttome/skin-cancer9-classesisic/Skin cancer ISIC The International Skin Imaging Collaboration/Train/squamous cell carcinoma/ISIC_0028132.jpg,SCC,HAM_0005413,lesion:HAM_0005413,test
ISIC_0028146,/kaggle/input/datasets/nodoubttome/skin-cancer9-classesisic/Skin cancer ISIC The International Skin Imaging Collaboration/Train/vascular lesion/ISIC_0028146.jpg,VASC,HAM_0005471,lesion:HAM_0005471,test
ISIC_0028158,/kaggle/input/datasets/nodoubttome/skin-cancer9-classesisic/Skin cancer ISIC The International Skin Imaging Collaboration/Train/squamous cell carcinoma/ISIC_0028158.jpg,SCC,HAM_0002343,lesion:HAM_0002343,test
ISIC_0028168,/kaggle/input/datasets/nodoubttome/skin-cancer9-classesisic/Skin cancer ISIC The International Skin Imaging Collaboration/Train/basal cell carcinoma/ISIC_0028168.jpg,BCC,HAM_0005371,lesion:HAM_0005371,test
ISIC_0028180,/kaggle/input/datasets/nodoubttome/skin-cancer9-classesisic/Skin cancer ISIC The International Skin Imaging Collaboration/Train/pigmented benign keratosis/ISIC_0028180.jpg,BKL,HAM_0007500,lesion:HAM_0007500,test
ISIC_0028188,/kaggle/input/datasets/nodoubttome/skin-cancer9-classesisic/Skin cancer ISIC The International Skin Imaging Collaboration/Train/vascular lesion/ISIC_0028188.jpg,VASC,HAM_0004877,lesion:HAM_0004877,test
ISIC_0028197,/kaggle/input/datasets/nodoubttome/skin-cancer9-classesisic/Skin cancer ISIC The International Skin Imaging Collaboration/Train/basal cell carcinoma/ISIC_0028197.jpg,BCC,HAM_0004711,lesion:HAM_0004711,test
ISIC_0028233,/kaggle/input/datasets/nodoubttome/skin-cancer9-classesisic/Skin cancer ISIC The International Skin Imaging Collaboration/Train/pigmented benign keratosis/ISIC_0028233.jpg,BKL,HAM_0002392,lesion:HAM_0002392,test
ISIC_0028258,/kaggle/input/datasets/nodoubttome/skin-cancer9-classesisic/Skin cancer ISIC The International Skin Imaging Collaboration/Train/pigmented benign keratosis/ISIC_0028258.jpg,BKL,HAM_0002757,lesion:HAM_0002757,test
ISIC_0028309,/kaggle/input/datasets/nodoubttome/skin-cancer9-classesisic/Skin cancer ISIC The International Skin Imaging Collaboration/Train/pigmented benign keratosis/ISIC_0028309.jpg,BKL,HAM_0006770,lesion:HAM_0006770,test
ISIC_0028346,/kaggle/input/datasets/nodoubttome/skin-cancer9-classesisic/Skin cancer ISIC The International Skin Imaging Collaboration/Train/dermatofibroma/ISIC_0028346.jpg,DF,HAM_0005861,lesion:HAM_0005861,test
ISIC_0028388,/kaggle/input/datasets/nodoubttome/skin-cancer9-classesisic/Skin cancer ISIC The International Skin Imaging Collaboration/Train/pigmented benign keratosis/ISIC_0028388.jpg,BKL,HAM_0005672,lesion:HAM_0005672,test
ISIC_0028419,/kaggle/input/datasets/nodoubttome/skin-cancer9-classesisic/Skin cancer ISIC The International Skin Imaging Collaboration/Train/basal cell carcinoma/ISIC_0028419.jpg,BCC,HAM_0003941,lesion:HAM_0003941,test
ISIC_0028431,/kaggle/input/datasets/nodoubttome/skin-cancer9-classesisic/Skin cancer ISIC The International Skin Imaging Collaboration/Train/vascular lesion/ISIC_0028431.jpg,VASC,HAM_0004653,lesion:HAM_0004653,test
ISIC_0028451,/kaggle/input/datasets/nodoubttome/skin-cancer9-classesisic/Skin cancer ISIC The International Skin Imaging Collaboration/Train/pigmented benign keratosis/ISIC_0028451.jpg,BKL,HAM_0004338,lesion:HAM_0004338,test
ISIC_0028503,/kaggle/input/datasets/nodoubttome/skin-cancer9-classesisic/Skin cancer ISIC The International Skin Imaging Collaboration/Train/pigmented benign keratosis/ISIC_0028503.jpg,BKL,HAM_0003726,lesion:HAM_0003726,test
ISIC_0028615,/kaggle/input/datasets/nodoubttome/skin-cancer9-classesisic/Skin cancer ISIC The International Skin Imaging Collaboration/Train/pigmented benign keratosis/ISIC_0028615.jpg,BKL,HAM_0007590,lesion:HAM_0007590,test
ISIC_0028622,/kaggle/input/datasets/nodoubttome/skin-cancer9-classesisic/Skin cancer ISIC The International Skin Imaging Collaboration/Train/pigmented benign keratosis/ISIC_0028622.jpg,BKL,HAM_0000083,lesion:HAM_0000083,test
ISIC_0028640,/kaggle/input/datasets/nodoubttome/skin-cancer9-classesisic/Skin cancer ISIC The International Skin Imaging Collaboration/Train/pigmented benign keratosis/ISIC_0028640.jpg,BKL,HAM_0005913,lesion:HAM_0005913,test
ISIC_0028671,/kaggle/input/datasets/nodoubttome/skin-cancer9-classesisic/Skin cancer ISIC The International Skin Imaging Collaboration/Train/basal cell carcinoma/ISIC_0028671.jpg,BCC,HAM_0001713,lesion:HAM_0001713,test
ISIC_0028687,/kaggle/input/datasets/nodoubttome/skin-cancer9-classesisic/Skin cancer ISIC The International Skin Imaging Collaboration/Train/basal cell carcinoma/ISIC_0028687.jpg,BCC,HAM_0003444,lesion:HAM_0003444,test
ISIC_0028730,/kaggle/input/datasets/nodoubttome/skin-cancer9-classesisic/Skin cancer ISIC The International Skin Imaging Collaboration/Train/squamous cell carcinoma/ISIC_0028730.jpg,SCC,HAM_0005282,lesion:HAM_0005282,test
ISIC_0028735,/kaggle/input/datasets/nodoubttome/skin-cancer9-classesisic/Skin cancer ISIC The International Skin Imaging Collaboration/Train/dermatofibroma/ISIC_0028735.jpg,DF,HAM_0005663,lesion:HAM_0005663,test
ISIC_0028765,/kaggle/input/datasets/nodoubttome/skin-cancer9-classesisic/Skin cancer ISIC The International Skin Imaging Collaboration/Train/basal cell carcinoma/ISIC_0028765.jpg,BCC,HAM_0004511,lesion:HAM_0004511,test
ISIC_0028877,/kaggle/input/datasets/nodoubttome/skin-cancer9-classesisic/Skin cancer ISIC The International Skin Imaging Collaboration/Train/basal cell carcinoma/ISIC_0028877.jpg,BCC,HAM_0003764,lesion:HAM_0003764,test
ISIC_0028989,/kaggle/input/datasets/nodoubttome/skin-cancer9-classesisic/Skin cancer ISIC The International Skin Imaging Collaboration/Train/basal cell carcinoma/ISIC_0028989.jpg,BCC,HAM_0004487,lesion:HAM_0004487,test
ISIC_0029020,/kaggle/input/datasets/nodoubttome/skin-cancer9-classesisic/Skin cancer ISIC The International Skin Imaging Collaboration/Train/basal cell carcinoma/ISIC_0029020.jpg,BCC,HAM_0004873,lesion:HAM_0004873,test
ISIC_0029034,/kaggle/input/datasets/nodoubttome/skin-cancer9-classesisic/Skin cancer ISIC The International Skin Imaging Collaboration/Train/basal cell carcinoma/ISIC_0029034.jpg,BCC,HAM_0005921,lesion:HAM_0005921,test
ISIC_0029041,/kaggle/input/datasets/nodoubttome/skin-cancer9-classesisic/Skin cancer ISIC The International Skin Imaging Collaboration/Train/actinic keratosis/ISIC_0029041.jpg,AK,HAM_0006898,lesion:HAM_0006898,test
ISIC_0029053,/kaggle/input/datasets/nodoubttome/skin-cancer9-classesisic/Skin cancer ISIC The International Skin Imaging Collaboration/Train/basal cell carcinoma/ISIC_0029053.jpg,BCC,HAM_0002812,lesion:HAM_0002812,test
ISIC_0029123,/kaggle/input/datasets/nodoubttome/skin-cancer9-classesisic/Skin cancer ISIC The International Skin Imaging Collaboration/Train/basal cell carcinoma/ISIC_0029123.jpg,BCC,HAM_0000451,lesion:HAM_0000451,test
ISIC_0029192,/kaggle/input/datasets/nodoubttome/skin-cancer9-classesisic/Skin cancer ISIC The International Skin Imaging Collaboration/Train/basal cell carcinoma/ISIC_0029192.jpg,BCC,HAM_0002397,lesion:HAM_0002397,test
ISIC_0029248,/kaggle/input/datasets/nodoubttome/skin-cancer9-classesisic/Skin cancer ISIC The International Skin Imaging Collaboration/Train/dermatofibroma/ISIC_0029248.jpg,DF,HAM_0004756,lesion:HAM_0004756,test
ISIC_0029331,/kaggle/input/datasets/nodoubttome/skin-cancer9-classesisic/Skin cancer ISIC The International Skin Imaging Collaboration/Train/basal cell carcinoma/ISIC_0029331.jpg,BCC,HAM_0002069,lesion:HAM_0002069,test
ISIC_0029362,/kaggle/input/datasets/nodoubttome/skin-cancer9-classesisic/Skin cancer ISIC The International Skin Imaging Collaboration/Train/squamous cell carcinoma/ISIC_0029362.jpg,SCC,HAM_0005413,lesion:HAM_0005413,test
ISIC_0029372,/kaggle/input/datasets/nodoubttome/skin-cancer9-classesisic/Skin cancer ISIC The International Skin Imaging Collaboration/Train/basal cell carcinoma/ISIC_0029372.jpg,BCC,HAM_0000451,lesion:HAM_0000451,test
ISIC_0029391,/kaggle/input/datasets/nodoubttome/skin-cancer9-classesisic/Skin cancer ISIC The International Skin Imaging Collaboration/Train/basal cell carcinoma/ISIC_0029391.jpg,BCC,HAM_0006575,lesion:HAM_0006575,test
ISIC_0029460,/kaggle/input/datasets/nodoubttome/skin-cancer9-classesisic/Skin cancer ISIC The International Skin Imaging Collaboration/Train/actinic keratosis/ISIC_0029460.jpg,AK,HAM_0000545,lesion:HAM_0000545,test
ISIC_0029486,/kaggle/input/datasets/nodoubttome/skin-cancer9-classesisic/Skin cancer ISIC The International Skin Imaging Collaboration/Train/vascular lesion/ISIC_0029486.jpg,VASC,HAM_0001920,lesion:HAM_0001920,test
ISIC_0029524,/kaggle/input/datasets/nodoubttome/skin-cancer9-classesisic/Skin cancer ISIC The International Skin Imaging Collaboration/Train/basal cell carcinoma/ISIC_0029524.jpg,BCC,HAM_0003191,lesion:HAM_0003191,test
ISIC_0029567,/kaggle/input/datasets/nodoubttome/skin-cancer9-classesisic/Skin cancer ISIC The International Skin Imaging Collaboration/Train/squamous cell carcinoma/ISIC_0029567.jpg,SCC,HAM_0000954,lesion:HAM_0000954,test
ISIC_0029602,/kaggle/input/datasets/nodoubttome/skin-cancer9-classesisic/Skin cancer ISIC The International Skin Imaging Collaboration/Train/basal cell carcinoma/ISIC_0029602.jpg,BCC,HAM_0003991,lesion:HAM_0003991,test
ISIC_0029608,/kaggle/input/datasets/nodoubttome/skin-cancer9-classesisic/Skin cancer ISIC The International Skin Imaging Collaboration/Train/vascular lesion/ISIC_0029608.jpg,VASC,HAM_0000502,lesion:HAM_0000502,test
ISIC_0029647,/kaggle/input/datasets/nodoubttome/skin-cancer9-classesisic/Skin cancer ISIC The International Skin Imaging Collaboration/Train/basal cell carcinoma/ISIC_0029647.jpg,BCC,HAM_0003094,lesion:HAM_0003094,test
ISIC_0029680,/kaggle/input/datasets/nodoubttome/skin-cancer9-classesisic/Skin cancer ISIC The International Skin Imaging Collaboration/Train/basal cell carcinoma/ISIC_0029680.jpg,BCC,HAM_0001237,lesion:HAM_0001237,test
ISIC_0029745,/kaggle/input/datasets/nodoubttome/skin-cancer9-classesisic/Skin cancer ISIC The International Skin Imaging Collaboration/Train/basal cell carcinoma/ISIC_0029745.jpg,BCC,HAM_0003941,lesion:HAM_0003941,test
ISIC_0029747,/kaggle/input/datasets/nodoubttome/skin-cancer9-classesisic/Skin cancer ISIC The International Skin Imaging Collaboration/Train/basal cell carcinoma/ISIC_0029747.jpg,BCC,HAM_0006800,lesion:HAM_0006800,test
ISIC_0029831,/kaggle/input/datasets/nodoubttome/skin-cancer9-classesisic/Skin cancer ISIC The International Skin Imaging Collaboration/Train/basal cell carcinoma/ISIC_0029831.jpg,BCC,HAM_0004711,lesion:HAM_0004711,test
ISIC_0029889,/kaggle/input/datasets/nodoubttome/skin-cancer9-classesisic/Skin cancer ISIC The International Skin Imaging Collaboration/Train/vascular lesion/ISIC_0029889.jpg,VASC,HAM_0006324,lesion:HAM_0006324,test
ISIC_0029919,/kaggle/input/datasets/nodoubttome/skin-cancer9-classesisic/Skin cancer ISIC The International Skin Imaging Collaboration/Train/basal cell carcinoma/ISIC_0029919.jpg,BCC,HAM_0005721,lesion:HAM_0005721,test
ISIC_0029973,/kaggle/input/datasets/nodoubttome/skin-cancer9-classesisic/Skin cancer ISIC The International Skin Imaging Collaboration/Train/dermatofibroma/ISIC_0029973.jpg,DF,HAM_0002045,lesion:HAM_0002045,test
ISIC_0030076,/kaggle/input/datasets/nodoubttome/skin-cancer9-classesisic/Skin cancer ISIC The International Skin Imaging Collaboration/Train/squamous cell carcinoma/ISIC_0030076.jpg,SCC,HAM_0007085,lesion:HAM_0007085,test
ISIC_0030096,/kaggle/input/datasets/nodoubttome/skin-cancer9-classesisic/Skin cancer ISIC The International Skin Imaging Collaboration/Train/basal cell carcinoma/ISIC_0030096.jpg,BCC,HAM_0003669,lesion:HAM_0003669,test
ISIC_0030133,/kaggle/input/datasets/nodoubttome/skin-cancer9-classesisic/Skin cancer ISIC The International Skin Imaging Collaboration/Train/actinic keratosis/ISIC_0030133.jpg,AK,HAM_0001152,lesion:HAM_0001152,test
ISIC_0030138,/kaggle/input/datasets/nodoubttome/skin-cancer9-classesisic/Skin cancer ISIC The International Skin Imaging Collaboration/Train/basal cell carcinoma/ISIC_0030138.jpg,BCC,HAM_0006111,lesion:HAM_0006111,test
ISIC_0030158,/kaggle/input/datasets/nodoubttome/skin-cancer9-classesisic/Skin cancer ISIC The International Skin Imaging Collaboration/Train/squamous cell carcinoma/ISIC_0030158.jpg,SCC,HAM_0005255,lesion:HAM_0005255,test
ISIC_0030175,/kaggle/input/datasets/nodoubttome/skin-cancer9-classesisic/Skin cancer ISIC The International Skin Imaging Collaboration/Train/squamous cell carcinoma/ISIC_0030175.jpg,SCC,HAM_0003051,lesion:HAM_0003051,test
ISIC_0030177,/kaggle/input/datasets/nodoubttome/skin-cancer9-classesisic/Skin cancer ISIC The International Skin Imaging Collaboration/Train/basal cell carcinoma/ISIC_0030177.jpg,BCC,HAM_0000463,lesion:HAM_0000463,test
ISIC_0030230,/kaggle/input/datasets/nodoubttome/skin-cancer9-classesisic/Skin cancer ISIC The International Skin Imaging Collaboration/Train/basal cell carcinoma/ISIC_0030230.jpg,BCC,HAM_0007588,lesion:HAM_0007588,test
ISIC_0030242,/kaggle/input/datasets/nodoubttome/skin-cancer9-classesisic/Skin cancer ISIC The International Skin Imaging Collaboration/Train/actinic keratosis/ISIC_0030242.jpg,AK,HAM_0006898,lesion:HAM_0006898,test
ISIC_0030249,/kaggle/input/datasets/nodoubttome/skin-cancer9-classesisic/Skin cancer ISIC The International Skin Imaging Collaboration/Train/basal cell carcinoma/ISIC_0030249.jpg,BCC,HAM_0003444,lesion:HAM_0003444,test
ISIC_0030297,/kaggle/input/datasets/nodoubttome/skin-cancer9-classesisic/Skin cancer ISIC The International Skin Imaging Collaboration/Train/squamous cell carcinoma/ISIC_0030297.jpg,SCC,HAM_0001621,lesion:HAM_0001621,test
ISIC_0030339,/kaggle/input/datasets/nodoubttome/skin-cancer9-classesisic/Skin cancer ISIC The International Skin Imaging Collaboration/Train/basal cell carcinoma/ISIC_0030339.jpg,BCC,HAM_0000915,lesion:HAM_0000915,test
ISIC_0030349,/kaggle/input/datasets/nodoubttome/skin-cancer9-classesisic/Skin cancer ISIC The International Skin Imaging Collaboration/Train/basal cell carcinoma/ISIC_0030349.jpg,BCC,HAM_0006572,lesion:HAM_0006572,test
ISIC_0030442,/kaggle/input/datasets/nodoubttome/skin-cancer9-classesisic/Skin cancer ISIC The International Skin Imaging Collaboration/Train/dermatofibroma/ISIC_0030442.jpg,DF,HAM_0004756,lesion:HAM_0004756,test
ISIC_0030452,/kaggle/input/datasets/nodoubttome/skin-cancer9-classesisic/Skin cancer ISIC The International Skin Imaging Collaboration/Train/basal cell carcinoma/ISIC_0030452.jpg,BCC,HAM_0004235,lesion:HAM_0004235,test
ISIC_0030463,/kaggle/input/datasets/nodoubttome/skin-cancer9-classesisic/Skin cancer ISIC The International Skin Imaging Collaboration/Train/actinic keratosis/ISIC_0030463.jpg,AK,HAM_0004655,lesion:HAM_0004655,test
ISIC_0030549,/kaggle/input/datasets/nodoubttome/skin-cancer9-classesisic/Skin cancer ISIC The International Skin Imaging Collaboration/Train/squamous cell carcinoma/ISIC_0030549.jpg,SCC,HAM_0002094,lesion:HAM_0002094,test
ISIC_0030586,/kaggle/input/datasets/nodoubttome/skin-cancer9-classesisic/Skin cancer ISIC The International Skin Imaging Collaboration/Train/actinic keratosis/ISIC_0030586.jpg,AK,HAM_0006875,lesion:HAM_0006875,test
ISIC_0030606,/kaggle/input/datasets/nodoubttome/skin-cancer9-classesisic/Skin cancer ISIC The International Skin Imaging Collaboration/Train/vascular lesion/ISIC_0030606.jpg,VASC,HAM_0002610,lesion:HAM_0002610,test
ISIC_0030722,/kaggle/input/datasets/nodoubttome/skin-cancer9-classesisic/Skin cancer ISIC The International Skin Imaging Collaboration/Train/vascular lesion/ISIC_0030722.jpg,VASC,HAM_0004820,lesion:HAM_0004820,test
ISIC_0030737,/kaggle/input/datasets/nodoubttome/skin-cancer9-classesisic/Skin cancer ISIC The International Skin Imaging Collaboration/Train/basal cell carcinoma/ISIC_0030737.jpg,BCC,HAM_0003119,lesion:HAM_0003119,test
ISIC_0030746,/kaggle/input/datasets/nodoubttome/skin-cancer9-classesisic/Skin cancer ISIC The International Skin Imaging Collaboration/Train/basal cell carcinoma/ISIC_0030746.jpg,BCC,HAM_0004621,lesion:HAM_0004621,test
ISIC_0030766,/kaggle/input/datasets/nodoubttome/skin-cancer9-classesisic/Skin cancer ISIC The International Skin Imaging Collaboration/Train/basal cell carcinoma/ISIC_0030766.jpg,BCC,HAM_0006351,lesion:HAM_0006351,test
ISIC_0030770,/kaggle/input/datasets/nodoubttome/skin-cancer9-classesisic/Skin cancer ISIC The International Skin Imaging Collaboration/Train/vascular lesion/ISIC_0030770.jpg,VASC,HAM_0002538,lesion:HAM_0002538,test
ISIC_0030778,/kaggle/input/datasets/nodoubttome/skin-cancer9-classesisic/Skin cancer ISIC The International Skin Imaging Collaboration/Train/basal cell carcinoma/ISIC_0030778.jpg,BCC,HAM_0006800,lesion:HAM_0006800,test
ISIC_0030782,/kaggle/input/datasets/nodoubttome/skin-cancer9-classesisic/Skin cancer ISIC The International Skin Imaging Collaboration/Train/basal cell carcinoma/ISIC_0030782.jpg,BCC,HAM_0000451,lesion:HAM_0000451,test
ISIC_0030800,/kaggle/input/datasets/nodoubttome/skin-cancer9-classesisic/Skin cancer ISIC The International Skin Imaging Collaboration/Train/basal cell carcinoma/ISIC_0030800.jpg,BCC,HAM_0005921,lesion:HAM_0005921,test
ISIC_0030877,/kaggle/input/datasets/nodoubttome/skin-cancer9-classesisic/Skin cancer ISIC The International Skin Imaging Collaboration/Train/actinic keratosis/ISIC_0030877.jpg,AK,HAM_0000193,lesion:HAM_0000193,test
ISIC_0030893,/kaggle/input/datasets/nodoubttome/skin-cancer9-classesisic/Skin cancer ISIC The International Skin Imaging Collaboration/Train/basal cell carcinoma/ISIC_0030893.jpg,BCC,HAM_0002467,lesion:HAM_0002467,test
ISIC_0030986,/kaggle/input/datasets/nodoubttome/skin-cancer9-classesisic/Skin cancer ISIC The International Skin Imaging Collaboration/Train/squamous cell carcinoma/ISIC_0030986.jpg,SCC,HAM_0004439,lesion:HAM_0004439,test
ISIC_0030991,/kaggle/input/datasets/nodoubttome/skin-cancer9-classesisic/Skin cancer ISIC The International Skin Imaging Collaboration/Train/squamous cell carcinoma/ISIC_0030991.jpg,SCC,HAM_0001453,lesion:HAM_0001453,test
ISIC_0031040,/kaggle/input/datasets/nodoubttome/skin-cancer9-classesisic/Skin cancer ISIC The International Skin Imaging Collaboration/Train/actinic keratosis/ISIC_0031040.jpg,AK,HAM_0006898,lesion:HAM_0006898,test
ISIC_0031062,/kaggle/input/datasets/nodoubttome/skin-cancer9-classesisic/Skin cancer ISIC The International Skin Imaging Collaboration/Train/basal cell carcinoma/ISIC_0031062.jpg,BCC,HAM_0001183,lesion:HAM_0001183,test
ISIC_0031063,/kaggle/input/datasets/nodoubttome/skin-cancer9-classesisic/Skin cancer ISIC The International Skin Imaging Collaboration/Train/basal cell carcinoma/ISIC_0031063.jpg,BCC,HAM_0003764,lesion:HAM_0003764,test
ISIC_0031093,/kaggle/input/datasets/nodoubttome/skin-cancer9-classesisic/Skin cancer ISIC The International Skin Imaging Collaboration/Train/vascular lesion/ISIC_0031093.jpg,VASC,HAM_0000502,lesion:HAM_0000502,test
ISIC_0031095,/kaggle/input/datasets/nodoubttome/skin-cancer9-classesisic/Skin cancer ISIC The International Skin Imaging Collaboration/Train/basal cell carcinoma/ISIC_0031095.jpg,BCC,HAM_0005798,lesion:HAM_0005798,test
ISIC_0031154,/kaggle/input/datasets/nodoubttome/skin-cancer9-classesisic/Skin cancer ISIC The International Skin Imaging Collaboration/Train/basal cell carcinoma/ISIC_0031154.jpg,BCC,HAM_0005371,lesion:HAM_0005371,test
ISIC_0031198,/kaggle/input/datasets/nodoubttome/skin-cancer9-classesisic/Skin cancer ISIC The International Skin Imaging Collaboration/Train/squamous cell carcinoma/ISIC_0031198.jpg,SCC,HAM_0003422,lesion:HAM_0003422,test
ISIC_0031201,/kaggle/input/datasets/nodoubttome/skin-cancer9-classesisic/Skin cancer ISIC The International Skin Imaging Collaboration/Train/vascular lesion/ISIC_0031201.jpg,VASC,HAM_0004549,lesion:HAM_0004549,test
ISIC_0031228,/kaggle/input/datasets/nodoubttome/skin-cancer9-classesisic/Skin cancer ISIC The International Skin Imaging Collaboration/Train/actinic keratosis/ISIC_0031228.jpg,AK,HAM_0006524,lesion:HAM_0006524,test
ISIC_0031276,/kaggle/input/datasets/nodoubttome/skin-cancer9-classesisic/Skin cancer ISIC The International Skin Imaging Collaboration/Train/vascular lesion/ISIC_0031276.jpg,VASC,HAM_0006447,lesion:HAM_0006447,test
ISIC_0031284,/kaggle/input/datasets/nodoubttome/skin-cancer9-classesisic/Skin cancer ISIC The International Skin Imaging Collaboration/Train/basal cell carcinoma/ISIC_0031284.jpg,BCC,HAM_0002717,lesion:HAM_0002717,test
ISIC_0031344,/kaggle/input/datasets/nodoubttome/skin-cancer9-classesisic/Skin cancer ISIC The International Skin Imaging Collaboration/Train/dermatofibroma/ISIC_0031344.jpg,DF,HAM_0005861,lesion:HAM_0005861,test
ISIC_0031346,/kaggle/input/datasets/nodoubttome/skin-cancer9-classesisic/Skin cancer ISIC The International Skin Imaging Collaboration/Train/vascular lesion/ISIC_0031346.jpg,VASC,HAM_0001566,lesion:HAM_0001566,test
ISIC_0031429,/kaggle/input/datasets/nodoubttome/skin-cancer9-classesisic/Skin cancer ISIC The International Skin Imaging Collaboration/Train/dermatofibroma/ISIC_0031429.jpg,DF,HAM_0007225,lesion:HAM_0007225,test
ISIC_0031431,/kaggle/input/datasets/nodoubttome/skin-cancer9-classesisic/Skin cancer ISIC The International Skin Imaging Collaboration/Train/squamous cell carcinoma/ISIC_0031431.jpg,SCC,HAM_0004439,lesion:HAM_0004439,test
ISIC_0031526,/kaggle/input/datasets/nodoubttome/skin-cancer9-classesisic/Skin cancer ISIC The International Skin Imaging Collaboration/Train/basal cell carcinoma/ISIC_0031526.jpg,BCC,HAM_0007588,lesion:HAM_0007588,test
ISIC_0031531,/kaggle/input/datasets/nodoubttome/skin-cancer9-classesisic/Skin cancer ISIC The International Skin Imaging Collaboration/Train/basal cell carcinoma/ISIC_0031531.jpg,BCC,HAM_0001215,lesion:HAM_0001215,test
ISIC_0031539,/kaggle/input/datasets/nodoubttome/skin-cancer9-classesisic/Skin cancer ISIC The International Skin Imaging Collaboration/Train/basal cell carcinoma/ISIC_0031539.jpg,BCC,HAM_0005302,lesion:HAM_0005302,test
ISIC_0031648,/kaggle/input/datasets/nodoubttome/skin-cancer9-classesisic/Skin cancer ISIC The International Skin Imaging Collaboration/Train/vascular lesion/ISIC_0031648.jpg,VASC,HAM_0005989,lesion:HAM_0005989,test
ISIC_0031672,/kaggle/input/datasets/nodoubttome/skin-cancer9-classesisic/Skin cancer ISIC The International Skin Imaging Collaboration/Train/squamous cell carcinoma/ISIC_0031672.jpg,SCC,HAM_0004439,lesion:HAM_0004439,test
ISIC_0031799,/kaggle/input/datasets/nodoubttome/skin-cancer9-classesisic/Skin cancer ISIC The International Skin Imaging Collaboration/Train/dermatofibroma/ISIC_0031799.jpg,DF,HAM_0003348,lesion:HAM_0003348,test
ISIC_0031901,/kaggle/input/datasets/nodoubttome/skin-cancer9-classesisic/Skin cancer ISIC The International Skin Imaging Collaboration/Train/vascular lesion/ISIC_0031901.jpg,VASC,HAM_0001920,lesion:HAM_0001920,test
ISIC_0031918,/kaggle/input/datasets/nodoubttome/skin-cancer9-classesisic/Skin cancer ISIC The International Skin Imaging Collaboration/Train/squamous cell carcinoma/ISIC_0031918.jpg,SCC,HAM_0003141,lesion:HAM_0003141,test
ISIC_0032076,/kaggle/input/datasets/nodoubttome/skin-cancer9-classesisic/Skin cancer ISIC The International Skin Imaging Collaboration/Train/vascular lesion/ISIC_0032076.jpg,VASC,HAM_0005155,lesion:HAM_0005155,test
ISIC_0032173,/kaggle/input/datasets/nodoubttome/skin-cancer9-classesisic/Skin cancer ISIC The International Skin Imaging Collaboration/Train/squamous cell carcinoma/ISIC_0032173.jpg,SCC,HAM_0001694,lesion:HAM_0001694,test
ISIC_0032240,/kaggle/input/datasets/nodoubttome/skin-cancer9-classesisic/Skin cancer ISIC The International Skin Imaging Collaboration/Train/vascular lesion/ISIC_0032240.jpg,VASC,HAM_0002538,lesion:HAM_0002538,test
ISIC_0032247,/kaggle/input/datasets/nodoubttome/skin-cancer9-classesisic/Skin cancer ISIC The International Skin Imaging Collaboration/Train/dermatofibroma/ISIC_0032247.jpg,DF,HAM_0007225,lesion:HAM_0007225,test
ISIC_0032455,/kaggle/input/datasets/nodoubttome/skin-cancer9-classesisic/Skin cancer ISIC The International Skin Imaging Collaboration/Train/squamous cell carcinoma/ISIC_0032455.jpg,SCC,HAM_0001337,lesion:HAM_0001337,test
ISIC_0032613,/kaggle/input/datasets/nodoubttome/skin-cancer9-classesisic/Skin cancer ISIC The International Skin Imaging Collaboration/Train/dermatofibroma/ISIC_0032613.jpg,DF,HAM_0005584,lesion:HAM_0005584,test
ISIC_0032854,/kaggle/input/datasets/nodoubttome/skin-cancer9-classesisic/Skin cancer ISIC The International Skin Imaging Collaboration/Train/actinic keratosis/ISIC_0032854.jpg,AK,HAM_0000239,lesion:HAM_0000239,test
ISIC_0032897,/kaggle/input/datasets/nodoubttome/skin-cancer9-classesisic/Skin cancer ISIC The International Skin Imaging Collaboration/Train/squamous cell carcinoma/ISIC_0032897.jpg,SCC,HAM_0000462,lesion:HAM_0000462,test
ISIC_0032941,/kaggle/input/datasets/nodoubttome/skin-cancer9-classesisic/Skin cancer ISIC The International Skin Imaging Collaboration/Train/dermatofibroma/ISIC_0032941.jpg,DF,HAM_0001785,lesion:HAM_0001785,test
ISIC_0033123,/kaggle/input/datasets/nodoubttome/skin-cancer9-classesisic/Skin cancer ISIC The International Skin Imaging Collaboration/Train/vascular lesion/ISIC_0033123.jpg,VASC,HAM_0005989,lesion:HAM_0005989,test
ISIC_0033554,/kaggle/input/datasets/nodoubttome/skin-cancer9-classesisic/Skin cancer ISIC The International Skin Imaging Collaboration/Train/dermatofibroma/ISIC_0033554.jpg,DF,HAM_0007396,lesion:HAM_0007396,test
ISIC_0033565,/kaggle/input/datasets/nodoubttome/skin-cancer9-classesisic/Skin cancer ISIC The International Skin Imaging Collaboration/Train/vascular lesion/ISIC_0033565.jpg,VASC,HAM_0005989,lesion:HAM_0005989,test
ISIC_0033626,/kaggle/input/datasets/nodoubttome/skin-cancer9-classesisic/Skin cancer ISIC The International Skin Imaging Collaboration/Train/dermatofibroma/ISIC_0033626.jpg,DF,HAM_0006371,lesion:HAM_0006371,test
ISIC_0033749,/kaggle/input/datasets/nodoubttome/skin-cancer9-classesisic/Skin cancer ISIC The International Skin Imaging Collaboration/Train/vascular lesion/ISIC_0033749.jpg,VASC,HAM_0001852,lesion:HAM_0001852,test
ISIC_0033780,/kaggle/input/datasets/nodoubttome/skin-cancer9-classesisic/Skin cancer ISIC The International Skin Imaging Collaboration/Train/dermatofibroma/ISIC_0033780.jpg,DF,HAM_0006371,lesion:HAM_0006371,test
ISIC_0033810,/kaggle/input/datasets/nodoubttome/skin-cancer9-classesisic/Skin cancer ISIC The International Skin Imaging Collaboration/Train/dermatofibroma/ISIC_0033810.jpg,DF,HAM_0007396,lesion:HAM_0007396,test
ISIC_0033866,/kaggle/input/datasets/nodoubttome/skin-cancer9-classesisic/Skin cancer ISIC The International Skin Imaging Collaboration/Train/actinic keratosis/ISIC_0033866.jpg,AK,HAM_0000239,lesion:HAM_0000239,test
ISIC_0033869,/kaggle/input/datasets/nodoubttome/skin-cancer9-classesisic/Skin cancer ISIC The International Skin Imaging Collaboration/Train/squamous cell carcinoma/ISIC_0033869.jpg,SCC,HAM_0000462,lesion:HAM_0000462,test
ISIC_0033891,/kaggle/input/datasets/nodoubttome/skin-cancer9-classesisic/Skin cancer ISIC The International Skin Imaging Collaboration/Train/dermatofibroma/ISIC_0033891.jpg,DF,HAM_0007396,lesion:HAM_0007396,test
ISIC_0034135,/kaggle/input/datasets/nodoubttome/skin-cancer9-classesisic/Skin cancer ISIC The International Skin Imaging Collaboration/Train/dermatofibroma/ISIC_0034135.jpg,DF,HAM_0006371,lesion:HAM_0006371,test
ISIC_0034196,/kaggle/input/datasets/nodoubttome/skin-cancer9-classesisic/Skin cancer ISIC The International Skin Imaging Collaboration/Train/vascular lesion/ISIC_0034196.jpg,VASC,HAM_0001852,lesion:HAM_0001852,test
